[0;93m2026-05-03 01:28:44.721903 [W:onnxruntime:, graph.cc:109 MergeShapeInfo] Error merging shape info for output. 'output' source:{} target:{-1}. Falling back to lenient merge.[m
Scoring 800 cases...
[0;93m2026-05-03 01:28:45.692799 [W:onnxruntime:, execution_frame.cc:870 VerifyOutputSizes] Expected shape from model of {} does not match actual shape of {2} for output output[m
[0;93m2026-05-03 01:28:45.715317 [W:onnxruntime:, execution_frame.cc:870 VerifyOutputSizes] Expected shape from model of {} does not match actual shape of {2} for output output[m
[0;93m2026-05-03 01:28:45.741105 [W:onnxruntime:, execution_frame.cc:870 VerifyOutputSizes] Expected shape from model of {} does not match actual shape of {2} for output output[m
[0;93m2026-05-03 01:28:45.766362 [W:onnxruntime:, execution_frame.cc:870 VerifyOutputSizes] Expected shape from model of {} does not match actual shape of {2} for output output[m
[0;93m2026-05-03 01:28:45.791515 [W:onnxruntime:, execution_frame.cc:870 VerifyOutputSizes] Expected shape from model of {} does not match actual shape of {2} for output output[m
[0;93m2026-05-03 01:28:45.814146 [W:onnxruntime:, execution_frame.cc:870 VerifyOutputSizes] Expected shape from model of {} does not match actual shape of {2} for output output[m
[0;93m2026-05-03 01:28:45.837928 [W:onnxruntime:, execution_frame.cc:870 VerifyOutputSizes] Expected shape from model of {} does not match actual shape of {2} for output output[m
[0;93m2026-05-03 01:28:45.862790 [W:onnxruntime:, execution_frame.cc:870 VerifyOutputSizes] Expected shape from model of {} does not match actual shape of {2} for output output[m
[0;93m2026-05-03 01:28:45.887299 [W:onnxruntime:, execution_frame.cc:870 VerifyOutputSizes] Expected shape from model of {} does not match actual shape of {2} for output output[m
[0;93m2026-05-03 01:28:45.910279 [W:onnxruntime:, execution_frame.cc:870 VerifyOutputSizes] Expected shape from model of {} does not match actual shape of {2} for output output[m
[0;93m2026-05-03 01:28:45.951009 [W:onnxruntime:, execution_frame.cc:870 VerifyOutputSizes] Expected shape from model of {} does not match actual shape of {2} for output output[m
[0;93m2026-05-03 01:28:45.990681 [W:onnxruntime:, execution_frame.cc:870 VerifyOutputSizes] Expected shape from model of {} does not match actual shape of {2} for output output[m
[0;93m2026-05-03 01:28:46.031881 [W:onnxruntime:, execution_frame.cc:870 VerifyOutputSizes] Expected shape from model of {} does not match actual shape of {2} for output output[m
[0;93m2026-05-03 01:28:46.055810 [W:onnxruntime:, execution_frame.cc:870 VerifyOutputSizes] Expected shape from model of {} does not match actual shape of {2} for output output[m
[0;93m2026-05-03 01:28:46.080787 [W:onnxruntime:, execution_frame.cc:870 VerifyOutputSizes] Expected shape from model of {} does not match actual shape of {2} for output output[m
[0;93m2026-05-03 01:28:46.105494 [W:onnxruntime:, execution_frame.cc:870 VerifyOutputSizes] Expected shape from model of {} does not match actual shape of {2} for output output[m
[0;93m2026-05-03 01:28:46.143922 [W:onnxruntime:, execution_frame.cc:870 VerifyOutputSizes] Expected shape from model of {} does not match actual shape of {2} for output output[m
[0;93m2026-05-03 01:28:46.168276 [W:onnxruntime:, execution_frame.cc:870 VerifyOutputSizes] Expected shape from model of {} does not match actual shape of {2} for output output[m
[0;93m2026-05-03 01:28:46.205550 [W:onnxruntime:, execution_frame.cc:870 VerifyOutputSizes] Expected shape from model of {} does not match actual shape of {2} for output output[m
[0;93m2026-05-03 01:28:46.230054 [W:onnxruntime:, execution_frame.cc:870 VerifyOutputSizes] Expected shape from model of {} does not match actual shape of {2} for output output[m
[0;93m2026-05-03 01:28:46.254505 [W:onnxruntime:, execution_frame.cc:870 VerifyOutputSizes] Expected shape from model of {} does not match actual shape of {2} for output output[m
[0;93m2026-05-03 01:28:46.278282 [W:onnxruntime:, execution_frame.cc:870 VerifyOutputSizes] Expected shape from model of {} does not match actual shape of {2} for output output[m
[0;93m2026-05-03 01:28:46.303792 [W:onnxruntime:, execution_frame.cc:870 VerifyOutputSizes] Expected shape from model of {} does not match actual shape of {2} for output output[m
[0;93m2026-05-03 01:28:46.343120 [W:onnxruntime:, execution_frame.cc:870 VerifyOutputSizes] Expected shape from model of {} does not match actual shape of {2} for output output[m
[0;93m2026-05-03 01:28:46.365614 [W:onnxruntime:, execution_frame.cc:870 VerifyOutputSizes] Expected shape from model of {} does not match actual shape of {2} for output output[m
[0;93m2026-05-03 01:28:46.399793 [W:onnxruntime:, execution_frame.cc:870 VerifyOutputSizes] Expected shape from model of {} does not match actual shape of {2} for output output[m
[0;93m2026-05-03 01:28:46.438554 [W:onnxruntime:, execution_frame.cc:870 VerifyOutputSizes] Expected shape from model of {} does not match actual shape of {2} for output output[m
[0;93m2026-05-03 01:28:46.476838 [W:onnxruntime:, execution_frame.cc:870 VerifyOutputSizes] Expected shape from model of {} does not match actual shape of {2} for output output[m
[0;93m2026-05-03 01:28:46.512773 [W:onnxruntime:, execution_frame.cc:870 VerifyOutputSizes] Expected shape from model of {} does not match actual shape of {2} for output output[m
[0;93m2026-05-03 01:28:46.535427 [W:onnxruntime:, execution_frame.cc:870 VerifyOutputSizes] Expected shape from model of {} does not match actual shape of {2} for output output[m
[0;93m2026-05-03 01:28:46.557027 [W:onnxruntime:, execution_frame.cc:870 VerifyOutputSizes] Expected shape from model of {} does not match actual shape of {2} for output output[m
[0;93m2026-05-03 01:28:46.591640 [W:onnxruntime:, execution_frame.cc:870 VerifyOutputSizes] Expected shape from model of {} does not match actual shape of {2} for output output[m
[0;93m2026-05-03 01:28:46.614084 [W:onnxruntime:, execution_frame.cc:870 VerifyOutputSizes] Expected shape from model of {} does not match actual shape of {2} for output output[m
[0;93m2026-05-03 01:28:46.649998 [W:onnxruntime:, execution_frame.cc:870 VerifyOutputSizes] Expected shape from model of {} does not match actual shape of {2} for output output[m
[0;93m2026-05-03 01:28:46.672053 [W:onnxruntime:, execution_frame.cc:870 VerifyOutputSizes] Expected shape from model of {} does not match actual shape of {2} for output output[m
[0;93m2026-05-03 01:28:46.708485 [W:onnxruntime:, execution_frame.cc:870 VerifyOutputSizes] Expected shape from model of {} does not match actual shape of {2} for output output[m
[0;93m2026-05-03 01:28:46.730926 [W:onnxruntime:, execution_frame.cc:870 VerifyOutputSizes] Expected shape from model of {} does not match actual shape of {2} for output output[m
[0;93m2026-05-03 01:28:46.765910 [W:onnxruntime:, execution_frame.cc:870 VerifyOutputSizes] Expected shape from model of {} does not match actual shape of {2} for output output[m
[0;93m2026-05-03 01:28:46.790157 [W:onnxruntime:, execution_frame.cc:870 VerifyOutputSizes] Expected shape from model of {} does not match actual shape of {2} for output output[m
[0;93m2026-05-03 01:28:46.812557 [W:onnxruntime:, execution_frame.cc:870 VerifyOutputSizes] Expected shape from model of {} does not match actual shape of {2} for output output[m
[0;93m2026-05-03 01:28:46.834495 [W:onnxruntime:, execution_frame.cc:870 VerifyOutputSizes] Expected shape from model of {} does not match actual shape of {2} for output output[m
[0;93m2026-05-03 01:28:46.872842 [W:onnxruntime:, execution_frame.cc:870 VerifyOutputSizes] Expected shape from model of {} does not match actual shape of {2} for output output[m
[0;93m2026-05-03 01:28:46.911352 [W:onnxruntime:, execution_frame.cc:870 VerifyOutputSizes] Expected shape from model of {} does not match actual shape of {2} for output output[m
[0;93m2026-05-03 01:28:46.952318 [W:onnxruntime:, execution_frame.cc:870 VerifyOutputSizes] Expected shape from model of {} does not match actual shape of {2} for output output[m
[0;93m2026-05-03 01:28:46.976636 [W:onnxruntime:, execution_frame.cc:870 VerifyOutputSizes] Expected shape from model of {} does not match actual shape of {2} for output output[m
[0;93m2026-05-03 01:28:47.012776 [W:onnxruntime:, execution_frame.cc:870 VerifyOutputSizes] Expected shape from model of {} does not match actual shape of {2} for output output[m
[0;93m2026-05-03 01:28:47.036457 [W:onnxruntime:, execution_frame.cc:870 VerifyOutputSizes] Expected shape from model of {} does not match actual shape of {2} for output output[m
[0;93m2026-05-03 01:28:47.075399 [W:onnxruntime:, execution_frame.cc:870 VerifyOutputSizes] Expected shape from model of {} does not match actual shape of {2} for output output[m
[0;93m2026-05-03 01:28:47.101232 [W:onnxruntime:, execution_frame.cc:870 VerifyOutputSizes] Expected shape from model of {} does not match actual shape of {2} for output output[m
[0;93m2026-05-03 01:28:47.138569 [W:onnxruntime:, execution_frame.cc:870 VerifyOutputSizes] Expected shape from model of {} does not match actual shape of {2} for output output[m
  50/800
[0;93m2026-05-03 01:28:47.163449 [W:onnxruntime:, execution_frame.cc:870 VerifyOutputSizes] Expected shape from model of {} does not match actual shape of {2} for output output[m
[0;93m2026-05-03 01:28:47.185809 [W:onnxruntime:, execution_frame.cc:870 VerifyOutputSizes] Expected shape from model of {} does not match actual shape of {2} for output output[m
[0;93m2026-05-03 01:28:47.209163 [W:onnxruntime:, execution_frame.cc:870 VerifyOutputSizes] Expected shape from model of {} does not match actual shape of {2} for output output[m
[0;93m2026-05-03 01:28:47.263624 [W:onnxruntime:, execution_frame.cc:870 VerifyOutputSizes] Expected shape from model of {} does not match actual shape of {2} for output output[m
[0;93m2026-05-03 01:28:47.302423 [W:onnxruntime:, execution_frame.cc:870 VerifyOutputSizes] Expected shape from model of {} does not match actual shape of {2} for output output[m
[0;93m2026-05-03 01:28:47.326352 [W:onnxruntime:, execution_frame.cc:870 VerifyOutputSizes] Expected shape from model of {} does not match actual shape of {2} for output output[m
[0;93m2026-05-03 01:28:47.353290 [W:onnxruntime:, execution_frame.cc:870 VerifyOutputSizes] Expected shape from model of {} does not match actual shape of {2} for output output[m
[0;93m2026-05-03 01:28:47.378013 [W:onnxruntime:, execution_frame.cc:870 VerifyOutputSizes] Expected shape from model of {} does not match actual shape of {2} for output output[m
[0;93m2026-05-03 01:28:47.401431 [W:onnxruntime:, execution_frame.cc:870 VerifyOutputSizes] Expected shape from model of {} does not match actual shape of {2} for output output[m
[0;93m2026-05-03 01:28:47.441227 [W:onnxruntime:, execution_frame.cc:870 VerifyOutputSizes] Expected shape from model of {} does not match actual shape of {2} for output output[m
[0;93m2026-05-03 01:28:47.466556 [W:onnxruntime:, execution_frame.cc:870 VerifyOutputSizes] Expected shape from model of {} does not match actual shape of {2} for output output[m
[0;93m2026-05-03 01:28:47.505858 [W:onnxruntime:, execution_frame.cc:870 VerifyOutputSizes] Expected shape from model of {} does not match actual shape of {2} for output output[m
[0;93m2026-05-03 01:28:47.543151 [W:onnxruntime:, execution_frame.cc:870 VerifyOutputSizes] Expected shape from model of {} does not match actual shape of {2} for output output[m
[0;93m2026-05-03 01:28:47.568722 [W:onnxruntime:, execution_frame.cc:870 VerifyOutputSizes] Expected shape from model of {} does not match actual shape of {2} for output output[m
[0;93m2026-05-03 01:28:47.610744 [W:onnxruntime:, execution_frame.cc:870 VerifyOutputSizes] Expected shape from model of {} does not match actual shape of {2} for output output[m
[0;93m2026-05-03 01:28:47.653817 [W:onnxruntime:, execution_frame.cc:870 VerifyOutputSizes] Expected shape from model of {} does not match actual shape of {2} for output output[m
[0;93m2026-05-03 01:28:47.693060 [W:onnxruntime:, execution_frame.cc:870 VerifyOutputSizes] Expected shape from model of {} does not match actual shape of {2} for output output[m
[0;93m2026-05-03 01:28:47.735209 [W:onnxruntime:, execution_frame.cc:870 VerifyOutputSizes] Expected shape from model of {} does not match actual shape of {2} for output output[m
[0;93m2026-05-03 01:28:47.776121 [W:onnxruntime:, execution_frame.cc:870 VerifyOutputSizes] Expected shape from model of {} does not match actual shape of {2} for output output[m
[0;93m2026-05-03 01:28:47.818798 [W:onnxruntime:, execution_frame.cc:870 VerifyOutputSizes] Expected shape from model of {} does not match actual shape of {2} for output output[m
[0;93m2026-05-03 01:28:47.858581 [W:onnxruntime:, execution_frame.cc:870 VerifyOutputSizes] Expected shape from model of {} does not match actual shape of {2} for output output[m
[0;93m2026-05-03 01:28:47.883574 [W:onnxruntime:, execution_frame.cc:870 VerifyOutputSizes] Expected shape from model of {} does not match actual shape of {2} for output output[m
[0;93m2026-05-03 01:28:47.925597 [W:onnxruntime:, execution_frame.cc:870 VerifyOutputSizes] Expected shape from model of {} does not match actual shape of {2} for output output[m
[0;93m2026-05-03 01:28:47.969124 [W:onnxruntime:, execution_frame.cc:870 VerifyOutputSizes] Expected shape from model of {} does not match actual shape of {2} for output output[m
[0;93m2026-05-03 01:28:48.011673 [W:onnxruntime:, execution_frame.cc:870 VerifyOutputSizes] Expected shape from model of {} does not match actual shape of {2} for output output[m
[0;93m2026-05-03 01:28:48.053473 [W:onnxruntime:, execution_frame.cc:870 VerifyOutputSizes] Expected shape from model of {} does not match actual shape of {2} for output output[m
[0;93m2026-05-03 01:28:48.093915 [W:onnxruntime:, execution_frame.cc:870 VerifyOutputSizes] Expected shape from model of {} does not match actual shape of {2} for output output[m
[0;93m2026-05-03 01:28:48.138247 [W:onnxruntime:, execution_frame.cc:870 VerifyOutputSizes] Expected shape from model of {} does not match actual shape of {2} for output output[m
[0;93m2026-05-03 01:28:48.178589 [W:onnxruntime:, execution_frame.cc:870 VerifyOutputSizes] Expected shape from model of {} does not match actual shape of {2} for output output[m
[0;93m2026-05-03 01:28:48.202726 [W:onnxruntime:, execution_frame.cc:870 VerifyOutputSizes] Expected shape from model of {} does not match actual shape of {2} for output output[m
[0;93m2026-05-03 01:28:48.227373 [W:onnxruntime:, execution_frame.cc:870 VerifyOutputSizes] Expected shape from model of {} does not match actual shape of {2} for output output[m
[0;93m2026-05-03 01:28:48.269186 [W:onnxruntime:, execution_frame.cc:870 VerifyOutputSizes] Expected shape from model of {} does not match actual shape of {2} for output output[m
[0;93m2026-05-03 01:28:48.306189 [W:onnxruntime:, execution_frame.cc:870 VerifyOutputSizes] Expected shape from model of {} does not match actual shape of {2} for output output[m
[0;93m2026-05-03 01:28:48.330879 [W:onnxruntime:, execution_frame.cc:870 VerifyOutputSizes] Expected shape from model of {} does not match actual shape of {2} for output output[m
[0;93m2026-05-03 01:28:48.372259 [W:onnxruntime:, execution_frame.cc:870 VerifyOutputSizes] Expected shape from model of {} does not match actual shape of {2} for output output[m
[0;93m2026-05-03 01:28:48.396952 [W:onnxruntime:, execution_frame.cc:870 VerifyOutputSizes] Expected shape from model of {} does not match actual shape of {2} for output output[m
[0;93m2026-05-03 01:28:48.437746 [W:onnxruntime:, execution_frame.cc:870 VerifyOutputSizes] Expected shape from model of {} does not match actual shape of {2} for output output[m
[0;93m2026-05-03 01:28:48.474133 [W:onnxruntime:, execution_frame.cc:870 VerifyOutputSizes] Expected shape from model of {} does not match actual shape of {2} for output output[m
[0;93m2026-05-03 01:28:48.510526 [W:onnxruntime:, execution_frame.cc:870 VerifyOutputSizes] Expected shape from model of {} does not match actual shape of {2} for output output[m
[0;93m2026-05-03 01:28:48.533151 [W:onnxruntime:, execution_frame.cc:870 VerifyOutputSizes] Expected shape from model of {} does not match actual shape of {2} for output output[m
[0;93m2026-05-03 01:28:48.576734 [W:onnxruntime:, execution_frame.cc:870 VerifyOutputSizes] Expected shape from model of {} does not match actual shape of {2} for output output[m
[0;93m2026-05-03 01:28:48.614198 [W:onnxruntime:, execution_frame.cc:870 VerifyOutputSizes] Expected shape from model of {} does not match actual shape of {2} for output output[m
[0;93m2026-05-03 01:28:48.636358 [W:onnxruntime:, execution_frame.cc:870 VerifyOutputSizes] Expected shape from model of {} does not match actual shape of {2} for output output[m
[0;93m2026-05-03 01:28:48.673957 [W:onnxruntime:, execution_frame.cc:870 VerifyOutputSizes] Expected shape from model of {} does not match actual shape of {2} for output output[m
[0;93m2026-05-03 01:28:48.712367 [W:onnxruntime:, execution_frame.cc:870 VerifyOutputSizes] Expected shape from model of {} does not match actual shape of {2} for output output[m
[0;93m2026-05-03 01:28:48.748390 [W:onnxruntime:, execution_frame.cc:870 VerifyOutputSizes] Expected shape from model of {} does not match actual shape of {2} for output output[m
[0;93m2026-05-03 01:28:48.770534 [W:onnxruntime:, execution_frame.cc:870 VerifyOutputSizes] Expected shape from model of {} does not match actual shape of {2} for output output[m
[0;93m2026-05-03 01:28:48.809638 [W:onnxruntime:, execution_frame.cc:870 VerifyOutputSizes] Expected shape from model of {} does not match actual shape of {2} for output output[m
[0;93m2026-05-03 01:28:48.845770 [W:onnxruntime:, execution_frame.cc:870 VerifyOutputSizes] Expected shape from model of {} does not match actual shape of {2} for output output[m
[0;93m2026-05-03 01:28:48.868633 [W:onnxruntime:, execution_frame.cc:870 VerifyOutputSizes] Expected shape from model of {} does not match actual shape of {2} for output output[m
  100/800
[0;93m2026-05-03 01:28:48.904580 [W:onnxruntime:, execution_frame.cc:870 VerifyOutputSizes] Expected shape from model of {} does not match actual shape of {2} for output output[m
[0;93m2026-05-03 01:28:48.926727 [W:onnxruntime:, execution_frame.cc:870 VerifyOutputSizes] Expected shape from model of {} does not match actual shape of {2} for output output[m
[0;93m2026-05-03 01:28:48.963997 [W:onnxruntime:, execution_frame.cc:870 VerifyOutputSizes] Expected shape from model of {} does not match actual shape of {2} for output output[m
[0;93m2026-05-03 01:28:48.989894 [W:onnxruntime:, execution_frame.cc:870 VerifyOutputSizes] Expected shape from model of {} does not match actual shape of {2} for output output[m
[0;93m2026-05-03 01:28:49.028420 [W:onnxruntime:, execution_frame.cc:870 VerifyOutputSizes] Expected shape from model of {} does not match actual shape of {2} for output output[m
[0;93m2026-05-03 01:28:49.069114 [W:onnxruntime:, execution_frame.cc:870 VerifyOutputSizes] Expected shape from model of {} does not match actual shape of {2} for output output[m
[0;93m2026-05-03 01:28:49.108929 [W:onnxruntime:, execution_frame.cc:870 VerifyOutputSizes] Expected shape from model of {} does not match actual shape of {2} for output output[m
[0;93m2026-05-03 01:28:49.150366 [W:onnxruntime:, execution_frame.cc:870 VerifyOutputSizes] Expected shape from model of {} does not match actual shape of {2} for output output[m
[0;93m2026-05-03 01:28:49.188324 [W:onnxruntime:, execution_frame.cc:870 VerifyOutputSizes] Expected shape from model of {} does not match actual shape of {2} for output output[m
[0;93m2026-05-03 01:28:49.228862 [W:onnxruntime:, execution_frame.cc:870 VerifyOutputSizes] Expected shape from model of {} does not match actual shape of {2} for output output[m
[0;93m2026-05-03 01:28:49.268461 [W:onnxruntime:, execution_frame.cc:870 VerifyOutputSizes] Expected shape from model of {} does not match actual shape of {2} for output output[m
[0;93m2026-05-03 01:28:49.307868 [W:onnxruntime:, execution_frame.cc:870 VerifyOutputSizes] Expected shape from model of {} does not match actual shape of {2} for output output[m
[0;93m2026-05-03 01:28:49.334149 [W:onnxruntime:, execution_frame.cc:870 VerifyOutputSizes] Expected shape from model of {} does not match actual shape of {2} for output output[m
[0;93m2026-05-03 01:28:49.356317 [W:onnxruntime:, execution_frame.cc:870 VerifyOutputSizes] Expected shape from model of {} does not match actual shape of {2} for output output[m
[0;93m2026-05-03 01:28:49.394478 [W:onnxruntime:, execution_frame.cc:870 VerifyOutputSizes] Expected shape from model of {} does not match actual shape of {2} for output output[m
[0;93m2026-05-03 01:28:49.418516 [W:onnxruntime:, execution_frame.cc:870 VerifyOutputSizes] Expected shape from model of {} does not match actual shape of {2} for output output[m
[0;93m2026-05-03 01:28:49.463801 [W:onnxruntime:, execution_frame.cc:870 VerifyOutputSizes] Expected shape from model of {} does not match actual shape of {2} for output output[m
[0;93m2026-05-03 01:28:49.497735 [W:onnxruntime:, execution_frame.cc:870 VerifyOutputSizes] Expected shape from model of {} does not match actual shape of {2} for output output[m
[0;93m2026-05-03 01:28:49.537683 [W:onnxruntime:, execution_frame.cc:870 VerifyOutputSizes] Expected shape from model of {} does not match actual shape of {2} for output output[m
[0;93m2026-05-03 01:28:49.563207 [W:onnxruntime:, execution_frame.cc:870 VerifyOutputSizes] Expected shape from model of {} does not match actual shape of {2} for output output[m
[0;93m2026-05-03 01:28:49.588305 [W:onnxruntime:, execution_frame.cc:870 VerifyOutputSizes] Expected shape from model of {} does not match actual shape of {2} for output output[m
[0;93m2026-05-03 01:28:49.630258 [W:onnxruntime:, execution_frame.cc:870 VerifyOutputSizes] Expected shape from model of {} does not match actual shape of {2} for output output[m
[0;93m2026-05-03 01:28:49.667967 [W:onnxruntime:, execution_frame.cc:870 VerifyOutputSizes] Expected shape from model of {} does not match actual shape of {2} for output output[m
[0;93m2026-05-03 01:28:49.710323 [W:onnxruntime:, execution_frame.cc:870 VerifyOutputSizes] Expected shape from model of {} does not match actual shape of {2} for output output[m
[0;93m2026-05-03 01:28:49.752461 [W:onnxruntime:, execution_frame.cc:870 VerifyOutputSizes] Expected shape from model of {} does not match actual shape of {2} for output output[m
[0;93m2026-05-03 01:28:49.791169 [W:onnxruntime:, execution_frame.cc:870 VerifyOutputSizes] Expected shape from model of {} does not match actual shape of {2} for output output[m
[0;93m2026-05-03 01:28:49.832752 [W:onnxruntime:, execution_frame.cc:870 VerifyOutputSizes] Expected shape from model of {} does not match actual shape of {2} for output output[m
[0;93m2026-05-03 01:28:49.873780 [W:onnxruntime:, execution_frame.cc:870 VerifyOutputSizes] Expected shape from model of {} does not match actual shape of {2} for output output[m
[0;93m2026-05-03 01:28:49.915475 [W:onnxruntime:, execution_frame.cc:870 VerifyOutputSizes] Expected shape from model of {} does not match actual shape of {2} for output output[m
[0;93m2026-05-03 01:28:49.957950 [W:onnxruntime:, execution_frame.cc:870 VerifyOutputSizes] Expected shape from model of {} does not match actual shape of {2} for output output[m
[0;93m2026-05-03 01:28:49.983343 [W:onnxruntime:, execution_frame.cc:870 VerifyOutputSizes] Expected shape from model of {} does not match actual shape of {2} for output output[m
[0;93m2026-05-03 01:28:50.029457 [W:onnxruntime:, execution_frame.cc:870 VerifyOutputSizes] Expected shape from model of {} does not match actual shape of {2} for output output[m
[0;93m2026-05-03 01:28:50.068819 [W:onnxruntime:, execution_frame.cc:870 VerifyOutputSizes] Expected shape from model of {} does not match actual shape of {2} for output output[m
[0;93m2026-05-03 01:28:50.108997 [W:onnxruntime:, execution_frame.cc:870 VerifyOutputSizes] Expected shape from model of {} does not match actual shape of {2} for output output[m
[0;93m2026-05-03 01:28:50.137000 [W:onnxruntime:, execution_frame.cc:870 VerifyOutputSizes] Expected shape from model of {} does not match actual shape of {2} for output output[m
[0;93m2026-05-03 01:28:50.180501 [W:onnxruntime:, execution_frame.cc:870 VerifyOutputSizes] Expected shape from model of {} does not match actual shape of {2} for output output[m
[0;93m2026-05-03 01:28:50.222559 [W:onnxruntime:, execution_frame.cc:870 VerifyOutputSizes] Expected shape from model of {} does not match actual shape of {2} for output output[m
[0;93m2026-05-03 01:28:50.260137 [W:onnxruntime:, execution_frame.cc:870 VerifyOutputSizes] Expected shape from model of {} does not match actual shape of {2} for output output[m
[0;93m2026-05-03 01:28:50.284280 [W:onnxruntime:, execution_frame.cc:870 VerifyOutputSizes] Expected shape from model of {} does not match actual shape of {2} for output output[m
[0;93m2026-05-03 01:28:50.326922 [W:onnxruntime:, execution_frame.cc:870 VerifyOutputSizes] Expected shape from model of {} does not match actual shape of {2} for output output[m
[0;93m2026-05-03 01:28:50.370985 [W:onnxruntime:, execution_frame.cc:870 VerifyOutputSizes] Expected shape from model of {} does not match actual shape of {2} for output output[m
[0;93m2026-05-03 01:28:50.408332 [W:onnxruntime:, execution_frame.cc:870 VerifyOutputSizes] Expected shape from model of {} does not match actual shape of {2} for output output[m
[0;93m2026-05-03 01:28:50.451755 [W:onnxruntime:, execution_frame.cc:870 VerifyOutputSizes] Expected shape from model of {} does not match actual shape of {2} for output output[m
[0;93m2026-05-03 01:28:50.496911 [W:onnxruntime:, execution_frame.cc:870 VerifyOutputSizes] Expected shape from model of {} does not match actual shape of {2} for output output[m
[0;93m2026-05-03 01:28:50.518204 [W:onnxruntime:, execution_frame.cc:870 VerifyOutputSizes] Expected shape from model of {} does not match actual shape of {2} for output output[m
[0;93m2026-05-03 01:28:50.554158 [W:onnxruntime:, execution_frame.cc:870 VerifyOutputSizes] Expected shape from model of {} does not match actual shape of {2} for output output[m
[0;93m2026-05-03 01:28:50.590651 [W:onnxruntime:, execution_frame.cc:870 VerifyOutputSizes] Expected shape from model of {} does not match actual shape of {2} for output output[m
[0;93m2026-05-03 01:28:50.613496 [W:onnxruntime:, execution_frame.cc:870 VerifyOutputSizes] Expected shape from model of {} does not match actual shape of {2} for output output[m
[0;93m2026-05-03 01:28:50.652995 [W:onnxruntime:, execution_frame.cc:870 VerifyOutputSizes] Expected shape from model of {} does not match actual shape of {2} for output output[m
[0;93m2026-05-03 01:28:50.692063 [W:onnxruntime:, execution_frame.cc:870 VerifyOutputSizes] Expected shape from model of {} does not match actual shape of {2} for output output[m
  150/800
[0;93m2026-05-03 01:28:50.728292 [W:onnxruntime:, execution_frame.cc:870 VerifyOutputSizes] Expected shape from model of {} does not match actual shape of {2} for output output[m
[0;93m2026-05-03 01:28:50.764479 [W:onnxruntime:, execution_frame.cc:870 VerifyOutputSizes] Expected shape from model of {} does not match actual shape of {2} for output output[m
[0;93m2026-05-03 01:28:50.792491 [W:onnxruntime:, execution_frame.cc:870 VerifyOutputSizes] Expected shape from model of {} does not match actual shape of {2} for output output[m
[0;93m2026-05-03 01:28:50.828811 [W:onnxruntime:, execution_frame.cc:870 VerifyOutputSizes] Expected shape from model of {} does not match actual shape of {2} for output output[m
[0;93m2026-05-03 01:28:50.867835 [W:onnxruntime:, execution_frame.cc:870 VerifyOutputSizes] Expected shape from model of {} does not match actual shape of {2} for output output[m
[0;93m2026-05-03 01:28:50.902083 [W:onnxruntime:, execution_frame.cc:870 VerifyOutputSizes] Expected shape from model of {} does not match actual shape of {2} for output output[m
[0;93m2026-05-03 01:28:50.940618 [W:onnxruntime:, execution_frame.cc:870 VerifyOutputSizes] Expected shape from model of {} does not match actual shape of {2} for output output[m
[0;93m2026-05-03 01:28:50.975252 [W:onnxruntime:, execution_frame.cc:870 VerifyOutputSizes] Expected shape from model of {} does not match actual shape of {2} for output output[m
[0;93m2026-05-03 01:28:50.996688 [W:onnxruntime:, execution_frame.cc:870 VerifyOutputSizes] Expected shape from model of {} does not match actual shape of {2} for output output[m
[0;93m2026-05-03 01:28:51.035013 [W:onnxruntime:, execution_frame.cc:870 VerifyOutputSizes] Expected shape from model of {} does not match actual shape of {2} for output output[m
[0;93m2026-05-03 01:28:51.059827 [W:onnxruntime:, execution_frame.cc:870 VerifyOutputSizes] Expected shape from model of {} does not match actual shape of {2} for output output[m
[0;93m2026-05-03 01:28:51.098889 [W:onnxruntime:, execution_frame.cc:870 VerifyOutputSizes] Expected shape from model of {} does not match actual shape of {2} for output output[m
[0;93m2026-05-03 01:28:51.141888 [W:onnxruntime:, execution_frame.cc:870 VerifyOutputSizes] Expected shape from model of {} does not match actual shape of {2} for output output[m
[0;93m2026-05-03 01:28:51.180575 [W:onnxruntime:, execution_frame.cc:870 VerifyOutputSizes] Expected shape from model of {} does not match actual shape of {2} for output output[m
[0;93m2026-05-03 01:28:51.221347 [W:onnxruntime:, execution_frame.cc:870 VerifyOutputSizes] Expected shape from model of {} does not match actual shape of {2} for output output[m
[0;93m2026-05-03 01:28:51.246019 [W:onnxruntime:, execution_frame.cc:870 VerifyOutputSizes] Expected shape from model of {} does not match actual shape of {2} for output output[m
[0;93m2026-05-03 01:28:51.285123 [W:onnxruntime:, execution_frame.cc:870 VerifyOutputSizes] Expected shape from model of {} does not match actual shape of {2} for output output[m
[0;93m2026-05-03 01:28:51.322973 [W:onnxruntime:, execution_frame.cc:870 VerifyOutputSizes] Expected shape from model of {} does not match actual shape of {2} for output output[m
[0;93m2026-05-03 01:28:51.362631 [W:onnxruntime:, execution_frame.cc:870 VerifyOutputSizes] Expected shape from model of {} does not match actual shape of {2} for output output[m
[0;93m2026-05-03 01:28:51.385885 [W:onnxruntime:, execution_frame.cc:870 VerifyOutputSizes] Expected shape from model of {} does not match actual shape of {2} for output output[m
[0;93m2026-05-03 01:28:51.409126 [W:onnxruntime:, execution_frame.cc:870 VerifyOutputSizes] Expected shape from model of {} does not match actual shape of {2} for output output[m
[0;93m2026-05-03 01:28:51.454022 [W:onnxruntime:, execution_frame.cc:870 VerifyOutputSizes] Expected shape from model of {} does not match actual shape of {2} for output output[m
[0;93m2026-05-03 01:28:51.495635 [W:onnxruntime:, execution_frame.cc:870 VerifyOutputSizes] Expected shape from model of {} does not match actual shape of {2} for output output[m
[0;93m2026-05-03 01:28:51.518994 [W:onnxruntime:, execution_frame.cc:870 VerifyOutputSizes] Expected shape from model of {} does not match actual shape of {2} for output output[m
[0;93m2026-05-03 01:28:51.565869 [W:onnxruntime:, execution_frame.cc:870 VerifyOutputSizes] Expected shape from model of {} does not match actual shape of {2} for output output[m
[0;93m2026-05-03 01:28:51.604667 [W:onnxruntime:, execution_frame.cc:870 VerifyOutputSizes] Expected shape from model of {} does not match actual shape of {2} for output output[m
[0;93m2026-05-03 01:28:51.642327 [W:onnxruntime:, execution_frame.cc:870 VerifyOutputSizes] Expected shape from model of {} does not match actual shape of {2} for output output[m
[0;93m2026-05-03 01:28:51.685003 [W:onnxruntime:, execution_frame.cc:870 VerifyOutputSizes] Expected shape from model of {} does not match actual shape of {2} for output output[m
[0;93m2026-05-03 01:28:51.724558 [W:onnxruntime:, execution_frame.cc:870 VerifyOutputSizes] Expected shape from model of {} does not match actual shape of {2} for output output[m
[0;93m2026-05-03 01:28:51.750218 [W:onnxruntime:, execution_frame.cc:870 VerifyOutputSizes] Expected shape from model of {} does not match actual shape of {2} for output output[m
[0;93m2026-05-03 01:28:51.791907 [W:onnxruntime:, execution_frame.cc:870 VerifyOutputSizes] Expected shape from model of {} does not match actual shape of {2} for output output[m
[0;93m2026-05-03 01:28:51.832657 [W:onnxruntime:, execution_frame.cc:870 VerifyOutputSizes] Expected shape from model of {} does not match actual shape of {2} for output output[m
[0;93m2026-05-03 01:28:51.874951 [W:onnxruntime:, execution_frame.cc:870 VerifyOutputSizes] Expected shape from model of {} does not match actual shape of {2} for output output[m
[0;93m2026-05-03 01:28:51.914560 [W:onnxruntime:, execution_frame.cc:870 VerifyOutputSizes] Expected shape from model of {} does not match actual shape of {2} for output output[m
[0;93m2026-05-03 01:28:51.939005 [W:onnxruntime:, execution_frame.cc:870 VerifyOutputSizes] Expected shape from model of {} does not match actual shape of {2} for output output[m
[0;93m2026-05-03 01:28:51.962784 [W:onnxruntime:, execution_frame.cc:870 VerifyOutputSizes] Expected shape from model of {} does not match actual shape of {2} for output output[m
[0;93m2026-05-03 01:28:52.000478 [W:onnxruntime:, execution_frame.cc:870 VerifyOutputSizes] Expected shape from model of {} does not match actual shape of {2} for output output[m
[0;93m2026-05-03 01:28:52.041337 [W:onnxruntime:, execution_frame.cc:870 VerifyOutputSizes] Expected shape from model of {} does not match actual shape of {2} for output output[m
[0;93m2026-05-03 01:28:52.084525 [W:onnxruntime:, execution_frame.cc:870 VerifyOutputSizes] Expected shape from model of {} does not match actual shape of {2} for output output[m
[0;93m2026-05-03 01:28:52.124839 [W:onnxruntime:, execution_frame.cc:870 VerifyOutputSizes] Expected shape from model of {} does not match actual shape of {2} for output output[m
[0;93m2026-05-03 01:28:52.163464 [W:onnxruntime:, execution_frame.cc:870 VerifyOutputSizes] Expected shape from model of {} does not match actual shape of {2} for output output[m
[0;93m2026-05-03 01:28:52.188408 [W:onnxruntime:, execution_frame.cc:870 VerifyOutputSizes] Expected shape from model of {} does not match actual shape of {2} for output output[m
[0;93m2026-05-03 01:28:52.229075 [W:onnxruntime:, execution_frame.cc:870 VerifyOutputSizes] Expected shape from model of {} does not match actual shape of {2} for output output[m
[0;93m2026-05-03 01:28:52.268647 [W:onnxruntime:, execution_frame.cc:870 VerifyOutputSizes] Expected shape from model of {} does not match actual shape of {2} for output output[m
[0;93m2026-05-03 01:28:52.312188 [W:onnxruntime:, execution_frame.cc:870 VerifyOutputSizes] Expected shape from model of {} does not match actual shape of {2} for output output[m
[0;93m2026-05-03 01:28:52.335165 [W:onnxruntime:, execution_frame.cc:870 VerifyOutputSizes] Expected shape from model of {} does not match actual shape of {2} for output output[m
[0;93m2026-05-03 01:28:52.380396 [W:onnxruntime:, execution_frame.cc:870 VerifyOutputSizes] Expected shape from model of {} does not match actual shape of {2} for output output[m
[0;93m2026-05-03 01:28:52.420851 [W:onnxruntime:, execution_frame.cc:870 VerifyOutputSizes] Expected shape from model of {} does not match actual shape of {2} for output output[m
[0;93m2026-05-03 01:28:52.459370 [W:onnxruntime:, execution_frame.cc:870 VerifyOutputSizes] Expected shape from model of {} does not match actual shape of {2} for output output[m
[0;93m2026-05-03 01:28:52.482327 [W:onnxruntime:, execution_frame.cc:870 VerifyOutputSizes] Expected shape from model of {} does not match actual shape of {2} for output output[m
  200/800
[0;93m2026-05-03 01:28:52.523128 [W:onnxruntime:, execution_frame.cc:870 VerifyOutputSizes] Expected shape from model of {} does not match actual shape of {2} for output output[m
[0;93m2026-05-03 01:28:52.559829 [W:onnxruntime:, execution_frame.cc:870 VerifyOutputSizes] Expected shape from model of {} does not match actual shape of {2} for output output[m
[0;93m2026-05-03 01:28:52.583741 [W:onnxruntime:, execution_frame.cc:870 VerifyOutputSizes] Expected shape from model of {} does not match actual shape of {2} for output output[m
[0;93m2026-05-03 01:28:52.619748 [W:onnxruntime:, execution_frame.cc:870 VerifyOutputSizes] Expected shape from model of {} does not match actual shape of {2} for output output[m
[0;93m2026-05-03 01:28:52.656682 [W:onnxruntime:, execution_frame.cc:870 VerifyOutputSizes] Expected shape from model of {} does not match actual shape of {2} for output output[m
[0;93m2026-05-03 01:28:52.694800 [W:onnxruntime:, execution_frame.cc:870 VerifyOutputSizes] Expected shape from model of {} does not match actual shape of {2} for output output[m
[0;93m2026-05-03 01:28:52.734183 [W:onnxruntime:, execution_frame.cc:870 VerifyOutputSizes] Expected shape from model of {} does not match actual shape of {2} for output output[m
[0;93m2026-05-03 01:28:52.772672 [W:onnxruntime:, execution_frame.cc:870 VerifyOutputSizes] Expected shape from model of {} does not match actual shape of {2} for output output[m
[0;93m2026-05-03 01:28:52.809567 [W:onnxruntime:, execution_frame.cc:870 VerifyOutputSizes] Expected shape from model of {} does not match actual shape of {2} for output output[m
[0;93m2026-05-03 01:28:52.832060 [W:onnxruntime:, execution_frame.cc:870 VerifyOutputSizes] Expected shape from model of {} does not match actual shape of {2} for output output[m
[0;93m2026-05-03 01:28:52.854529 [W:onnxruntime:, execution_frame.cc:870 VerifyOutputSizes] Expected shape from model of {} does not match actual shape of {2} for output output[m
[0;93m2026-05-03 01:28:52.876720 [W:onnxruntime:, execution_frame.cc:870 VerifyOutputSizes] Expected shape from model of {} does not match actual shape of {2} for output output[m
[0;93m2026-05-03 01:28:52.915314 [W:onnxruntime:, execution_frame.cc:870 VerifyOutputSizes] Expected shape from model of {} does not match actual shape of {2} for output output[m
[0;93m2026-05-03 01:28:52.954012 [W:onnxruntime:, execution_frame.cc:870 VerifyOutputSizes] Expected shape from model of {} does not match actual shape of {2} for output output[m
[0;93m2026-05-03 01:28:52.977120 [W:onnxruntime:, execution_frame.cc:870 VerifyOutputSizes] Expected shape from model of {} does not match actual shape of {2} for output output[m
[0;93m2026-05-03 01:28:53.017751 [W:onnxruntime:, execution_frame.cc:870 VerifyOutputSizes] Expected shape from model of {} does not match actual shape of {2} for output output[m
[0;93m2026-05-03 01:28:53.056238 [W:onnxruntime:, execution_frame.cc:870 VerifyOutputSizes] Expected shape from model of {} does not match actual shape of {2} for output output[m
[0;93m2026-05-03 01:28:53.095618 [W:onnxruntime:, execution_frame.cc:870 VerifyOutputSizes] Expected shape from model of {} does not match actual shape of {2} for output output[m
[0;93m2026-05-03 01:28:53.133808 [W:onnxruntime:, execution_frame.cc:870 VerifyOutputSizes] Expected shape from model of {} does not match actual shape of {2} for output output[m
[0;93m2026-05-03 01:28:53.158614 [W:onnxruntime:, execution_frame.cc:870 VerifyOutputSizes] Expected shape from model of {} does not match actual shape of {2} for output output[m
[0;93m2026-05-03 01:28:53.199525 [W:onnxruntime:, execution_frame.cc:870 VerifyOutputSizes] Expected shape from model of {} does not match actual shape of {2} for output output[m
[0;93m2026-05-03 01:28:53.224284 [W:onnxruntime:, execution_frame.cc:870 VerifyOutputSizes] Expected shape from model of {} does not match actual shape of {2} for output output[m
[0;93m2026-05-03 01:28:53.266083 [W:onnxruntime:, execution_frame.cc:870 VerifyOutputSizes] Expected shape from model of {} does not match actual shape of {2} for output output[m
[0;93m2026-05-03 01:28:53.310093 [W:onnxruntime:, execution_frame.cc:870 VerifyOutputSizes] Expected shape from model of {} does not match actual shape of {2} for output output[m
[0;93m2026-05-03 01:28:53.348625 [W:onnxruntime:, execution_frame.cc:870 VerifyOutputSizes] Expected shape from model of {} does not match actual shape of {2} for output output[m
[0;93m2026-05-03 01:28:53.386406 [W:onnxruntime:, execution_frame.cc:870 VerifyOutputSizes] Expected shape from model of {} does not match actual shape of {2} for output output[m
[0;93m2026-05-03 01:28:53.411119 [W:onnxruntime:, execution_frame.cc:870 VerifyOutputSizes] Expected shape from model of {} does not match actual shape of {2} for output output[m
[0;93m2026-05-03 01:28:53.449907 [W:onnxruntime:, execution_frame.cc:870 VerifyOutputSizes] Expected shape from model of {} does not match actual shape of {2} for output output[m
[0;93m2026-05-03 01:28:53.489825 [W:onnxruntime:, execution_frame.cc:870 VerifyOutputSizes] Expected shape from model of {} does not match actual shape of {2} for output output[m
[0;93m2026-05-03 01:28:53.531179 [W:onnxruntime:, execution_frame.cc:870 VerifyOutputSizes] Expected shape from model of {} does not match actual shape of {2} for output output[m
[0;93m2026-05-03 01:28:53.568979 [W:onnxruntime:, execution_frame.cc:870 VerifyOutputSizes] Expected shape from model of {} does not match actual shape of {2} for output output[m
[0;93m2026-05-03 01:28:53.593345 [W:onnxruntime:, execution_frame.cc:870 VerifyOutputSizes] Expected shape from model of {} does not match actual shape of {2} for output output[m
[0;93m2026-05-03 01:28:53.636195 [W:onnxruntime:, execution_frame.cc:870 VerifyOutputSizes] Expected shape from model of {} does not match actual shape of {2} for output output[m
[0;93m2026-05-03 01:28:53.682571 [W:onnxruntime:, execution_frame.cc:870 VerifyOutputSizes] Expected shape from model of {} does not match actual shape of {2} for output output[m
[0;93m2026-05-03 01:28:53.722573 [W:onnxruntime:, execution_frame.cc:870 VerifyOutputSizes] Expected shape from model of {} does not match actual shape of {2} for output output[m
[0;93m2026-05-03 01:28:53.761649 [W:onnxruntime:, execution_frame.cc:870 VerifyOutputSizes] Expected shape from model of {} does not match actual shape of {2} for output output[m
[0;93m2026-05-03 01:28:53.803813 [W:onnxruntime:, execution_frame.cc:870 VerifyOutputSizes] Expected shape from model of {} does not match actual shape of {2} for output output[m
[0;93m2026-05-03 01:28:53.847097 [W:onnxruntime:, execution_frame.cc:870 VerifyOutputSizes] Expected shape from model of {} does not match actual shape of {2} for output output[m
[0;93m2026-05-03 01:28:53.888090 [W:onnxruntime:, execution_frame.cc:870 VerifyOutputSizes] Expected shape from model of {} does not match actual shape of {2} for output output[m
[0;93m2026-05-03 01:28:53.919184 [W:onnxruntime:, execution_frame.cc:870 VerifyOutputSizes] Expected shape from model of {} does not match actual shape of {2} for output output[m
[0;93m2026-05-03 01:28:53.964882 [W:onnxruntime:, execution_frame.cc:870 VerifyOutputSizes] Expected shape from model of {} does not match actual shape of {2} for output output[m
[0;93m2026-05-03 01:28:54.004398 [W:onnxruntime:, execution_frame.cc:870 VerifyOutputSizes] Expected shape from model of {} does not match actual shape of {2} for output output[m
[0;93m2026-05-03 01:28:54.029612 [W:onnxruntime:, execution_frame.cc:870 VerifyOutputSizes] Expected shape from model of {} does not match actual shape of {2} for output output[m
[0;93m2026-05-03 01:28:54.073676 [W:onnxruntime:, execution_frame.cc:870 VerifyOutputSizes] Expected shape from model of {} does not match actual shape of {2} for output output[m
[0;93m2026-05-03 01:28:54.116071 [W:onnxruntime:, execution_frame.cc:870 VerifyOutputSizes] Expected shape from model of {} does not match actual shape of {2} for output output[m
[0;93m2026-05-03 01:28:54.139308 [W:onnxruntime:, execution_frame.cc:870 VerifyOutputSizes] Expected shape from model of {} does not match actual shape of {2} for output output[m
[0;93m2026-05-03 01:28:54.181024 [W:onnxruntime:, execution_frame.cc:870 VerifyOutputSizes] Expected shape from model of {} does not match actual shape of {2} for output output[m
[0;93m2026-05-03 01:28:54.205646 [W:onnxruntime:, execution_frame.cc:870 VerifyOutputSizes] Expected shape from model of {} does not match actual shape of {2} for output output[m
[0;93m2026-05-03 01:28:54.249287 [W:onnxruntime:, execution_frame.cc:870 VerifyOutputSizes] Expected shape from model of {} does not match actual shape of {2} for output output[m
[0;93m2026-05-03 01:28:54.298276 [W:onnxruntime:, execution_frame.cc:870 VerifyOutputSizes] Expected shape from model of {} does not match actual shape of {2} for output output[m
  250/800
[0;93m2026-05-03 01:28:54.335718 [W:onnxruntime:, execution_frame.cc:870 VerifyOutputSizes] Expected shape from model of {} does not match actual shape of {2} for output output[m
[0;93m2026-05-03 01:28:54.360424 [W:onnxruntime:, execution_frame.cc:870 VerifyOutputSizes] Expected shape from model of {} does not match actual shape of {2} for output output[m
[0;93m2026-05-03 01:28:54.384297 [W:onnxruntime:, execution_frame.cc:870 VerifyOutputSizes] Expected shape from model of {} does not match actual shape of {2} for output output[m
[0;93m2026-05-03 01:28:54.424129 [W:onnxruntime:, execution_frame.cc:870 VerifyOutputSizes] Expected shape from model of {} does not match actual shape of {2} for output output[m
[0;93m2026-05-03 01:28:54.466123 [W:onnxruntime:, execution_frame.cc:870 VerifyOutputSizes] Expected shape from model of {} does not match actual shape of {2} for output output[m
[0;93m2026-05-03 01:28:54.488711 [W:onnxruntime:, execution_frame.cc:870 VerifyOutputSizes] Expected shape from model of {} does not match actual shape of {2} for output output[m
[0;93m2026-05-03 01:28:54.528196 [W:onnxruntime:, execution_frame.cc:870 VerifyOutputSizes] Expected shape from model of {} does not match actual shape of {2} for output output[m
[0;93m2026-05-03 01:28:54.568258 [W:onnxruntime:, execution_frame.cc:870 VerifyOutputSizes] Expected shape from model of {} does not match actual shape of {2} for output output[m
[0;93m2026-05-03 01:28:54.605245 [W:onnxruntime:, execution_frame.cc:870 VerifyOutputSizes] Expected shape from model of {} does not match actual shape of {2} for output output[m
[0;93m2026-05-03 01:28:54.642246 [W:onnxruntime:, execution_frame.cc:870 VerifyOutputSizes] Expected shape from model of {} does not match actual shape of {2} for output output[m
[0;93m2026-05-03 01:28:54.664948 [W:onnxruntime:, execution_frame.cc:870 VerifyOutputSizes] Expected shape from model of {} does not match actual shape of {2} for output output[m
[0;93m2026-05-03 01:28:54.688356 [W:onnxruntime:, execution_frame.cc:870 VerifyOutputSizes] Expected shape from model of {} does not match actual shape of {2} for output output[m
[0;93m2026-05-03 01:28:54.727478 [W:onnxruntime:, execution_frame.cc:870 VerifyOutputSizes] Expected shape from model of {} does not match actual shape of {2} for output output[m
[0;93m2026-05-03 01:28:54.769521 [W:onnxruntime:, execution_frame.cc:870 VerifyOutputSizes] Expected shape from model of {} does not match actual shape of {2} for output output[m
[0;93m2026-05-03 01:28:54.806134 [W:onnxruntime:, execution_frame.cc:870 VerifyOutputSizes] Expected shape from model of {} does not match actual shape of {2} for output output[m
[0;93m2026-05-03 01:28:54.828394 [W:onnxruntime:, execution_frame.cc:870 VerifyOutputSizes] Expected shape from model of {} does not match actual shape of {2} for output output[m
[0;93m2026-05-03 01:28:54.864500 [W:onnxruntime:, execution_frame.cc:870 VerifyOutputSizes] Expected shape from model of {} does not match actual shape of {2} for output output[m
[0;93m2026-05-03 01:28:54.903223 [W:onnxruntime:, execution_frame.cc:870 VerifyOutputSizes] Expected shape from model of {} does not match actual shape of {2} for output output[m
[0;93m2026-05-03 01:28:54.939423 [W:onnxruntime:, execution_frame.cc:870 VerifyOutputSizes] Expected shape from model of {} does not match actual shape of {2} for output output[m
[0;93m2026-05-03 01:28:54.962397 [W:onnxruntime:, execution_frame.cc:870 VerifyOutputSizes] Expected shape from model of {} does not match actual shape of {2} for output output[m
[0;93m2026-05-03 01:28:55.002529 [W:onnxruntime:, execution_frame.cc:870 VerifyOutputSizes] Expected shape from model of {} does not match actual shape of {2} for output output[m
[0;93m2026-05-03 01:28:55.041786 [W:onnxruntime:, execution_frame.cc:870 VerifyOutputSizes] Expected shape from model of {} does not match actual shape of {2} for output output[m
[0;93m2026-05-03 01:28:55.067829 [W:onnxruntime:, execution_frame.cc:870 VerifyOutputSizes] Expected shape from model of {} does not match actual shape of {2} for output output[m
[0;93m2026-05-03 01:28:55.105895 [W:onnxruntime:, execution_frame.cc:870 VerifyOutputSizes] Expected shape from model of {} does not match actual shape of {2} for output output[m
[0;93m2026-05-03 01:28:55.146363 [W:onnxruntime:, execution_frame.cc:870 VerifyOutputSizes] Expected shape from model of {} does not match actual shape of {2} for output output[m
[0;93m2026-05-03 01:28:55.186574 [W:onnxruntime:, execution_frame.cc:870 VerifyOutputSizes] Expected shape from model of {} does not match actual shape of {2} for output output[m
[0;93m2026-05-03 01:28:55.224762 [W:onnxruntime:, execution_frame.cc:870 VerifyOutputSizes] Expected shape from model of {} does not match actual shape of {2} for output output[m
[0;93m2026-05-03 01:28:55.249012 [W:onnxruntime:, execution_frame.cc:870 VerifyOutputSizes] Expected shape from model of {} does not match actual shape of {2} for output output[m
[0;93m2026-05-03 01:28:55.272814 [W:onnxruntime:, execution_frame.cc:870 VerifyOutputSizes] Expected shape from model of {} does not match actual shape of {2} for output output[m
[0;93m2026-05-03 01:28:55.311705 [W:onnxruntime:, execution_frame.cc:870 VerifyOutputSizes] Expected shape from model of {} does not match actual shape of {2} for output output[m
[0;93m2026-05-03 01:28:55.333773 [W:onnxruntime:, execution_frame.cc:870 VerifyOutputSizes] Expected shape from model of {} does not match actual shape of {2} for output output[m
[0;93m2026-05-03 01:28:55.359130 [W:onnxruntime:, execution_frame.cc:870 VerifyOutputSizes] Expected shape from model of {} does not match actual shape of {2} for output output[m
[0;93m2026-05-03 01:28:55.400844 [W:onnxruntime:, execution_frame.cc:870 VerifyOutputSizes] Expected shape from model of {} does not match actual shape of {2} for output output[m
[0;93m2026-05-03 01:28:55.444552 [W:onnxruntime:, execution_frame.cc:870 VerifyOutputSizes] Expected shape from model of {} does not match actual shape of {2} for output output[m
[0;93m2026-05-03 01:28:55.469821 [W:onnxruntime:, execution_frame.cc:870 VerifyOutputSizes] Expected shape from model of {} does not match actual shape of {2} for output output[m
[0;93m2026-05-03 01:28:55.509126 [W:onnxruntime:, execution_frame.cc:870 VerifyOutputSizes] Expected shape from model of {} does not match actual shape of {2} for output output[m
[0;93m2026-05-03 01:28:55.551922 [W:onnxruntime:, execution_frame.cc:870 VerifyOutputSizes] Expected shape from model of {} does not match actual shape of {2} for output output[m
[0;93m2026-05-03 01:28:55.576578 [W:onnxruntime:, execution_frame.cc:870 VerifyOutputSizes] Expected shape from model of {} does not match actual shape of {2} for output output[m
[0;93m2026-05-03 01:28:55.620007 [W:onnxruntime:, execution_frame.cc:870 VerifyOutputSizes] Expected shape from model of {} does not match actual shape of {2} for output output[m
[0;93m2026-05-03 01:28:55.662066 [W:onnxruntime:, execution_frame.cc:870 VerifyOutputSizes] Expected shape from model of {} does not match actual shape of {2} for output output[m
[0;93m2026-05-03 01:28:55.706488 [W:onnxruntime:, execution_frame.cc:870 VerifyOutputSizes] Expected shape from model of {} does not match actual shape of {2} for output output[m
[0;93m2026-05-03 01:28:55.749847 [W:onnxruntime:, execution_frame.cc:870 VerifyOutputSizes] Expected shape from model of {} does not match actual shape of {2} for output output[m
[0;93m2026-05-03 01:28:55.793219 [W:onnxruntime:, execution_frame.cc:870 VerifyOutputSizes] Expected shape from model of {} does not match actual shape of {2} for output output[m
[0;93m2026-05-03 01:28:55.835532 [W:onnxruntime:, execution_frame.cc:870 VerifyOutputSizes] Expected shape from model of {} does not match actual shape of {2} for output output[m
[0;93m2026-05-03 01:28:55.873262 [W:onnxruntime:, execution_frame.cc:870 VerifyOutputSizes] Expected shape from model of {} does not match actual shape of {2} for output output[m
[0;93m2026-05-03 01:28:55.899852 [W:onnxruntime:, execution_frame.cc:870 VerifyOutputSizes] Expected shape from model of {} does not match actual shape of {2} for output output[m
[0;93m2026-05-03 01:28:55.940166 [W:onnxruntime:, execution_frame.cc:870 VerifyOutputSizes] Expected shape from model of {} does not match actual shape of {2} for output output[m
[0;93m2026-05-03 01:28:55.979680 [W:onnxruntime:, execution_frame.cc:870 VerifyOutputSizes] Expected shape from model of {} does not match actual shape of {2} for output output[m
[0;93m2026-05-03 01:28:56.018890 [W:onnxruntime:, execution_frame.cc:870 VerifyOutputSizes] Expected shape from model of {} does not match actual shape of {2} for output output[m
[0;93m2026-05-03 01:28:56.063037 [W:onnxruntime:, execution_frame.cc:870 VerifyOutputSizes] Expected shape from model of {} does not match actual shape of {2} for output output[m
  300/800
[0;93m2026-05-03 01:28:56.098572 [W:onnxruntime:, execution_frame.cc:870 VerifyOutputSizes] Expected shape from model of {} does not match actual shape of {2} for output output[m
[0;93m2026-05-03 01:28:56.123744 [W:onnxruntime:, execution_frame.cc:870 VerifyOutputSizes] Expected shape from model of {} does not match actual shape of {2} for output output[m
[0;93m2026-05-03 01:28:56.167612 [W:onnxruntime:, execution_frame.cc:870 VerifyOutputSizes] Expected shape from model of {} does not match actual shape of {2} for output output[m
[0;93m2026-05-03 01:28:56.209033 [W:onnxruntime:, execution_frame.cc:870 VerifyOutputSizes] Expected shape from model of {} does not match actual shape of {2} for output output[m
[0;93m2026-05-03 01:28:56.246529 [W:onnxruntime:, execution_frame.cc:870 VerifyOutputSizes] Expected shape from model of {} does not match actual shape of {2} for output output[m
[0;93m2026-05-03 01:28:56.269084 [W:onnxruntime:, execution_frame.cc:870 VerifyOutputSizes] Expected shape from model of {} does not match actual shape of {2} for output output[m
[0;93m2026-05-03 01:28:56.314147 [W:onnxruntime:, execution_frame.cc:870 VerifyOutputSizes] Expected shape from model of {} does not match actual shape of {2} for output output[m
[0;93m2026-05-03 01:28:56.354214 [W:onnxruntime:, execution_frame.cc:870 VerifyOutputSizes] Expected shape from model of {} does not match actual shape of {2} for output output[m
[0;93m2026-05-03 01:28:56.396731 [W:onnxruntime:, execution_frame.cc:870 VerifyOutputSizes] Expected shape from model of {} does not match actual shape of {2} for output output[m
[0;93m2026-05-03 01:28:56.438224 [W:onnxruntime:, execution_frame.cc:870 VerifyOutputSizes] Expected shape from model of {} does not match actual shape of {2} for output output[m
[0;93m2026-05-03 01:28:56.463457 [W:onnxruntime:, execution_frame.cc:870 VerifyOutputSizes] Expected shape from model of {} does not match actual shape of {2} for output output[m
[0;93m2026-05-03 01:28:56.504757 [W:onnxruntime:, execution_frame.cc:870 VerifyOutputSizes] Expected shape from model of {} does not match actual shape of {2} for output output[m
[0;93m2026-05-03 01:28:56.543606 [W:onnxruntime:, execution_frame.cc:870 VerifyOutputSizes] Expected shape from model of {} does not match actual shape of {2} for output output[m
[0;93m2026-05-03 01:28:56.582820 [W:onnxruntime:, execution_frame.cc:870 VerifyOutputSizes] Expected shape from model of {} does not match actual shape of {2} for output output[m
[0;93m2026-05-03 01:28:56.621342 [W:onnxruntime:, execution_frame.cc:870 VerifyOutputSizes] Expected shape from model of {} does not match actual shape of {2} for output output[m
[0;93m2026-05-03 01:28:56.660269 [W:onnxruntime:, execution_frame.cc:870 VerifyOutputSizes] Expected shape from model of {} does not match actual shape of {2} for output output[m
[0;93m2026-05-03 01:28:56.698771 [W:onnxruntime:, execution_frame.cc:870 VerifyOutputSizes] Expected shape from model of {} does not match actual shape of {2} for output output[m
[0;93m2026-05-03 01:28:56.738999 [W:onnxruntime:, execution_frame.cc:870 VerifyOutputSizes] Expected shape from model of {} does not match actual shape of {2} for output output[m
[0;93m2026-05-03 01:28:56.777730 [W:onnxruntime:, execution_frame.cc:870 VerifyOutputSizes] Expected shape from model of {} does not match actual shape of {2} for output output[m
[0;93m2026-05-03 01:28:56.818481 [W:onnxruntime:, execution_frame.cc:870 VerifyOutputSizes] Expected shape from model of {} does not match actual shape of {2} for output output[m
[0;93m2026-05-03 01:28:56.857870 [W:onnxruntime:, execution_frame.cc:870 VerifyOutputSizes] Expected shape from model of {} does not match actual shape of {2} for output output[m
[0;93m2026-05-03 01:28:56.898003 [W:onnxruntime:, execution_frame.cc:870 VerifyOutputSizes] Expected shape from model of {} does not match actual shape of {2} for output output[m
[0;93m2026-05-03 01:28:56.937727 [W:onnxruntime:, execution_frame.cc:870 VerifyOutputSizes] Expected shape from model of {} does not match actual shape of {2} for output output[m
[0;93m2026-05-03 01:28:56.974400 [W:onnxruntime:, execution_frame.cc:870 VerifyOutputSizes] Expected shape from model of {} does not match actual shape of {2} for output output[m
[0;93m2026-05-03 01:28:56.995955 [W:onnxruntime:, execution_frame.cc:870 VerifyOutputSizes] Expected shape from model of {} does not match actual shape of {2} for output output[m
[0;93m2026-05-03 01:28:57.034431 [W:onnxruntime:, execution_frame.cc:870 VerifyOutputSizes] Expected shape from model of {} does not match actual shape of {2} for output output[m
[0;93m2026-05-03 01:28:57.072517 [W:onnxruntime:, execution_frame.cc:870 VerifyOutputSizes] Expected shape from model of {} does not match actual shape of {2} for output output[m
[0;93m2026-05-03 01:28:57.111833 [W:onnxruntime:, execution_frame.cc:870 VerifyOutputSizes] Expected shape from model of {} does not match actual shape of {2} for output output[m
[0;93m2026-05-03 01:28:57.136354 [W:onnxruntime:, execution_frame.cc:870 VerifyOutputSizes] Expected shape from model of {} does not match actual shape of {2} for output output[m
[0;93m2026-05-03 01:28:57.176252 [W:onnxruntime:, execution_frame.cc:870 VerifyOutputSizes] Expected shape from model of {} does not match actual shape of {2} for output output[m
[0;93m2026-05-03 01:28:57.216776 [W:onnxruntime:, execution_frame.cc:870 VerifyOutputSizes] Expected shape from model of {} does not match actual shape of {2} for output output[m
[0;93m2026-05-03 01:28:57.254081 [W:onnxruntime:, execution_frame.cc:870 VerifyOutputSizes] Expected shape from model of {} does not match actual shape of {2} for output output[m
[0;93m2026-05-03 01:28:57.291224 [W:onnxruntime:, execution_frame.cc:870 VerifyOutputSizes] Expected shape from model of {} does not match actual shape of {2} for output output[m
[0;93m2026-05-03 01:28:57.333166 [W:onnxruntime:, execution_frame.cc:870 VerifyOutputSizes] Expected shape from model of {} does not match actual shape of {2} for output output[m
[0;93m2026-05-03 01:28:57.357995 [W:onnxruntime:, execution_frame.cc:870 VerifyOutputSizes] Expected shape from model of {} does not match actual shape of {2} for output output[m
[0;93m2026-05-03 01:28:57.396979 [W:onnxruntime:, execution_frame.cc:870 VerifyOutputSizes] Expected shape from model of {} does not match actual shape of {2} for output output[m
[0;93m2026-05-03 01:28:57.437160 [W:onnxruntime:, execution_frame.cc:870 VerifyOutputSizes] Expected shape from model of {} does not match actual shape of {2} for output output[m
[0;93m2026-05-03 01:28:57.480428 [W:onnxruntime:, execution_frame.cc:870 VerifyOutputSizes] Expected shape from model of {} does not match actual shape of {2} for output output[m
[0;93m2026-05-03 01:28:57.521887 [W:onnxruntime:, execution_frame.cc:870 VerifyOutputSizes] Expected shape from model of {} does not match actual shape of {2} for output output[m
[0;93m2026-05-03 01:28:57.559705 [W:onnxruntime:, execution_frame.cc:870 VerifyOutputSizes] Expected shape from model of {} does not match actual shape of {2} for output output[m
[0;93m2026-05-03 01:28:57.601582 [W:onnxruntime:, execution_frame.cc:870 VerifyOutputSizes] Expected shape from model of {} does not match actual shape of {2} for output output[m
[0;93m2026-05-03 01:28:57.646066 [W:onnxruntime:, execution_frame.cc:870 VerifyOutputSizes] Expected shape from model of {} does not match actual shape of {2} for output output[m
[0;93m2026-05-03 01:28:57.688793 [W:onnxruntime:, execution_frame.cc:870 VerifyOutputSizes] Expected shape from model of {} does not match actual shape of {2} for output output[m
[0;93m2026-05-03 01:28:57.732630 [W:onnxruntime:, execution_frame.cc:870 VerifyOutputSizes] Expected shape from model of {} does not match actual shape of {2} for output output[m
[0;93m2026-05-03 01:28:57.755684 [W:onnxruntime:, execution_frame.cc:870 VerifyOutputSizes] Expected shape from model of {} does not match actual shape of {2} for output output[m
[0;93m2026-05-03 01:28:57.799165 [W:onnxruntime:, execution_frame.cc:870 VerifyOutputSizes] Expected shape from model of {} does not match actual shape of {2} for output output[m
[0;93m2026-05-03 01:28:57.843204 [W:onnxruntime:, execution_frame.cc:870 VerifyOutputSizes] Expected shape from model of {} does not match actual shape of {2} for output output[m
[0;93m2026-05-03 01:28:57.868911 [W:onnxruntime:, execution_frame.cc:870 VerifyOutputSizes] Expected shape from model of {} does not match actual shape of {2} for output output[m
[0;93m2026-05-03 01:28:57.911613 [W:onnxruntime:, execution_frame.cc:870 VerifyOutputSizes] Expected shape from model of {} does not match actual shape of {2} for output output[m
[0;93m2026-05-03 01:28:57.956917 [W:onnxruntime:, execution_frame.cc:870 VerifyOutputSizes] Expected shape from model of {} does not match actual shape of {2} for output output[m
  350/800
[0;93m2026-05-03 01:28:58.001256 [W:onnxruntime:, execution_frame.cc:870 VerifyOutputSizes] Expected shape from model of {} does not match actual shape of {2} for output output[m
[0;93m2026-05-03 01:28:58.043709 [W:onnxruntime:, execution_frame.cc:870 VerifyOutputSizes] Expected shape from model of {} does not match actual shape of {2} for output output[m
[0;93m2026-05-03 01:28:58.067616 [W:onnxruntime:, execution_frame.cc:870 VerifyOutputSizes] Expected shape from model of {} does not match actual shape of {2} for output output[m
[0;93m2026-05-03 01:28:58.106426 [W:onnxruntime:, execution_frame.cc:870 VerifyOutputSizes] Expected shape from model of {} does not match actual shape of {2} for output output[m
[0;93m2026-05-03 01:28:58.131597 [W:onnxruntime:, execution_frame.cc:870 VerifyOutputSizes] Expected shape from model of {} does not match actual shape of {2} for output output[m
[0;93m2026-05-03 01:28:58.174331 [W:onnxruntime:, execution_frame.cc:870 VerifyOutputSizes] Expected shape from model of {} does not match actual shape of {2} for output output[m
[0;93m2026-05-03 01:28:58.217725 [W:onnxruntime:, execution_frame.cc:870 VerifyOutputSizes] Expected shape from model of {} does not match actual shape of {2} for output output[m
[0;93m2026-05-03 01:28:58.258937 [W:onnxruntime:, execution_frame.cc:870 VerifyOutputSizes] Expected shape from model of {} does not match actual shape of {2} for output output[m
[0;93m2026-05-03 01:28:58.301219 [W:onnxruntime:, execution_frame.cc:870 VerifyOutputSizes] Expected shape from model of {} does not match actual shape of {2} for output output[m
[0;93m2026-05-03 01:28:58.326731 [W:onnxruntime:, execution_frame.cc:870 VerifyOutputSizes] Expected shape from model of {} does not match actual shape of {2} for output output[m
[0;93m2026-05-03 01:28:58.368282 [W:onnxruntime:, execution_frame.cc:870 VerifyOutputSizes] Expected shape from model of {} does not match actual shape of {2} for output output[m
[0;93m2026-05-03 01:28:58.409444 [W:onnxruntime:, execution_frame.cc:870 VerifyOutputSizes] Expected shape from model of {} does not match actual shape of {2} for output output[m
[0;93m2026-05-03 01:28:58.453669 [W:onnxruntime:, execution_frame.cc:870 VerifyOutputSizes] Expected shape from model of {} does not match actual shape of {2} for output output[m
[0;93m2026-05-03 01:28:58.493756 [W:onnxruntime:, execution_frame.cc:870 VerifyOutputSizes] Expected shape from model of {} does not match actual shape of {2} for output output[m
[0;93m2026-05-03 01:28:58.518047 [W:onnxruntime:, execution_frame.cc:870 VerifyOutputSizes] Expected shape from model of {} does not match actual shape of {2} for output output[m
[0;93m2026-05-03 01:28:58.557905 [W:onnxruntime:, execution_frame.cc:870 VerifyOutputSizes] Expected shape from model of {} does not match actual shape of {2} for output output[m
[0;93m2026-05-03 01:28:58.596723 [W:onnxruntime:, execution_frame.cc:870 VerifyOutputSizes] Expected shape from model of {} does not match actual shape of {2} for output output[m
[0;93m2026-05-03 01:28:58.635459 [W:onnxruntime:, execution_frame.cc:870 VerifyOutputSizes] Expected shape from model of {} does not match actual shape of {2} for output output[m
[0;93m2026-05-03 01:28:58.674490 [W:onnxruntime:, execution_frame.cc:870 VerifyOutputSizes] Expected shape from model of {} does not match actual shape of {2} for output output[m
[0;93m2026-05-03 01:28:58.713038 [W:onnxruntime:, execution_frame.cc:870 VerifyOutputSizes] Expected shape from model of {} does not match actual shape of {2} for output output[m
[0;93m2026-05-03 01:28:58.752692 [W:onnxruntime:, execution_frame.cc:870 VerifyOutputSizes] Expected shape from model of {} does not match actual shape of {2} for output output[m
[0;93m2026-05-03 01:28:58.790078 [W:onnxruntime:, execution_frame.cc:870 VerifyOutputSizes] Expected shape from model of {} does not match actual shape of {2} for output output[m
[0;93m2026-05-03 01:28:58.826192 [W:onnxruntime:, execution_frame.cc:870 VerifyOutputSizes] Expected shape from model of {} does not match actual shape of {2} for output output[m
[0;93m2026-05-03 01:28:58.849279 [W:onnxruntime:, execution_frame.cc:870 VerifyOutputSizes] Expected shape from model of {} does not match actual shape of {2} for output output[m
[0;93m2026-05-03 01:28:58.891284 [W:onnxruntime:, execution_frame.cc:870 VerifyOutputSizes] Expected shape from model of {} does not match actual shape of {2} for output output[m
[0;93m2026-05-03 01:28:58.930955 [W:onnxruntime:, execution_frame.cc:870 VerifyOutputSizes] Expected shape from model of {} does not match actual shape of {2} for output output[m
[0;93m2026-05-03 01:28:58.969549 [W:onnxruntime:, execution_frame.cc:870 VerifyOutputSizes] Expected shape from model of {} does not match actual shape of {2} for output output[m
[0;93m2026-05-03 01:28:59.006953 [W:onnxruntime:, execution_frame.cc:870 VerifyOutputSizes] Expected shape from model of {} does not match actual shape of {2} for output output[m
[0;93m2026-05-03 01:28:59.043193 [W:onnxruntime:, execution_frame.cc:870 VerifyOutputSizes] Expected shape from model of {} does not match actual shape of {2} for output output[m
[0;93m2026-05-03 01:28:59.069661 [W:onnxruntime:, execution_frame.cc:870 VerifyOutputSizes] Expected shape from model of {} does not match actual shape of {2} for output output[m
[0;93m2026-05-03 01:28:59.110044 [W:onnxruntime:, execution_frame.cc:870 VerifyOutputSizes] Expected shape from model of {} does not match actual shape of {2} for output output[m
[0;93m2026-05-03 01:28:59.153302 [W:onnxruntime:, execution_frame.cc:870 VerifyOutputSizes] Expected shape from model of {} does not match actual shape of {2} for output output[m
[0;93m2026-05-03 01:28:59.176733 [W:onnxruntime:, execution_frame.cc:870 VerifyOutputSizes] Expected shape from model of {} does not match actual shape of {2} for output output[m
[0;93m2026-05-03 01:28:59.218190 [W:onnxruntime:, execution_frame.cc:870 VerifyOutputSizes] Expected shape from model of {} does not match actual shape of {2} for output output[m
[0;93m2026-05-03 01:28:59.256658 [W:onnxruntime:, execution_frame.cc:870 VerifyOutputSizes] Expected shape from model of {} does not match actual shape of {2} for output output[m
[0;93m2026-05-03 01:28:59.280221 [W:onnxruntime:, execution_frame.cc:870 VerifyOutputSizes] Expected shape from model of {} does not match actual shape of {2} for output output[m
[0;93m2026-05-03 01:28:59.321774 [W:onnxruntime:, execution_frame.cc:870 VerifyOutputSizes] Expected shape from model of {} does not match actual shape of {2} for output output[m
[0;93m2026-05-03 01:28:59.366863 [W:onnxruntime:, execution_frame.cc:870 VerifyOutputSizes] Expected shape from model of {} does not match actual shape of {2} for output output[m
[0;93m2026-05-03 01:28:59.408327 [W:onnxruntime:, execution_frame.cc:870 VerifyOutputSizes] Expected shape from model of {} does not match actual shape of {2} for output output[m
[0;93m2026-05-03 01:28:59.448709 [W:onnxruntime:, execution_frame.cc:870 VerifyOutputSizes] Expected shape from model of {} does not match actual shape of {2} for output output[m
[0;93m2026-05-03 01:28:59.488589 [W:onnxruntime:, execution_frame.cc:870 VerifyOutputSizes] Expected shape from model of {} does not match actual shape of {2} for output output[m
[0;93m2026-05-03 01:28:59.527988 [W:onnxruntime:, execution_frame.cc:870 VerifyOutputSizes] Expected shape from model of {} does not match actual shape of {2} for output output[m
[0;93m2026-05-03 01:28:59.571178 [W:onnxruntime:, execution_frame.cc:870 VerifyOutputSizes] Expected shape from model of {} does not match actual shape of {2} for output output[m
[0;93m2026-05-03 01:28:59.612793 [W:onnxruntime:, execution_frame.cc:870 VerifyOutputSizes] Expected shape from model of {} does not match actual shape of {2} for output output[m
[0;93m2026-05-03 01:28:59.655733 [W:onnxruntime:, execution_frame.cc:870 VerifyOutputSizes] Expected shape from model of {} does not match actual shape of {2} for output output[m
[0;93m2026-05-03 01:28:59.697603 [W:onnxruntime:, execution_frame.cc:870 VerifyOutputSizes] Expected shape from model of {} does not match actual shape of {2} for output output[m
[0;93m2026-05-03 01:28:59.741432 [W:onnxruntime:, execution_frame.cc:870 VerifyOutputSizes] Expected shape from model of {} does not match actual shape of {2} for output output[m
[0;93m2026-05-03 01:28:59.785619 [W:onnxruntime:, execution_frame.cc:870 VerifyOutputSizes] Expected shape from model of {} does not match actual shape of {2} for output output[m
[0;93m2026-05-03 01:28:59.830642 [W:onnxruntime:, execution_frame.cc:870 VerifyOutputSizes] Expected shape from model of {} does not match actual shape of {2} for output output[m
[0;93m2026-05-03 01:28:59.871074 [W:onnxruntime:, execution_frame.cc:870 VerifyOutputSizes] Expected shape from model of {} does not match actual shape of {2} for output output[m
  400/800
[0;93m2026-05-03 01:28:59.894388 [W:onnxruntime:, execution_frame.cc:870 VerifyOutputSizes] Expected shape from model of {} does not match actual shape of {2} for output output[m
[0;93m2026-05-03 01:28:59.937101 [W:onnxruntime:, execution_frame.cc:870 VerifyOutputSizes] Expected shape from model of {} does not match actual shape of {2} for output output[m
[0;93m2026-05-03 01:28:59.980175 [W:onnxruntime:, execution_frame.cc:870 VerifyOutputSizes] Expected shape from model of {} does not match actual shape of {2} for output output[m
[0;93m2026-05-03 01:29:00.016419 [W:onnxruntime:, execution_frame.cc:870 VerifyOutputSizes] Expected shape from model of {} does not match actual shape of {2} for output output[m
[0;93m2026-05-03 01:29:00.058794 [W:onnxruntime:, execution_frame.cc:870 VerifyOutputSizes] Expected shape from model of {} does not match actual shape of {2} for output output[m
[0;93m2026-05-03 01:29:00.100084 [W:onnxruntime:, execution_frame.cc:870 VerifyOutputSizes] Expected shape from model of {} does not match actual shape of {2} for output output[m
[0;93m2026-05-03 01:29:00.139113 [W:onnxruntime:, execution_frame.cc:870 VerifyOutputSizes] Expected shape from model of {} does not match actual shape of {2} for output output[m
[0;93m2026-05-03 01:29:00.184570 [W:onnxruntime:, execution_frame.cc:870 VerifyOutputSizes] Expected shape from model of {} does not match actual shape of {2} for output output[m
[0;93m2026-05-03 01:29:00.225500 [W:onnxruntime:, execution_frame.cc:870 VerifyOutputSizes] Expected shape from model of {} does not match actual shape of {2} for output output[m
[0;93m2026-05-03 01:29:00.263609 [W:onnxruntime:, execution_frame.cc:870 VerifyOutputSizes] Expected shape from model of {} does not match actual shape of {2} for output output[m
[0;93m2026-05-03 01:29:00.291338 [W:onnxruntime:, execution_frame.cc:870 VerifyOutputSizes] Expected shape from model of {} does not match actual shape of {2} for output output[m
[0;93m2026-05-03 01:29:00.334598 [W:onnxruntime:, execution_frame.cc:870 VerifyOutputSizes] Expected shape from model of {} does not match actual shape of {2} for output output[m
[0;93m2026-05-03 01:29:00.376515 [W:onnxruntime:, execution_frame.cc:870 VerifyOutputSizes] Expected shape from model of {} does not match actual shape of {2} for output output[m
[0;93m2026-05-03 01:29:00.417454 [W:onnxruntime:, execution_frame.cc:870 VerifyOutputSizes] Expected shape from model of {} does not match actual shape of {2} for output output[m
[0;93m2026-05-03 01:29:00.442083 [W:onnxruntime:, execution_frame.cc:870 VerifyOutputSizes] Expected shape from model of {} does not match actual shape of {2} for output output[m
[0;93m2026-05-03 01:29:00.483954 [W:onnxruntime:, execution_frame.cc:870 VerifyOutputSizes] Expected shape from model of {} does not match actual shape of {2} for output output[m
[0;93m2026-05-03 01:29:00.523152 [W:onnxruntime:, execution_frame.cc:870 VerifyOutputSizes] Expected shape from model of {} does not match actual shape of {2} for output output[m
[0;93m2026-05-03 01:29:00.562791 [W:onnxruntime:, execution_frame.cc:870 VerifyOutputSizes] Expected shape from model of {} does not match actual shape of {2} for output output[m
[0;93m2026-05-03 01:29:00.600027 [W:onnxruntime:, execution_frame.cc:870 VerifyOutputSizes] Expected shape from model of {} does not match actual shape of {2} for output output[m
[0;93m2026-05-03 01:29:00.638384 [W:onnxruntime:, execution_frame.cc:870 VerifyOutputSizes] Expected shape from model of {} does not match actual shape of {2} for output output[m
[0;93m2026-05-03 01:29:00.675885 [W:onnxruntime:, execution_frame.cc:870 VerifyOutputSizes] Expected shape from model of {} does not match actual shape of {2} for output output[m
[0;93m2026-05-03 01:29:00.699297 [W:onnxruntime:, execution_frame.cc:870 VerifyOutputSizes] Expected shape from model of {} does not match actual shape of {2} for output output[m
[0;93m2026-05-03 01:29:00.722199 [W:onnxruntime:, execution_frame.cc:870 VerifyOutputSizes] Expected shape from model of {} does not match actual shape of {2} for output output[m
[0;93m2026-05-03 01:29:00.744948 [W:onnxruntime:, execution_frame.cc:870 VerifyOutputSizes] Expected shape from model of {} does not match actual shape of {2} for output output[m
[0;93m2026-05-03 01:29:00.780965 [W:onnxruntime:, execution_frame.cc:870 VerifyOutputSizes] Expected shape from model of {} does not match actual shape of {2} for output output[m
[0;93m2026-05-03 01:29:00.803151 [W:onnxruntime:, execution_frame.cc:870 VerifyOutputSizes] Expected shape from model of {} does not match actual shape of {2} for output output[m
[0;93m2026-05-03 01:29:00.841147 [W:onnxruntime:, execution_frame.cc:870 VerifyOutputSizes] Expected shape from model of {} does not match actual shape of {2} for output output[m
[0;93m2026-05-03 01:29:00.879483 [W:onnxruntime:, execution_frame.cc:870 VerifyOutputSizes] Expected shape from model of {} does not match actual shape of {2} for output output[m
[0;93m2026-05-03 01:29:00.913493 [W:onnxruntime:, execution_frame.cc:870 VerifyOutputSizes] Expected shape from model of {} does not match actual shape of {2} for output output[m
[0;93m2026-05-03 01:29:00.949247 [W:onnxruntime:, execution_frame.cc:870 VerifyOutputSizes] Expected shape from model of {} does not match actual shape of {2} for output output[m
[0;93m2026-05-03 01:29:00.985129 [W:onnxruntime:, execution_frame.cc:870 VerifyOutputSizes] Expected shape from model of {} does not match actual shape of {2} for output output[m
[0;93m2026-05-03 01:29:01.022461 [W:onnxruntime:, execution_frame.cc:870 VerifyOutputSizes] Expected shape from model of {} does not match actual shape of {2} for output output[m
[0;93m2026-05-03 01:29:01.061058 [W:onnxruntime:, execution_frame.cc:870 VerifyOutputSizes] Expected shape from model of {} does not match actual shape of {2} for output output[m
[0;93m2026-05-03 01:29:01.104992 [W:onnxruntime:, execution_frame.cc:870 VerifyOutputSizes] Expected shape from model of {} does not match actual shape of {2} for output output[m
[0;93m2026-05-03 01:29:01.143171 [W:onnxruntime:, execution_frame.cc:870 VerifyOutputSizes] Expected shape from model of {} does not match actual shape of {2} for output output[m
[0;93m2026-05-03 01:29:01.166153 [W:onnxruntime:, execution_frame.cc:870 VerifyOutputSizes] Expected shape from model of {} does not match actual shape of {2} for output output[m
[0;93m2026-05-03 01:29:01.207240 [W:onnxruntime:, execution_frame.cc:870 VerifyOutputSizes] Expected shape from model of {} does not match actual shape of {2} for output output[m
[0;93m2026-05-03 01:29:01.246996 [W:onnxruntime:, execution_frame.cc:870 VerifyOutputSizes] Expected shape from model of {} does not match actual shape of {2} for output output[m
[0;93m2026-05-03 01:29:01.285027 [W:onnxruntime:, execution_frame.cc:870 VerifyOutputSizes] Expected shape from model of {} does not match actual shape of {2} for output output[m
[0;93m2026-05-03 01:29:01.322032 [W:onnxruntime:, execution_frame.cc:870 VerifyOutputSizes] Expected shape from model of {} does not match actual shape of {2} for output output[m
[0;93m2026-05-03 01:29:01.363856 [W:onnxruntime:, execution_frame.cc:870 VerifyOutputSizes] Expected shape from model of {} does not match actual shape of {2} for output output[m
[0;93m2026-05-03 01:29:01.390343 [W:onnxruntime:, execution_frame.cc:870 VerifyOutputSizes] Expected shape from model of {} does not match actual shape of {2} for output output[m
[0;93m2026-05-03 01:29:01.430352 [W:onnxruntime:, execution_frame.cc:870 VerifyOutputSizes] Expected shape from model of {} does not match actual shape of {2} for output output[m
[0;93m2026-05-03 01:29:01.453891 [W:onnxruntime:, execution_frame.cc:870 VerifyOutputSizes] Expected shape from model of {} does not match actual shape of {2} for output output[m
[0;93m2026-05-03 01:29:01.495876 [W:onnxruntime:, execution_frame.cc:870 VerifyOutputSizes] Expected shape from model of {} does not match actual shape of {2} for output output[m
[0;93m2026-05-03 01:29:01.532020 [W:onnxruntime:, execution_frame.cc:870 VerifyOutputSizes] Expected shape from model of {} does not match actual shape of {2} for output output[m
[0;93m2026-05-03 01:29:01.573098 [W:onnxruntime:, execution_frame.cc:870 VerifyOutputSizes] Expected shape from model of {} does not match actual shape of {2} for output output[m
[0;93m2026-05-03 01:29:01.612850 [W:onnxruntime:, execution_frame.cc:870 VerifyOutputSizes] Expected shape from model of {} does not match actual shape of {2} for output output[m
[0;93m2026-05-03 01:29:01.657102 [W:onnxruntime:, execution_frame.cc:870 VerifyOutputSizes] Expected shape from model of {} does not match actual shape of {2} for output output[m
[0;93m2026-05-03 01:29:01.697398 [W:onnxruntime:, execution_frame.cc:870 VerifyOutputSizes] Expected shape from model of {} does not match actual shape of {2} for output output[m
  450/800
[0;93m2026-05-03 01:29:01.720264 [W:onnxruntime:, execution_frame.cc:870 VerifyOutputSizes] Expected shape from model of {} does not match actual shape of {2} for output output[m
[0;93m2026-05-03 01:29:01.744746 [W:onnxruntime:, execution_frame.cc:870 VerifyOutputSizes] Expected shape from model of {} does not match actual shape of {2} for output output[m
[0;93m2026-05-03 01:29:01.786107 [W:onnxruntime:, execution_frame.cc:870 VerifyOutputSizes] Expected shape from model of {} does not match actual shape of {2} for output output[m
[0;93m2026-05-03 01:29:01.830068 [W:onnxruntime:, execution_frame.cc:870 VerifyOutputSizes] Expected shape from model of {} does not match actual shape of {2} for output output[m
[0;93m2026-05-03 01:29:01.873393 [W:onnxruntime:, execution_frame.cc:870 VerifyOutputSizes] Expected shape from model of {} does not match actual shape of {2} for output output[m
[0;93m2026-05-03 01:29:01.904056 [W:onnxruntime:, execution_frame.cc:870 VerifyOutputSizes] Expected shape from model of {} does not match actual shape of {2} for output output[m
[0;93m2026-05-03 01:29:01.948897 [W:onnxruntime:, execution_frame.cc:870 VerifyOutputSizes] Expected shape from model of {} does not match actual shape of {2} for output output[m
[0;93m2026-05-03 01:29:01.989672 [W:onnxruntime:, execution_frame.cc:870 VerifyOutputSizes] Expected shape from model of {} does not match actual shape of {2} for output output[m
[0;93m2026-05-03 01:29:02.029887 [W:onnxruntime:, execution_frame.cc:870 VerifyOutputSizes] Expected shape from model of {} does not match actual shape of {2} for output output[m
[0;93m2026-05-03 01:29:02.054341 [W:onnxruntime:, execution_frame.cc:870 VerifyOutputSizes] Expected shape from model of {} does not match actual shape of {2} for output output[m
[0;93m2026-05-03 01:29:02.080981 [W:onnxruntime:, execution_frame.cc:870 VerifyOutputSizes] Expected shape from model of {} does not match actual shape of {2} for output output[m
[0;93m2026-05-03 01:29:02.124118 [W:onnxruntime:, execution_frame.cc:870 VerifyOutputSizes] Expected shape from model of {} does not match actual shape of {2} for output output[m
[0;93m2026-05-03 01:29:02.166866 [W:onnxruntime:, execution_frame.cc:870 VerifyOutputSizes] Expected shape from model of {} does not match actual shape of {2} for output output[m
[0;93m2026-05-03 01:29:02.206115 [W:onnxruntime:, execution_frame.cc:870 VerifyOutputSizes] Expected shape from model of {} does not match actual shape of {2} for output output[m
[0;93m2026-05-03 01:29:02.230569 [W:onnxruntime:, execution_frame.cc:870 VerifyOutputSizes] Expected shape from model of {} does not match actual shape of {2} for output output[m
[0;93m2026-05-03 01:29:02.271781 [W:onnxruntime:, execution_frame.cc:870 VerifyOutputSizes] Expected shape from model of {} does not match actual shape of {2} for output output[m
[0;93m2026-05-03 01:29:02.313383 [W:onnxruntime:, execution_frame.cc:870 VerifyOutputSizes] Expected shape from model of {} does not match actual shape of {2} for output output[m
[0;93m2026-05-03 01:29:02.356981 [W:onnxruntime:, execution_frame.cc:870 VerifyOutputSizes] Expected shape from model of {} does not match actual shape of {2} for output output[m
[0;93m2026-05-03 01:29:02.394080 [W:onnxruntime:, execution_frame.cc:870 VerifyOutputSizes] Expected shape from model of {} does not match actual shape of {2} for output output[m
[0;93m2026-05-03 01:29:02.435294 [W:onnxruntime:, execution_frame.cc:870 VerifyOutputSizes] Expected shape from model of {} does not match actual shape of {2} for output output[m
[0;93m2026-05-03 01:29:02.460356 [W:onnxruntime:, execution_frame.cc:870 VerifyOutputSizes] Expected shape from model of {} does not match actual shape of {2} for output output[m
[0;93m2026-05-03 01:29:02.501780 [W:onnxruntime:, execution_frame.cc:870 VerifyOutputSizes] Expected shape from model of {} does not match actual shape of {2} for output output[m
[0;93m2026-05-03 01:29:02.543617 [W:onnxruntime:, execution_frame.cc:870 VerifyOutputSizes] Expected shape from model of {} does not match actual shape of {2} for output output[m
[0;93m2026-05-03 01:29:02.581427 [W:onnxruntime:, execution_frame.cc:870 VerifyOutputSizes] Expected shape from model of {} does not match actual shape of {2} for output output[m
[0;93m2026-05-03 01:29:02.618130 [W:onnxruntime:, execution_frame.cc:870 VerifyOutputSizes] Expected shape from model of {} does not match actual shape of {2} for output output[m
[0;93m2026-05-03 01:29:02.656873 [W:onnxruntime:, execution_frame.cc:870 VerifyOutputSizes] Expected shape from model of {} does not match actual shape of {2} for output output[m
[0;93m2026-05-03 01:29:02.696670 [W:onnxruntime:, execution_frame.cc:870 VerifyOutputSizes] Expected shape from model of {} does not match actual shape of {2} for output output[m
[0;93m2026-05-03 01:29:02.733339 [W:onnxruntime:, execution_frame.cc:870 VerifyOutputSizes] Expected shape from model of {} does not match actual shape of {2} for output output[m
[0;93m2026-05-03 01:29:02.772366 [W:onnxruntime:, execution_frame.cc:870 VerifyOutputSizes] Expected shape from model of {} does not match actual shape of {2} for output output[m
[0;93m2026-05-03 01:29:02.810868 [W:onnxruntime:, execution_frame.cc:870 VerifyOutputSizes] Expected shape from model of {} does not match actual shape of {2} for output output[m
[0;93m2026-05-03 01:29:02.848102 [W:onnxruntime:, execution_frame.cc:870 VerifyOutputSizes] Expected shape from model of {} does not match actual shape of {2} for output output[m
[0;93m2026-05-03 01:29:02.884594 [W:onnxruntime:, execution_frame.cc:870 VerifyOutputSizes] Expected shape from model of {} does not match actual shape of {2} for output output[m
[0;93m2026-05-03 01:29:02.907491 [W:onnxruntime:, execution_frame.cc:870 VerifyOutputSizes] Expected shape from model of {} does not match actual shape of {2} for output output[m
[0;93m2026-05-03 01:29:02.944098 [W:onnxruntime:, execution_frame.cc:870 VerifyOutputSizes] Expected shape from model of {} does not match actual shape of {2} for output output[m
[0;93m2026-05-03 01:29:02.980096 [W:onnxruntime:, execution_frame.cc:870 VerifyOutputSizes] Expected shape from model of {} does not match actual shape of {2} for output output[m
[0;93m2026-05-03 01:29:03.019229 [W:onnxruntime:, execution_frame.cc:870 VerifyOutputSizes] Expected shape from model of {} does not match actual shape of {2} for output output[m
[0;93m2026-05-03 01:29:03.054825 [W:onnxruntime:, execution_frame.cc:870 VerifyOutputSizes] Expected shape from model of {} does not match actual shape of {2} for output output[m
[0;93m2026-05-03 01:29:03.094298 [W:onnxruntime:, execution_frame.cc:870 VerifyOutputSizes] Expected shape from model of {} does not match actual shape of {2} for output output[m
[0;93m2026-05-03 01:29:03.136431 [W:onnxruntime:, execution_frame.cc:870 VerifyOutputSizes] Expected shape from model of {} does not match actual shape of {2} for output output[m
[0;93m2026-05-03 01:29:03.174548 [W:onnxruntime:, execution_frame.cc:870 VerifyOutputSizes] Expected shape from model of {} does not match actual shape of {2} for output output[m
[0;93m2026-05-03 01:29:03.201581 [W:onnxruntime:, execution_frame.cc:870 VerifyOutputSizes] Expected shape from model of {} does not match actual shape of {2} for output output[m
[0;93m2026-05-03 01:29:03.226500 [W:onnxruntime:, execution_frame.cc:870 VerifyOutputSizes] Expected shape from model of {} does not match actual shape of {2} for output output[m
[0;93m2026-05-03 01:29:03.265886 [W:onnxruntime:, execution_frame.cc:870 VerifyOutputSizes] Expected shape from model of {} does not match actual shape of {2} for output output[m
[0;93m2026-05-03 01:29:03.306673 [W:onnxruntime:, execution_frame.cc:870 VerifyOutputSizes] Expected shape from model of {} does not match actual shape of {2} for output output[m
[0;93m2026-05-03 01:29:03.346127 [W:onnxruntime:, execution_frame.cc:870 VerifyOutputSizes] Expected shape from model of {} does not match actual shape of {2} for output output[m
[0;93m2026-05-03 01:29:03.383404 [W:onnxruntime:, execution_frame.cc:870 VerifyOutputSizes] Expected shape from model of {} does not match actual shape of {2} for output output[m
[0;93m2026-05-03 01:29:03.424435 [W:onnxruntime:, execution_frame.cc:870 VerifyOutputSizes] Expected shape from model of {} does not match actual shape of {2} for output output[m
[0;93m2026-05-03 01:29:03.466693 [W:onnxruntime:, execution_frame.cc:870 VerifyOutputSizes] Expected shape from model of {} does not match actual shape of {2} for output output[m
[0;93m2026-05-03 01:29:03.506628 [W:onnxruntime:, execution_frame.cc:870 VerifyOutputSizes] Expected shape from model of {} does not match actual shape of {2} for output output[m
[0;93m2026-05-03 01:29:03.544634 [W:onnxruntime:, execution_frame.cc:870 VerifyOutputSizes] Expected shape from model of {} does not match actual shape of {2} for output output[m
  500/800
[0;93m2026-05-03 01:29:03.584235 [W:onnxruntime:, execution_frame.cc:870 VerifyOutputSizes] Expected shape from model of {} does not match actual shape of {2} for output output[m
[0;93m2026-05-03 01:29:03.608934 [W:onnxruntime:, execution_frame.cc:870 VerifyOutputSizes] Expected shape from model of {} does not match actual shape of {2} for output output[m
[0;93m2026-05-03 01:29:03.648472 [W:onnxruntime:, execution_frame.cc:870 VerifyOutputSizes] Expected shape from model of {} does not match actual shape of {2} for output output[m
[0;93m2026-05-03 01:29:03.686594 [W:onnxruntime:, execution_frame.cc:870 VerifyOutputSizes] Expected shape from model of {} does not match actual shape of {2} for output output[m
[0;93m2026-05-03 01:29:03.726555 [W:onnxruntime:, execution_frame.cc:870 VerifyOutputSizes] Expected shape from model of {} does not match actual shape of {2} for output output[m
[0;93m2026-05-03 01:29:03.768060 [W:onnxruntime:, execution_frame.cc:870 VerifyOutputSizes] Expected shape from model of {} does not match actual shape of {2} for output output[m
[0;93m2026-05-03 01:29:03.809275 [W:onnxruntime:, execution_frame.cc:870 VerifyOutputSizes] Expected shape from model of {} does not match actual shape of {2} for output output[m
[0;93m2026-05-03 01:29:03.834037 [W:onnxruntime:, execution_frame.cc:870 VerifyOutputSizes] Expected shape from model of {} does not match actual shape of {2} for output output[m
[0;93m2026-05-03 01:29:03.875588 [W:onnxruntime:, execution_frame.cc:870 VerifyOutputSizes] Expected shape from model of {} does not match actual shape of {2} for output output[m
[0;93m2026-05-03 01:29:03.913900 [W:onnxruntime:, execution_frame.cc:870 VerifyOutputSizes] Expected shape from model of {} does not match actual shape of {2} for output output[m
[0;93m2026-05-03 01:29:03.938430 [W:onnxruntime:, execution_frame.cc:870 VerifyOutputSizes] Expected shape from model of {} does not match actual shape of {2} for output output[m
[0;93m2026-05-03 01:29:03.960911 [W:onnxruntime:, execution_frame.cc:870 VerifyOutputSizes] Expected shape from model of {} does not match actual shape of {2} for output output[m
[0;93m2026-05-03 01:29:03.984553 [W:onnxruntime:, execution_frame.cc:870 VerifyOutputSizes] Expected shape from model of {} does not match actual shape of {2} for output output[m
[0;93m2026-05-03 01:29:04.008365 [W:onnxruntime:, execution_frame.cc:870 VerifyOutputSizes] Expected shape from model of {} does not match actual shape of {2} for output output[m
[0;93m2026-05-03 01:29:04.047804 [W:onnxruntime:, execution_frame.cc:870 VerifyOutputSizes] Expected shape from model of {} does not match actual shape of {2} for output output[m
[0;93m2026-05-03 01:29:04.088383 [W:onnxruntime:, execution_frame.cc:870 VerifyOutputSizes] Expected shape from model of {} does not match actual shape of {2} for output output[m
[0;93m2026-05-03 01:29:04.127824 [W:onnxruntime:, execution_frame.cc:870 VerifyOutputSizes] Expected shape from model of {} does not match actual shape of {2} for output output[m
[0;93m2026-05-03 01:29:04.168468 [W:onnxruntime:, execution_frame.cc:870 VerifyOutputSizes] Expected shape from model of {} does not match actual shape of {2} for output output[m
[0;93m2026-05-03 01:29:04.208750 [W:onnxruntime:, execution_frame.cc:870 VerifyOutputSizes] Expected shape from model of {} does not match actual shape of {2} for output output[m
[0;93m2026-05-03 01:29:04.252582 [W:onnxruntime:, execution_frame.cc:870 VerifyOutputSizes] Expected shape from model of {} does not match actual shape of {2} for output output[m
[0;93m2026-05-03 01:29:04.291357 [W:onnxruntime:, execution_frame.cc:870 VerifyOutputSizes] Expected shape from model of {} does not match actual shape of {2} for output output[m
[0;93m2026-05-03 01:29:04.315266 [W:onnxruntime:, execution_frame.cc:870 VerifyOutputSizes] Expected shape from model of {} does not match actual shape of {2} for output output[m
[0;93m2026-05-03 01:29:04.357077 [W:onnxruntime:, execution_frame.cc:870 VerifyOutputSizes] Expected shape from model of {} does not match actual shape of {2} for output output[m
[0;93m2026-05-03 01:29:04.398431 [W:onnxruntime:, execution_frame.cc:870 VerifyOutputSizes] Expected shape from model of {} does not match actual shape of {2} for output output[m
[0;93m2026-05-03 01:29:04.438762 [W:onnxruntime:, execution_frame.cc:870 VerifyOutputSizes] Expected shape from model of {} does not match actual shape of {2} for output output[m
[0;93m2026-05-03 01:29:04.463728 [W:onnxruntime:, execution_frame.cc:870 VerifyOutputSizes] Expected shape from model of {} does not match actual shape of {2} for output output[m
[0;93m2026-05-03 01:29:04.503277 [W:onnxruntime:, execution_frame.cc:870 VerifyOutputSizes] Expected shape from model of {} does not match actual shape of {2} for output output[m
[0;93m2026-05-03 01:29:04.548832 [W:onnxruntime:, execution_frame.cc:870 VerifyOutputSizes] Expected shape from model of {} does not match actual shape of {2} for output output[m
[0;93m2026-05-03 01:29:04.586972 [W:onnxruntime:, execution_frame.cc:870 VerifyOutputSizes] Expected shape from model of {} does not match actual shape of {2} for output output[m
[0;93m2026-05-03 01:29:04.609043 [W:onnxruntime:, execution_frame.cc:870 VerifyOutputSizes] Expected shape from model of {} does not match actual shape of {2} for output output[m
[0;93m2026-05-03 01:29:04.647946 [W:onnxruntime:, execution_frame.cc:870 VerifyOutputSizes] Expected shape from model of {} does not match actual shape of {2} for output output[m
[0;93m2026-05-03 01:29:04.684412 [W:onnxruntime:, execution_frame.cc:870 VerifyOutputSizes] Expected shape from model of {} does not match actual shape of {2} for output output[m
[0;93m2026-05-03 01:29:04.707762 [W:onnxruntime:, execution_frame.cc:870 VerifyOutputSizes] Expected shape from model of {} does not match actual shape of {2} for output output[m
[0;93m2026-05-03 01:29:04.746803 [W:onnxruntime:, execution_frame.cc:870 VerifyOutputSizes] Expected shape from model of {} does not match actual shape of {2} for output output[m
[0;93m2026-05-03 01:29:04.785558 [W:onnxruntime:, execution_frame.cc:870 VerifyOutputSizes] Expected shape from model of {} does not match actual shape of {2} for output output[m
[0;93m2026-05-03 01:29:04.821340 [W:onnxruntime:, execution_frame.cc:870 VerifyOutputSizes] Expected shape from model of {} does not match actual shape of {2} for output output[m
[0;93m2026-05-03 01:29:04.861300 [W:onnxruntime:, execution_frame.cc:870 VerifyOutputSizes] Expected shape from model of {} does not match actual shape of {2} for output output[m
[0;93m2026-05-03 01:29:04.900591 [W:onnxruntime:, execution_frame.cc:870 VerifyOutputSizes] Expected shape from model of {} does not match actual shape of {2} for output output[m
[0;93m2026-05-03 01:29:04.936963 [W:onnxruntime:, execution_frame.cc:870 VerifyOutputSizes] Expected shape from model of {} does not match actual shape of {2} for output output[m
[0;93m2026-05-03 01:29:04.959646 [W:onnxruntime:, execution_frame.cc:870 VerifyOutputSizes] Expected shape from model of {} does not match actual shape of {2} for output output[m
[0;93m2026-05-03 01:29:04.995195 [W:onnxruntime:, execution_frame.cc:870 VerifyOutputSizes] Expected shape from model of {} does not match actual shape of {2} for output output[m
[0;93m2026-05-03 01:29:05.033983 [W:onnxruntime:, execution_frame.cc:870 VerifyOutputSizes] Expected shape from model of {} does not match actual shape of {2} for output output[m
[0;93m2026-05-03 01:29:05.070123 [W:onnxruntime:, execution_frame.cc:870 VerifyOutputSizes] Expected shape from model of {} does not match actual shape of {2} for output output[m
[0;93m2026-05-03 01:29:05.107071 [W:onnxruntime:, execution_frame.cc:870 VerifyOutputSizes] Expected shape from model of {} does not match actual shape of {2} for output output[m
[0;93m2026-05-03 01:29:05.129892 [W:onnxruntime:, execution_frame.cc:870 VerifyOutputSizes] Expected shape from model of {} does not match actual shape of {2} for output output[m
[0;93m2026-05-03 01:29:05.173840 [W:onnxruntime:, execution_frame.cc:870 VerifyOutputSizes] Expected shape from model of {} does not match actual shape of {2} for output output[m
[0;93m2026-05-03 01:29:05.217225 [W:onnxruntime:, execution_frame.cc:870 VerifyOutputSizes] Expected shape from model of {} does not match actual shape of {2} for output output[m
[0;93m2026-05-03 01:29:05.256981 [W:onnxruntime:, execution_frame.cc:870 VerifyOutputSizes] Expected shape from model of {} does not match actual shape of {2} for output output[m
[0;93m2026-05-03 01:29:05.296410 [W:onnxruntime:, execution_frame.cc:870 VerifyOutputSizes] Expected shape from model of {} does not match actual shape of {2} for output output[m
[0;93m2026-05-03 01:29:05.335015 [W:onnxruntime:, execution_frame.cc:870 VerifyOutputSizes] Expected shape from model of {} does not match actual shape of {2} for output output[m
  550/800
[0;93m2026-05-03 01:29:05.374298 [W:onnxruntime:, execution_frame.cc:870 VerifyOutputSizes] Expected shape from model of {} does not match actual shape of {2} for output output[m
[0;93m2026-05-03 01:29:05.417416 [W:onnxruntime:, execution_frame.cc:870 VerifyOutputSizes] Expected shape from model of {} does not match actual shape of {2} for output output[m
[0;93m2026-05-03 01:29:05.459227 [W:onnxruntime:, execution_frame.cc:870 VerifyOutputSizes] Expected shape from model of {} does not match actual shape of {2} for output output[m
[0;93m2026-05-03 01:29:05.481696 [W:onnxruntime:, execution_frame.cc:870 VerifyOutputSizes] Expected shape from model of {} does not match actual shape of {2} for output output[m
[0;93m2026-05-03 01:29:05.519482 [W:onnxruntime:, execution_frame.cc:870 VerifyOutputSizes] Expected shape from model of {} does not match actual shape of {2} for output output[m
[0;93m2026-05-03 01:29:05.563251 [W:onnxruntime:, execution_frame.cc:870 VerifyOutputSizes] Expected shape from model of {} does not match actual shape of {2} for output output[m
[0;93m2026-05-03 01:29:05.604753 [W:onnxruntime:, execution_frame.cc:870 VerifyOutputSizes] Expected shape from model of {} does not match actual shape of {2} for output output[m
[0;93m2026-05-03 01:29:05.644876 [W:onnxruntime:, execution_frame.cc:870 VerifyOutputSizes] Expected shape from model of {} does not match actual shape of {2} for output output[m
[0;93m2026-05-03 01:29:05.670312 [W:onnxruntime:, execution_frame.cc:870 VerifyOutputSizes] Expected shape from model of {} does not match actual shape of {2} for output output[m
[0;93m2026-05-03 01:29:05.712531 [W:onnxruntime:, execution_frame.cc:870 VerifyOutputSizes] Expected shape from model of {} does not match actual shape of {2} for output output[m
[0;93m2026-05-03 01:29:05.751000 [W:onnxruntime:, execution_frame.cc:870 VerifyOutputSizes] Expected shape from model of {} does not match actual shape of {2} for output output[m
[0;93m2026-05-03 01:29:05.775620 [W:onnxruntime:, execution_frame.cc:870 VerifyOutputSizes] Expected shape from model of {} does not match actual shape of {2} for output output[m
[0;93m2026-05-03 01:29:05.800330 [W:onnxruntime:, execution_frame.cc:870 VerifyOutputSizes] Expected shape from model of {} does not match actual shape of {2} for output output[m
[0;93m2026-05-03 01:29:05.843166 [W:onnxruntime:, execution_frame.cc:870 VerifyOutputSizes] Expected shape from model of {} does not match actual shape of {2} for output output[m
[0;93m2026-05-03 01:29:05.879366 [W:onnxruntime:, execution_frame.cc:870 VerifyOutputSizes] Expected shape from model of {} does not match actual shape of {2} for output output[m
[0;93m2026-05-03 01:29:05.920035 [W:onnxruntime:, execution_frame.cc:870 VerifyOutputSizes] Expected shape from model of {} does not match actual shape of {2} for output output[m
[0;93m2026-05-03 01:29:05.950756 [W:onnxruntime:, execution_frame.cc:870 VerifyOutputSizes] Expected shape from model of {} does not match actual shape of {2} for output output[m
[0;93m2026-05-03 01:29:05.988289 [W:onnxruntime:, execution_frame.cc:870 VerifyOutputSizes] Expected shape from model of {} does not match actual shape of {2} for output output[m
[0;93m2026-05-03 01:29:06.027473 [W:onnxruntime:, execution_frame.cc:870 VerifyOutputSizes] Expected shape from model of {} does not match actual shape of {2} for output output[m
[0;93m2026-05-03 01:29:06.068756 [W:onnxruntime:, execution_frame.cc:870 VerifyOutputSizes] Expected shape from model of {} does not match actual shape of {2} for output output[m
[0;93m2026-05-03 01:29:06.110828 [W:onnxruntime:, execution_frame.cc:870 VerifyOutputSizes] Expected shape from model of {} does not match actual shape of {2} for output output[m
[0;93m2026-05-03 01:29:06.155900 [W:onnxruntime:, execution_frame.cc:870 VerifyOutputSizes] Expected shape from model of {} does not match actual shape of {2} for output output[m
[0;93m2026-05-03 01:29:06.197298 [W:onnxruntime:, execution_frame.cc:870 VerifyOutputSizes] Expected shape from model of {} does not match actual shape of {2} for output output[m
[0;93m2026-05-03 01:29:06.238658 [W:onnxruntime:, execution_frame.cc:870 VerifyOutputSizes] Expected shape from model of {} does not match actual shape of {2} for output output[m
[0;93m2026-05-03 01:29:06.266052 [W:onnxruntime:, execution_frame.cc:870 VerifyOutputSizes] Expected shape from model of {} does not match actual shape of {2} for output output[m
[0;93m2026-05-03 01:29:06.307516 [W:onnxruntime:, execution_frame.cc:870 VerifyOutputSizes] Expected shape from model of {} does not match actual shape of {2} for output output[m
[0;93m2026-05-03 01:29:06.346272 [W:onnxruntime:, execution_frame.cc:870 VerifyOutputSizes] Expected shape from model of {} does not match actual shape of {2} for output output[m
[0;93m2026-05-03 01:29:06.369780 [W:onnxruntime:, execution_frame.cc:870 VerifyOutputSizes] Expected shape from model of {} does not match actual shape of {2} for output output[m
[0;93m2026-05-03 01:29:06.413183 [W:onnxruntime:, execution_frame.cc:870 VerifyOutputSizes] Expected shape from model of {} does not match actual shape of {2} for output output[m
[0;93m2026-05-03 01:29:06.457593 [W:onnxruntime:, execution_frame.cc:870 VerifyOutputSizes] Expected shape from model of {} does not match actual shape of {2} for output output[m
[0;93m2026-05-03 01:29:06.496871 [W:onnxruntime:, execution_frame.cc:870 VerifyOutputSizes] Expected shape from model of {} does not match actual shape of {2} for output output[m
[0;93m2026-05-03 01:29:06.521500 [W:onnxruntime:, execution_frame.cc:870 VerifyOutputSizes] Expected shape from model of {} does not match actual shape of {2} for output output[m
[0;93m2026-05-03 01:29:06.560884 [W:onnxruntime:, execution_frame.cc:870 VerifyOutputSizes] Expected shape from model of {} does not match actual shape of {2} for output output[m
[0;93m2026-05-03 01:29:06.605124 [W:onnxruntime:, execution_frame.cc:870 VerifyOutputSizes] Expected shape from model of {} does not match actual shape of {2} for output output[m
[0;93m2026-05-03 01:29:06.641762 [W:onnxruntime:, execution_frame.cc:870 VerifyOutputSizes] Expected shape from model of {} does not match actual shape of {2} for output output[m
[0;93m2026-05-03 01:29:06.678671 [W:onnxruntime:, execution_frame.cc:870 VerifyOutputSizes] Expected shape from model of {} does not match actual shape of {2} for output output[m
[0;93m2026-05-03 01:29:06.701749 [W:onnxruntime:, execution_frame.cc:870 VerifyOutputSizes] Expected shape from model of {} does not match actual shape of {2} for output output[m
[0;93m2026-05-03 01:29:06.740662 [W:onnxruntime:, execution_frame.cc:870 VerifyOutputSizes] Expected shape from model of {} does not match actual shape of {2} for output output[m
[0;93m2026-05-03 01:29:06.777288 [W:onnxruntime:, execution_frame.cc:870 VerifyOutputSizes] Expected shape from model of {} does not match actual shape of {2} for output output[m
[0;93m2026-05-03 01:29:06.815787 [W:onnxruntime:, execution_frame.cc:870 VerifyOutputSizes] Expected shape from model of {} does not match actual shape of {2} for output output[m
[0;93m2026-05-03 01:29:06.852359 [W:onnxruntime:, execution_frame.cc:870 VerifyOutputSizes] Expected shape from model of {} does not match actual shape of {2} for output output[m
[0;93m2026-05-03 01:29:06.889466 [W:onnxruntime:, execution_frame.cc:870 VerifyOutputSizes] Expected shape from model of {} does not match actual shape of {2} for output output[m
[0;93m2026-05-03 01:29:06.911010 [W:onnxruntime:, execution_frame.cc:870 VerifyOutputSizes] Expected shape from model of {} does not match actual shape of {2} for output output[m
[0;93m2026-05-03 01:29:06.933772 [W:onnxruntime:, execution_frame.cc:870 VerifyOutputSizes] Expected shape from model of {} does not match actual shape of {2} for output output[m
[0;93m2026-05-03 01:29:06.972690 [W:onnxruntime:, execution_frame.cc:870 VerifyOutputSizes] Expected shape from model of {} does not match actual shape of {2} for output output[m
[0;93m2026-05-03 01:29:07.009646 [W:onnxruntime:, execution_frame.cc:870 VerifyOutputSizes] Expected shape from model of {} does not match actual shape of {2} for output output[m
[0;93m2026-05-03 01:29:07.032632 [W:onnxruntime:, execution_frame.cc:870 VerifyOutputSizes] Expected shape from model of {} does not match actual shape of {2} for output output[m
[0;93m2026-05-03 01:29:07.072029 [W:onnxruntime:, execution_frame.cc:870 VerifyOutputSizes] Expected shape from model of {} does not match actual shape of {2} for output output[m
[0;93m2026-05-03 01:29:07.111144 [W:onnxruntime:, execution_frame.cc:870 VerifyOutputSizes] Expected shape from model of {} does not match actual shape of {2} for output output[m
[0;93m2026-05-03 01:29:07.148091 [W:onnxruntime:, execution_frame.cc:870 VerifyOutputSizes] Expected shape from model of {} does not match actual shape of {2} for output output[m
  600/800
[0;93m2026-05-03 01:29:07.187310 [W:onnxruntime:, execution_frame.cc:870 VerifyOutputSizes] Expected shape from model of {} does not match actual shape of {2} for output output[m
[0;93m2026-05-03 01:29:07.228245 [W:onnxruntime:, execution_frame.cc:870 VerifyOutputSizes] Expected shape from model of {} does not match actual shape of {2} for output output[m
[0;93m2026-05-03 01:29:07.269026 [W:onnxruntime:, execution_frame.cc:870 VerifyOutputSizes] Expected shape from model of {} does not match actual shape of {2} for output output[m
[0;93m2026-05-03 01:29:07.310288 [W:onnxruntime:, execution_frame.cc:870 VerifyOutputSizes] Expected shape from model of {} does not match actual shape of {2} for output output[m
[0;93m2026-05-03 01:29:07.351189 [W:onnxruntime:, execution_frame.cc:870 VerifyOutputSizes] Expected shape from model of {} does not match actual shape of {2} for output output[m
[0;93m2026-05-03 01:29:07.390773 [W:onnxruntime:, execution_frame.cc:870 VerifyOutputSizes] Expected shape from model of {} does not match actual shape of {2} for output output[m
[0;93m2026-05-03 01:29:07.430303 [W:onnxruntime:, execution_frame.cc:870 VerifyOutputSizes] Expected shape from model of {} does not match actual shape of {2} for output output[m
[0;93m2026-05-03 01:29:07.469950 [W:onnxruntime:, execution_frame.cc:870 VerifyOutputSizes] Expected shape from model of {} does not match actual shape of {2} for output output[m
[0;93m2026-05-03 01:29:07.509575 [W:onnxruntime:, execution_frame.cc:870 VerifyOutputSizes] Expected shape from model of {} does not match actual shape of {2} for output output[m
[0;93m2026-05-03 01:29:07.549652 [W:onnxruntime:, execution_frame.cc:870 VerifyOutputSizes] Expected shape from model of {} does not match actual shape of {2} for output output[m
[0;93m2026-05-03 01:29:07.593349 [W:onnxruntime:, execution_frame.cc:870 VerifyOutputSizes] Expected shape from model of {} does not match actual shape of {2} for output output[m
[0;93m2026-05-03 01:29:07.633022 [W:onnxruntime:, execution_frame.cc:870 VerifyOutputSizes] Expected shape from model of {} does not match actual shape of {2} for output output[m
[0;93m2026-05-03 01:29:07.657113 [W:onnxruntime:, execution_frame.cc:870 VerifyOutputSizes] Expected shape from model of {} does not match actual shape of {2} for output output[m
[0;93m2026-05-03 01:29:07.696831 [W:onnxruntime:, execution_frame.cc:870 VerifyOutputSizes] Expected shape from model of {} does not match actual shape of {2} for output output[m
[0;93m2026-05-03 01:29:07.719892 [W:onnxruntime:, execution_frame.cc:870 VerifyOutputSizes] Expected shape from model of {} does not match actual shape of {2} for output output[m
[0;93m2026-05-03 01:29:07.762689 [W:onnxruntime:, execution_frame.cc:870 VerifyOutputSizes] Expected shape from model of {} does not match actual shape of {2} for output output[m
[0;93m2026-05-03 01:29:07.805436 [W:onnxruntime:, execution_frame.cc:870 VerifyOutputSizes] Expected shape from model of {} does not match actual shape of {2} for output output[m
[0;93m2026-05-03 01:29:07.847216 [W:onnxruntime:, execution_frame.cc:870 VerifyOutputSizes] Expected shape from model of {} does not match actual shape of {2} for output output[m
[0;93m2026-05-03 01:29:07.885340 [W:onnxruntime:, execution_frame.cc:870 VerifyOutputSizes] Expected shape from model of {} does not match actual shape of {2} for output output[m
[0;93m2026-05-03 01:29:07.928774 [W:onnxruntime:, execution_frame.cc:870 VerifyOutputSizes] Expected shape from model of {} does not match actual shape of {2} for output output[m
[0;93m2026-05-03 01:29:07.954343 [W:onnxruntime:, execution_frame.cc:870 VerifyOutputSizes] Expected shape from model of {} does not match actual shape of {2} for output output[m
[0;93m2026-05-03 01:29:07.998656 [W:onnxruntime:, execution_frame.cc:870 VerifyOutputSizes] Expected shape from model of {} does not match actual shape of {2} for output output[m
[0;93m2026-05-03 01:29:08.037746 [W:onnxruntime:, execution_frame.cc:870 VerifyOutputSizes] Expected shape from model of {} does not match actual shape of {2} for output output[m
[0;93m2026-05-03 01:29:08.081693 [W:onnxruntime:, execution_frame.cc:870 VerifyOutputSizes] Expected shape from model of {} does not match actual shape of {2} for output output[m
[0;93m2026-05-03 01:29:08.124514 [W:onnxruntime:, execution_frame.cc:870 VerifyOutputSizes] Expected shape from model of {} does not match actual shape of {2} for output output[m
[0;93m2026-05-03 01:29:08.164617 [W:onnxruntime:, execution_frame.cc:870 VerifyOutputSizes] Expected shape from model of {} does not match actual shape of {2} for output output[m
[0;93m2026-05-03 01:29:08.204301 [W:onnxruntime:, execution_frame.cc:870 VerifyOutputSizes] Expected shape from model of {} does not match actual shape of {2} for output output[m
[0;93m2026-05-03 01:29:08.228612 [W:onnxruntime:, execution_frame.cc:870 VerifyOutputSizes] Expected shape from model of {} does not match actual shape of {2} for output output[m
[0;93m2026-05-03 01:29:08.270286 [W:onnxruntime:, execution_frame.cc:870 VerifyOutputSizes] Expected shape from model of {} does not match actual shape of {2} for output output[m
[0;93m2026-05-03 01:29:08.305062 [W:onnxruntime:, execution_frame.cc:870 VerifyOutputSizes] Expected shape from model of {} does not match actual shape of {2} for output output[m
[0;93m2026-05-03 01:29:08.348873 [W:onnxruntime:, execution_frame.cc:870 VerifyOutputSizes] Expected shape from model of {} does not match actual shape of {2} for output output[m
[0;93m2026-05-03 01:29:08.391014 [W:onnxruntime:, execution_frame.cc:870 VerifyOutputSizes] Expected shape from model of {} does not match actual shape of {2} for output output[m
[0;93m2026-05-03 01:29:08.432535 [W:onnxruntime:, execution_frame.cc:870 VerifyOutputSizes] Expected shape from model of {} does not match actual shape of {2} for output output[m
[0;93m2026-05-03 01:29:08.456942 [W:onnxruntime:, execution_frame.cc:870 VerifyOutputSizes] Expected shape from model of {} does not match actual shape of {2} for output output[m
[0;93m2026-05-03 01:29:08.481100 [W:onnxruntime:, execution_frame.cc:870 VerifyOutputSizes] Expected shape from model of {} does not match actual shape of {2} for output output[m
[0;93m2026-05-03 01:29:08.519261 [W:onnxruntime:, execution_frame.cc:870 VerifyOutputSizes] Expected shape from model of {} does not match actual shape of {2} for output output[m
[0;93m2026-05-03 01:29:08.559097 [W:onnxruntime:, execution_frame.cc:870 VerifyOutputSizes] Expected shape from model of {} does not match actual shape of {2} for output output[m
[0;93m2026-05-03 01:29:08.599417 [W:onnxruntime:, execution_frame.cc:870 VerifyOutputSizes] Expected shape from model of {} does not match actual shape of {2} for output output[m
[0;93m2026-05-03 01:29:08.624936 [W:onnxruntime:, execution_frame.cc:870 VerifyOutputSizes] Expected shape from model of {} does not match actual shape of {2} for output output[m
[0;93m2026-05-03 01:29:08.663468 [W:onnxruntime:, execution_frame.cc:870 VerifyOutputSizes] Expected shape from model of {} does not match actual shape of {2} for output output[m
[0;93m2026-05-03 01:29:08.703344 [W:onnxruntime:, execution_frame.cc:870 VerifyOutputSizes] Expected shape from model of {} does not match actual shape of {2} for output output[m
[0;93m2026-05-03 01:29:08.745935 [W:onnxruntime:, execution_frame.cc:870 VerifyOutputSizes] Expected shape from model of {} does not match actual shape of {2} for output output[m
[0;93m2026-05-03 01:29:08.785273 [W:onnxruntime:, execution_frame.cc:870 VerifyOutputSizes] Expected shape from model of {} does not match actual shape of {2} for output output[m
[0;93m2026-05-03 01:29:08.820209 [W:onnxruntime:, execution_frame.cc:870 VerifyOutputSizes] Expected shape from model of {} does not match actual shape of {2} for output output[m
[0;93m2026-05-03 01:29:08.842753 [W:onnxruntime:, execution_frame.cc:870 VerifyOutputSizes] Expected shape from model of {} does not match actual shape of {2} for output output[m
[0;93m2026-05-03 01:29:08.865273 [W:onnxruntime:, execution_frame.cc:870 VerifyOutputSizes] Expected shape from model of {} does not match actual shape of {2} for output output[m
[0;93m2026-05-03 01:29:08.901113 [W:onnxruntime:, execution_frame.cc:870 VerifyOutputSizes] Expected shape from model of {} does not match actual shape of {2} for output output[m
[0;93m2026-05-03 01:29:08.923804 [W:onnxruntime:, execution_frame.cc:870 VerifyOutputSizes] Expected shape from model of {} does not match actual shape of {2} for output output[m
[0;93m2026-05-03 01:29:08.962220 [W:onnxruntime:, execution_frame.cc:870 VerifyOutputSizes] Expected shape from model of {} does not match actual shape of {2} for output output[m
[0;93m2026-05-03 01:29:09.000894 [W:onnxruntime:, execution_frame.cc:870 VerifyOutputSizes] Expected shape from model of {} does not match actual shape of {2} for output output[m
  650/800
[0;93m2026-05-03 01:29:09.037925 [W:onnxruntime:, execution_frame.cc:870 VerifyOutputSizes] Expected shape from model of {} does not match actual shape of {2} for output output[m
[0;93m2026-05-03 01:29:09.073092 [W:onnxruntime:, execution_frame.cc:870 VerifyOutputSizes] Expected shape from model of {} does not match actual shape of {2} for output output[m
[0;93m2026-05-03 01:29:09.109515 [W:onnxruntime:, execution_frame.cc:870 VerifyOutputSizes] Expected shape from model of {} does not match actual shape of {2} for output output[m
[0;93m2026-05-03 01:29:09.147966 [W:onnxruntime:, execution_frame.cc:870 VerifyOutputSizes] Expected shape from model of {} does not match actual shape of {2} for output output[m
[0;93m2026-05-03 01:29:09.186650 [W:onnxruntime:, execution_frame.cc:870 VerifyOutputSizes] Expected shape from model of {} does not match actual shape of {2} for output output[m
[0;93m2026-05-03 01:29:09.223906 [W:onnxruntime:, execution_frame.cc:870 VerifyOutputSizes] Expected shape from model of {} does not match actual shape of {2} for output output[m
[0;93m2026-05-03 01:29:09.247523 [W:onnxruntime:, execution_frame.cc:870 VerifyOutputSizes] Expected shape from model of {} does not match actual shape of {2} for output output[m
[0;93m2026-05-03 01:29:09.285139 [W:onnxruntime:, execution_frame.cc:870 VerifyOutputSizes] Expected shape from model of {} does not match actual shape of {2} for output output[m
[0;93m2026-05-03 01:29:09.328179 [W:onnxruntime:, execution_frame.cc:870 VerifyOutputSizes] Expected shape from model of {} does not match actual shape of {2} for output output[m
[0;93m2026-05-03 01:29:09.368428 [W:onnxruntime:, execution_frame.cc:870 VerifyOutputSizes] Expected shape from model of {} does not match actual shape of {2} for output output[m
[0;93m2026-05-03 01:29:09.393600 [W:onnxruntime:, execution_frame.cc:870 VerifyOutputSizes] Expected shape from model of {} does not match actual shape of {2} for output output[m
[0;93m2026-05-03 01:29:09.432749 [W:onnxruntime:, execution_frame.cc:870 VerifyOutputSizes] Expected shape from model of {} does not match actual shape of {2} for output output[m
[0;93m2026-05-03 01:29:09.473276 [W:onnxruntime:, execution_frame.cc:870 VerifyOutputSizes] Expected shape from model of {} does not match actual shape of {2} for output output[m
[0;93m2026-05-03 01:29:09.513081 [W:onnxruntime:, execution_frame.cc:870 VerifyOutputSizes] Expected shape from model of {} does not match actual shape of {2} for output output[m
[0;93m2026-05-03 01:29:09.550880 [W:onnxruntime:, execution_frame.cc:870 VerifyOutputSizes] Expected shape from model of {} does not match actual shape of {2} for output output[m
[0;93m2026-05-03 01:29:09.575072 [W:onnxruntime:, execution_frame.cc:870 VerifyOutputSizes] Expected shape from model of {} does not match actual shape of {2} for output output[m
[0;93m2026-05-03 01:29:09.616830 [W:onnxruntime:, execution_frame.cc:870 VerifyOutputSizes] Expected shape from model of {} does not match actual shape of {2} for output output[m
[0;93m2026-05-03 01:29:09.658448 [W:onnxruntime:, execution_frame.cc:870 VerifyOutputSizes] Expected shape from model of {} does not match actual shape of {2} for output output[m
[0;93m2026-05-03 01:29:09.699240 [W:onnxruntime:, execution_frame.cc:870 VerifyOutputSizes] Expected shape from model of {} does not match actual shape of {2} for output output[m
[0;93m2026-05-03 01:29:09.742518 [W:onnxruntime:, execution_frame.cc:870 VerifyOutputSizes] Expected shape from model of {} does not match actual shape of {2} for output output[m
[0;93m2026-05-03 01:29:09.767382 [W:onnxruntime:, execution_frame.cc:870 VerifyOutputSizes] Expected shape from model of {} does not match actual shape of {2} for output output[m
[0;93m2026-05-03 01:29:09.791228 [W:onnxruntime:, execution_frame.cc:870 VerifyOutputSizes] Expected shape from model of {} does not match actual shape of {2} for output output[m
[0;93m2026-05-03 01:29:09.829406 [W:onnxruntime:, execution_frame.cc:870 VerifyOutputSizes] Expected shape from model of {} does not match actual shape of {2} for output output[m
[0;93m2026-05-03 01:29:09.854806 [W:onnxruntime:, execution_frame.cc:870 VerifyOutputSizes] Expected shape from model of {} does not match actual shape of {2} for output output[m
[0;93m2026-05-03 01:29:09.879418 [W:onnxruntime:, execution_frame.cc:870 VerifyOutputSizes] Expected shape from model of {} does not match actual shape of {2} for output output[m
[0;93m2026-05-03 01:29:09.922635 [W:onnxruntime:, execution_frame.cc:870 VerifyOutputSizes] Expected shape from model of {} does not match actual shape of {2} for output output[m
[0;93m2026-05-03 01:29:09.965836 [W:onnxruntime:, execution_frame.cc:870 VerifyOutputSizes] Expected shape from model of {} does not match actual shape of {2} for output output[m
[0;93m2026-05-03 01:29:10.005609 [W:onnxruntime:, execution_frame.cc:870 VerifyOutputSizes] Expected shape from model of {} does not match actual shape of {2} for output output[m
[0;93m2026-05-03 01:29:10.030978 [W:onnxruntime:, execution_frame.cc:870 VerifyOutputSizes] Expected shape from model of {} does not match actual shape of {2} for output output[m
[0;93m2026-05-03 01:29:10.074125 [W:onnxruntime:, execution_frame.cc:870 VerifyOutputSizes] Expected shape from model of {} does not match actual shape of {2} for output output[m
[0;93m2026-05-03 01:29:10.115344 [W:onnxruntime:, execution_frame.cc:870 VerifyOutputSizes] Expected shape from model of {} does not match actual shape of {2} for output output[m
[0;93m2026-05-03 01:29:10.156943 [W:onnxruntime:, execution_frame.cc:870 VerifyOutputSizes] Expected shape from model of {} does not match actual shape of {2} for output output[m
[0;93m2026-05-03 01:29:10.199972 [W:onnxruntime:, execution_frame.cc:870 VerifyOutputSizes] Expected shape from model of {} does not match actual shape of {2} for output output[m
[0;93m2026-05-03 01:29:10.240000 [W:onnxruntime:, execution_frame.cc:870 VerifyOutputSizes] Expected shape from model of {} does not match actual shape of {2} for output output[m
[0;93m2026-05-03 01:29:10.264808 [W:onnxruntime:, execution_frame.cc:870 VerifyOutputSizes] Expected shape from model of {} does not match actual shape of {2} for output output[m
[0;93m2026-05-03 01:29:10.309728 [W:onnxruntime:, execution_frame.cc:870 VerifyOutputSizes] Expected shape from model of {} does not match actual shape of {2} for output output[m
[0;93m2026-05-03 01:29:10.350271 [W:onnxruntime:, execution_frame.cc:870 VerifyOutputSizes] Expected shape from model of {} does not match actual shape of {2} for output output[m
[0;93m2026-05-03 01:29:10.389961 [W:onnxruntime:, execution_frame.cc:870 VerifyOutputSizes] Expected shape from model of {} does not match actual shape of {2} for output output[m
[0;93m2026-05-03 01:29:10.431728 [W:onnxruntime:, execution_frame.cc:870 VerifyOutputSizes] Expected shape from model of {} does not match actual shape of {2} for output output[m
[0;93m2026-05-03 01:29:10.476446 [W:onnxruntime:, execution_frame.cc:870 VerifyOutputSizes] Expected shape from model of {} does not match actual shape of {2} for output output[m
[0;93m2026-05-03 01:29:10.518963 [W:onnxruntime:, execution_frame.cc:870 VerifyOutputSizes] Expected shape from model of {} does not match actual shape of {2} for output output[m
[0;93m2026-05-03 01:29:10.558898 [W:onnxruntime:, execution_frame.cc:870 VerifyOutputSizes] Expected shape from model of {} does not match actual shape of {2} for output output[m
[0;93m2026-05-03 01:29:10.603076 [W:onnxruntime:, execution_frame.cc:870 VerifyOutputSizes] Expected shape from model of {} does not match actual shape of {2} for output output[m
[0;93m2026-05-03 01:29:10.628409 [W:onnxruntime:, execution_frame.cc:870 VerifyOutputSizes] Expected shape from model of {} does not match actual shape of {2} for output output[m
[0;93m2026-05-03 01:29:10.668672 [W:onnxruntime:, execution_frame.cc:870 VerifyOutputSizes] Expected shape from model of {} does not match actual shape of {2} for output output[m
[0;93m2026-05-03 01:29:10.692253 [W:onnxruntime:, execution_frame.cc:870 VerifyOutputSizes] Expected shape from model of {} does not match actual shape of {2} for output output[m
[0;93m2026-05-03 01:29:10.735149 [W:onnxruntime:, execution_frame.cc:870 VerifyOutputSizes] Expected shape from model of {} does not match actual shape of {2} for output output[m
[0;93m2026-05-03 01:29:10.759318 [W:onnxruntime:, execution_frame.cc:870 VerifyOutputSizes] Expected shape from model of {} does not match actual shape of {2} for output output[m
[0;93m2026-05-03 01:29:10.796384 [W:onnxruntime:, execution_frame.cc:870 VerifyOutputSizes] Expected shape from model of {} does not match actual shape of {2} for output output[m
[0;93m2026-05-03 01:29:10.820252 [W:onnxruntime:, execution_frame.cc:870 VerifyOutputSizes] Expected shape from model of {} does not match actual shape of {2} for output output[m
  700/800
[0;93m2026-05-03 01:29:10.858932 [W:onnxruntime:, execution_frame.cc:870 VerifyOutputSizes] Expected shape from model of {} does not match actual shape of {2} for output output[m
[0;93m2026-05-03 01:29:10.897917 [W:onnxruntime:, execution_frame.cc:870 VerifyOutputSizes] Expected shape from model of {} does not match actual shape of {2} for output output[m
[0;93m2026-05-03 01:29:10.936671 [W:onnxruntime:, execution_frame.cc:870 VerifyOutputSizes] Expected shape from model of {} does not match actual shape of {2} for output output[m
[0;93m2026-05-03 01:29:10.975215 [W:onnxruntime:, execution_frame.cc:870 VerifyOutputSizes] Expected shape from model of {} does not match actual shape of {2} for output output[m
[0;93m2026-05-03 01:29:11.011176 [W:onnxruntime:, execution_frame.cc:870 VerifyOutputSizes] Expected shape from model of {} does not match actual shape of {2} for output output[m
[0;93m2026-05-03 01:29:11.050187 [W:onnxruntime:, execution_frame.cc:870 VerifyOutputSizes] Expected shape from model of {} does not match actual shape of {2} for output output[m
[0;93m2026-05-03 01:29:11.089038 [W:onnxruntime:, execution_frame.cc:870 VerifyOutputSizes] Expected shape from model of {} does not match actual shape of {2} for output output[m
[0;93m2026-05-03 01:29:11.128035 [W:onnxruntime:, execution_frame.cc:870 VerifyOutputSizes] Expected shape from model of {} does not match actual shape of {2} for output output[m
[0;93m2026-05-03 01:29:11.166616 [W:onnxruntime:, execution_frame.cc:870 VerifyOutputSizes] Expected shape from model of {} does not match actual shape of {2} for output output[m
[0;93m2026-05-03 01:29:11.205394 [W:onnxruntime:, execution_frame.cc:870 VerifyOutputSizes] Expected shape from model of {} does not match actual shape of {2} for output output[m
[0;93m2026-05-03 01:29:11.228998 [W:onnxruntime:, execution_frame.cc:870 VerifyOutputSizes] Expected shape from model of {} does not match actual shape of {2} for output output[m
[0;93m2026-05-03 01:29:11.268391 [W:onnxruntime:, execution_frame.cc:870 VerifyOutputSizes] Expected shape from model of {} does not match actual shape of {2} for output output[m
[0;93m2026-05-03 01:29:11.307117 [W:onnxruntime:, execution_frame.cc:870 VerifyOutputSizes] Expected shape from model of {} does not match actual shape of {2} for output output[m
[0;93m2026-05-03 01:29:11.345062 [W:onnxruntime:, execution_frame.cc:870 VerifyOutputSizes] Expected shape from model of {} does not match actual shape of {2} for output output[m
[0;93m2026-05-03 01:29:11.382264 [W:onnxruntime:, execution_frame.cc:870 VerifyOutputSizes] Expected shape from model of {} does not match actual shape of {2} for output output[m
[0;93m2026-05-03 01:29:11.405316 [W:onnxruntime:, execution_frame.cc:870 VerifyOutputSizes] Expected shape from model of {} does not match actual shape of {2} for output output[m
[0;93m2026-05-03 01:29:11.443920 [W:onnxruntime:, execution_frame.cc:870 VerifyOutputSizes] Expected shape from model of {} does not match actual shape of {2} for output output[m
[0;93m2026-05-03 01:29:11.489959 [W:onnxruntime:, execution_frame.cc:870 VerifyOutputSizes] Expected shape from model of {} does not match actual shape of {2} for output output[m
[0;93m2026-05-03 01:29:11.513802 [W:onnxruntime:, execution_frame.cc:870 VerifyOutputSizes] Expected shape from model of {} does not match actual shape of {2} for output output[m
[0;93m2026-05-03 01:29:11.551802 [W:onnxruntime:, execution_frame.cc:870 VerifyOutputSizes] Expected shape from model of {} does not match actual shape of {2} for output output[m
[0;93m2026-05-03 01:29:11.588137 [W:onnxruntime:, execution_frame.cc:870 VerifyOutputSizes] Expected shape from model of {} does not match actual shape of {2} for output output[m
[0;93m2026-05-03 01:29:11.632674 [W:onnxruntime:, execution_frame.cc:870 VerifyOutputSizes] Expected shape from model of {} does not match actual shape of {2} for output output[m
[0;93m2026-05-03 01:29:11.665611 [W:onnxruntime:, execution_frame.cc:870 VerifyOutputSizes] Expected shape from model of {} does not match actual shape of {2} for output output[m
[0;93m2026-05-03 01:29:11.707374 [W:onnxruntime:, execution_frame.cc:870 VerifyOutputSizes] Expected shape from model of {} does not match actual shape of {2} for output output[m
[0;93m2026-05-03 01:29:11.733492 [W:onnxruntime:, execution_frame.cc:870 VerifyOutputSizes] Expected shape from model of {} does not match actual shape of {2} for output output[m
[0;93m2026-05-03 01:29:11.776762 [W:onnxruntime:, execution_frame.cc:870 VerifyOutputSizes] Expected shape from model of {} does not match actual shape of {2} for output output[m
[0;93m2026-05-03 01:29:11.804169 [W:onnxruntime:, execution_frame.cc:870 VerifyOutputSizes] Expected shape from model of {} does not match actual shape of {2} for output output[m
[0;93m2026-05-03 01:29:11.843566 [W:onnxruntime:, execution_frame.cc:870 VerifyOutputSizes] Expected shape from model of {} does not match actual shape of {2} for output output[m
[0;93m2026-05-03 01:29:11.882870 [W:onnxruntime:, execution_frame.cc:870 VerifyOutputSizes] Expected shape from model of {} does not match actual shape of {2} for output output[m
[0;93m2026-05-03 01:29:11.923659 [W:onnxruntime:, execution_frame.cc:870 VerifyOutputSizes] Expected shape from model of {} does not match actual shape of {2} for output output[m
[0;93m2026-05-03 01:29:11.948203 [W:onnxruntime:, execution_frame.cc:870 VerifyOutputSizes] Expected shape from model of {} does not match actual shape of {2} for output output[m
[0;93m2026-05-03 01:29:11.986520 [W:onnxruntime:, execution_frame.cc:870 VerifyOutputSizes] Expected shape from model of {} does not match actual shape of {2} for output output[m
[0;93m2026-05-03 01:29:12.026133 [W:onnxruntime:, execution_frame.cc:870 VerifyOutputSizes] Expected shape from model of {} does not match actual shape of {2} for output output[m
[0;93m2026-05-03 01:29:12.065158 [W:onnxruntime:, execution_frame.cc:870 VerifyOutputSizes] Expected shape from model of {} does not match actual shape of {2} for output output[m
[0;93m2026-05-03 01:29:12.106936 [W:onnxruntime:, execution_frame.cc:870 VerifyOutputSizes] Expected shape from model of {} does not match actual shape of {2} for output output[m
[0;93m2026-05-03 01:29:12.148011 [W:onnxruntime:, execution_frame.cc:870 VerifyOutputSizes] Expected shape from model of {} does not match actual shape of {2} for output output[m
[0;93m2026-05-03 01:29:12.190793 [W:onnxruntime:, execution_frame.cc:870 VerifyOutputSizes] Expected shape from model of {} does not match actual shape of {2} for output output[m
[0;93m2026-05-03 01:29:12.233659 [W:onnxruntime:, execution_frame.cc:870 VerifyOutputSizes] Expected shape from model of {} does not match actual shape of {2} for output output[m
[0;93m2026-05-03 01:29:12.256872 [W:onnxruntime:, execution_frame.cc:870 VerifyOutputSizes] Expected shape from model of {} does not match actual shape of {2} for output output[m
[0;93m2026-05-03 01:29:12.298805 [W:onnxruntime:, execution_frame.cc:870 VerifyOutputSizes] Expected shape from model of {} does not match actual shape of {2} for output output[m
[0;93m2026-05-03 01:29:12.341353 [W:onnxruntime:, execution_frame.cc:870 VerifyOutputSizes] Expected shape from model of {} does not match actual shape of {2} for output output[m
[0;93m2026-05-03 01:29:12.380997 [W:onnxruntime:, execution_frame.cc:870 VerifyOutputSizes] Expected shape from model of {} does not match actual shape of {2} for output output[m
[0;93m2026-05-03 01:29:12.424031 [W:onnxruntime:, execution_frame.cc:870 VerifyOutputSizes] Expected shape from model of {} does not match actual shape of {2} for output output[m
[0;93m2026-05-03 01:29:12.464428 [W:onnxruntime:, execution_frame.cc:870 VerifyOutputSizes] Expected shape from model of {} does not match actual shape of {2} for output output[m
[0;93m2026-05-03 01:29:12.506777 [W:onnxruntime:, execution_frame.cc:870 VerifyOutputSizes] Expected shape from model of {} does not match actual shape of {2} for output output[m
[0;93m2026-05-03 01:29:12.555141 [W:onnxruntime:, execution_frame.cc:870 VerifyOutputSizes] Expected shape from model of {} does not match actual shape of {2} for output output[m
[0;93m2026-05-03 01:29:12.595736 [W:onnxruntime:, execution_frame.cc:870 VerifyOutputSizes] Expected shape from model of {} does not match actual shape of {2} for output output[m
[0;93m2026-05-03 01:29:12.617783 [W:onnxruntime:, execution_frame.cc:870 VerifyOutputSizes] Expected shape from model of {} does not match actual shape of {2} for output output[m
[0;93m2026-05-03 01:29:12.660331 [W:onnxruntime:, execution_frame.cc:870 VerifyOutputSizes] Expected shape from model of {} does not match actual shape of {2} for output output[m
[0;93m2026-05-03 01:29:12.702403 [W:onnxruntime:, execution_frame.cc:870 VerifyOutputSizes] Expected shape from model of {} does not match actual shape of {2} for output output[m
  750/800
[0;93m2026-05-03 01:29:12.744234 [W:onnxruntime:, execution_frame.cc:870 VerifyOutputSizes] Expected shape from model of {} does not match actual shape of {2} for output output[m
[0;93m2026-05-03 01:29:12.769369 [W:onnxruntime:, execution_frame.cc:870 VerifyOutputSizes] Expected shape from model of {} does not match actual shape of {2} for output output[m
[0;93m2026-05-03 01:29:12.810990 [W:onnxruntime:, execution_frame.cc:870 VerifyOutputSizes] Expected shape from model of {} does not match actual shape of {2} for output output[m
[0;93m2026-05-03 01:29:12.850387 [W:onnxruntime:, execution_frame.cc:870 VerifyOutputSizes] Expected shape from model of {} does not match actual shape of {2} for output output[m
[0;93m2026-05-03 01:29:12.889214 [W:onnxruntime:, execution_frame.cc:870 VerifyOutputSizes] Expected shape from model of {} does not match actual shape of {2} for output output[m
[0;93m2026-05-03 01:29:12.929763 [W:onnxruntime:, execution_frame.cc:870 VerifyOutputSizes] Expected shape from model of {} does not match actual shape of {2} for output output[m
[0;93m2026-05-03 01:29:12.953202 [W:onnxruntime:, execution_frame.cc:870 VerifyOutputSizes] Expected shape from model of {} does not match actual shape of {2} for output output[m
[0;93m2026-05-03 01:29:12.991905 [W:onnxruntime:, execution_frame.cc:870 VerifyOutputSizes] Expected shape from model of {} does not match actual shape of {2} for output output[m
[0;93m2026-05-03 01:29:13.031225 [W:onnxruntime:, execution_frame.cc:870 VerifyOutputSizes] Expected shape from model of {} does not match actual shape of {2} for output output[m
[0;93m2026-05-03 01:29:13.069076 [W:onnxruntime:, execution_frame.cc:870 VerifyOutputSizes] Expected shape from model of {} does not match actual shape of {2} for output output[m
[0;93m2026-05-03 01:29:13.108387 [W:onnxruntime:, execution_frame.cc:870 VerifyOutputSizes] Expected shape from model of {} does not match actual shape of {2} for output output[m
[0;93m2026-05-03 01:29:13.147590 [W:onnxruntime:, execution_frame.cc:870 VerifyOutputSizes] Expected shape from model of {} does not match actual shape of {2} for output output[m
[0;93m2026-05-03 01:29:13.185664 [W:onnxruntime:, execution_frame.cc:870 VerifyOutputSizes] Expected shape from model of {} does not match actual shape of {2} for output output[m
[0;93m2026-05-03 01:29:13.224840 [W:onnxruntime:, execution_frame.cc:870 VerifyOutputSizes] Expected shape from model of {} does not match actual shape of {2} for output output[m
[0;93m2026-05-03 01:29:13.261370 [W:onnxruntime:, execution_frame.cc:870 VerifyOutputSizes] Expected shape from model of {} does not match actual shape of {2} for output output[m
[0;93m2026-05-03 01:29:13.297100 [W:onnxruntime:, execution_frame.cc:870 VerifyOutputSizes] Expected shape from model of {} does not match actual shape of {2} for output output[m
[0;93m2026-05-03 01:29:13.321072 [W:onnxruntime:, execution_frame.cc:870 VerifyOutputSizes] Expected shape from model of {} does not match actual shape of {2} for output output[m
[0;93m2026-05-03 01:29:13.358428 [W:onnxruntime:, execution_frame.cc:870 VerifyOutputSizes] Expected shape from model of {} does not match actual shape of {2} for output output[m
[0;93m2026-05-03 01:29:13.384250 [W:onnxruntime:, execution_frame.cc:870 VerifyOutputSizes] Expected shape from model of {} does not match actual shape of {2} for output output[m
[0;93m2026-05-03 01:29:13.424280 [W:onnxruntime:, execution_frame.cc:870 VerifyOutputSizes] Expected shape from model of {} does not match actual shape of {2} for output output[m
[0;93m2026-05-03 01:29:13.461963 [W:onnxruntime:, execution_frame.cc:870 VerifyOutputSizes] Expected shape from model of {} does not match actual shape of {2} for output output[m
[0;93m2026-05-03 01:29:13.505079 [W:onnxruntime:, execution_frame.cc:870 VerifyOutputSizes] Expected shape from model of {} does not match actual shape of {2} for output output[m
[0;93m2026-05-03 01:29:13.544682 [W:onnxruntime:, execution_frame.cc:870 VerifyOutputSizes] Expected shape from model of {} does not match actual shape of {2} for output output[m
[0;93m2026-05-03 01:29:13.585940 [W:onnxruntime:, execution_frame.cc:870 VerifyOutputSizes] Expected shape from model of {} does not match actual shape of {2} for output output[m
[0;93m2026-05-03 01:29:13.623553 [W:onnxruntime:, execution_frame.cc:870 VerifyOutputSizes] Expected shape from model of {} does not match actual shape of {2} for output output[m
[0;93m2026-05-03 01:29:13.657990 [W:onnxruntime:, execution_frame.cc:870 VerifyOutputSizes] Expected shape from model of {} does not match actual shape of {2} for output output[m
[0;93m2026-05-03 01:29:13.699410 [W:onnxruntime:, execution_frame.cc:870 VerifyOutputSizes] Expected shape from model of {} does not match actual shape of {2} for output output[m
[0;93m2026-05-03 01:29:13.727033 [W:onnxruntime:, execution_frame.cc:870 VerifyOutputSizes] Expected shape from model of {} does not match actual shape of {2} for output output[m
[0;93m2026-05-03 01:29:13.753240 [W:onnxruntime:, execution_frame.cc:870 VerifyOutputSizes] Expected shape from model of {} does not match actual shape of {2} for output output[m
[0;93m2026-05-03 01:29:13.794758 [W:onnxruntime:, execution_frame.cc:870 VerifyOutputSizes] Expected shape from model of {} does not match actual shape of {2} for output output[m
[0;93m2026-05-03 01:29:13.835698 [W:onnxruntime:, execution_frame.cc:870 VerifyOutputSizes] Expected shape from model of {} does not match actual shape of {2} for output output[m
[0;93m2026-05-03 01:29:13.878821 [W:onnxruntime:, execution_frame.cc:870 VerifyOutputSizes] Expected shape from model of {} does not match actual shape of {2} for output output[m
[0;93m2026-05-03 01:29:13.917384 [W:onnxruntime:, execution_frame.cc:870 VerifyOutputSizes] Expected shape from model of {} does not match actual shape of {2} for output output[m
[0;93m2026-05-03 01:29:13.956665 [W:onnxruntime:, execution_frame.cc:870 VerifyOutputSizes] Expected shape from model of {} does not match actual shape of {2} for output output[m
[0;93m2026-05-03 01:29:13.996773 [W:onnxruntime:, execution_frame.cc:870 VerifyOutputSizes] Expected shape from model of {} does not match actual shape of {2} for output output[m
[0;93m2026-05-03 01:29:14.022607 [W:onnxruntime:, execution_frame.cc:870 VerifyOutputSizes] Expected shape from model of {} does not match actual shape of {2} for output output[m
[0;93m2026-05-03 01:29:14.048626 [W:onnxruntime:, execution_frame.cc:870 VerifyOutputSizes] Expected shape from model of {} does not match actual shape of {2} for output output[m
[0;93m2026-05-03 01:29:14.088286 [W:onnxruntime:, execution_frame.cc:870 VerifyOutputSizes] Expected shape from model of {} does not match actual shape of {2} for output output[m
[0;93m2026-05-03 01:29:14.130377 [W:onnxruntime:, execution_frame.cc:870 VerifyOutputSizes] Expected shape from model of {} does not match actual shape of {2} for output output[m
[0;93m2026-05-03 01:29:14.173593 [W:onnxruntime:, execution_frame.cc:870 VerifyOutputSizes] Expected shape from model of {} does not match actual shape of {2} for output output[m
[0;93m2026-05-03 01:29:14.197705 [W:onnxruntime:, execution_frame.cc:870 VerifyOutputSizes] Expected shape from model of {} does not match actual shape of {2} for output output[m
[0;93m2026-05-03 01:29:14.237664 [W:onnxruntime:, execution_frame.cc:870 VerifyOutputSizes] Expected shape from model of {} does not match actual shape of {2} for output output[m
[0;93m2026-05-03 01:29:14.280310 [W:onnxruntime:, execution_frame.cc:870 VerifyOutputSizes] Expected shape from model of {} does not match actual shape of {2} for output output[m
[0;93m2026-05-03 01:29:14.321440 [W:onnxruntime:, execution_frame.cc:870 VerifyOutputSizes] Expected shape from model of {} does not match actual shape of {2} for output output[m
[0;93m2026-05-03 01:29:14.345069 [W:onnxruntime:, execution_frame.cc:870 VerifyOutputSizes] Expected shape from model of {} does not match actual shape of {2} for output output[m
[0;93m2026-05-03 01:29:14.387109 [W:onnxruntime:, execution_frame.cc:870 VerifyOutputSizes] Expected shape from model of {} does not match actual shape of {2} for output output[m
[0;93m2026-05-03 01:29:14.414203 [W:onnxruntime:, execution_frame.cc:870 VerifyOutputSizes] Expected shape from model of {} does not match actual shape of {2} for output output[m
[0;93m2026-05-03 01:29:14.457718 [W:onnxruntime:, execution_frame.cc:870 VerifyOutputSizes] Expected shape from model of {} does not match actual shape of {2} for output output[m
[0;93m2026-05-03 01:29:14.500248 [W:onnxruntime:, execution_frame.cc:870 VerifyOutputSizes] Expected shape from model of {} does not match actual shape of {2} for output output[m
[0;93m2026-05-03 01:29:14.541230 [W:onnxruntime:, execution_frame.cc:870 VerifyOutputSizes] Expected shape from model of {} does not match actual shape of {2} for output output[m
  800/800
Wrote experiments/d3_dt_split_for_res/scores.json + result.md
