[0;93m2026-05-04 10:05:57.441770 [W:onnxruntime:, graph.cc:109 MergeShapeInfo] Error merging shape info for output. 'output' source:{} target:{-1}. Falling back to lenient merge.[m
Scoring 800 cases...
[0;93m2026-05-04 10:05:58.430744 [W:onnxruntime:, execution_frame.cc:870 VerifyOutputSizes] Expected shape from model of {} does not match actual shape of {2} for output output[m
[0;93m2026-05-04 10:05:58.453078 [W:onnxruntime:, execution_frame.cc:870 VerifyOutputSizes] Expected shape from model of {} does not match actual shape of {2} for output output[m
[0;93m2026-05-04 10:05:58.476877 [W:onnxruntime:, execution_frame.cc:870 VerifyOutputSizes] Expected shape from model of {} does not match actual shape of {2} for output output[m
[0;93m2026-05-04 10:05:58.500667 [W:onnxruntime:, execution_frame.cc:870 VerifyOutputSizes] Expected shape from model of {} does not match actual shape of {2} for output output[m
[0;93m2026-05-04 10:05:58.523990 [W:onnxruntime:, execution_frame.cc:870 VerifyOutputSizes] Expected shape from model of {} does not match actual shape of {2} for output output[m
[0;93m2026-05-04 10:05:58.548662 [W:onnxruntime:, execution_frame.cc:870 VerifyOutputSizes] Expected shape from model of {} does not match actual shape of {2} for output output[m
[0;93m2026-05-04 10:05:58.574927 [W:onnxruntime:, execution_frame.cc:870 VerifyOutputSizes] Expected shape from model of {} does not match actual shape of {2} for output output[m
[0;93m2026-05-04 10:05:58.596840 [W:onnxruntime:, execution_frame.cc:870 VerifyOutputSizes] Expected shape from model of {} does not match actual shape of {2} for output output[m
[0;93m2026-05-04 10:05:58.620596 [W:onnxruntime:, execution_frame.cc:870 VerifyOutputSizes] Expected shape from model of {} does not match actual shape of {2} for output output[m
[0;93m2026-05-04 10:05:58.645815 [W:onnxruntime:, execution_frame.cc:870 VerifyOutputSizes] Expected shape from model of {} does not match actual shape of {2} for output output[m
[0;93m2026-05-04 10:05:58.690082 [W:onnxruntime:, execution_frame.cc:870 VerifyOutputSizes] Expected shape from model of {} does not match actual shape of {2} for output output[m
[0;93m2026-05-04 10:05:58.733746 [W:onnxruntime:, execution_frame.cc:870 VerifyOutputSizes] Expected shape from model of {} does not match actual shape of {2} for output output[m
[0;93m2026-05-04 10:05:58.773252 [W:onnxruntime:, execution_frame.cc:870 VerifyOutputSizes] Expected shape from model of {} does not match actual shape of {2} for output output[m
[0;93m2026-05-04 10:05:58.800742 [W:onnxruntime:, execution_frame.cc:870 VerifyOutputSizes] Expected shape from model of {} does not match actual shape of {2} for output output[m
[0;93m2026-05-04 10:05:58.834009 [W:onnxruntime:, execution_frame.cc:870 VerifyOutputSizes] Expected shape from model of {} does not match actual shape of {2} for output output[m
[0;93m2026-05-04 10:05:58.963424 [W:onnxruntime:, execution_frame.cc:870 VerifyOutputSizes] Expected shape from model of {} does not match actual shape of {2} for output output[m
[0;93m2026-05-04 10:05:59.008243 [W:onnxruntime:, execution_frame.cc:870 VerifyOutputSizes] Expected shape from model of {} does not match actual shape of {2} for output output[m
[0;93m2026-05-04 10:05:59.036657 [W:onnxruntime:, execution_frame.cc:870 VerifyOutputSizes] Expected shape from model of {} does not match actual shape of {2} for output output[m
[0;93m2026-05-04 10:05:59.076916 [W:onnxruntime:, execution_frame.cc:870 VerifyOutputSizes] Expected shape from model of {} does not match actual shape of {2} for output output[m
[0;93m2026-05-04 10:05:59.105679 [W:onnxruntime:, execution_frame.cc:870 VerifyOutputSizes] Expected shape from model of {} does not match actual shape of {2} for output output[m
[0;93m2026-05-04 10:05:59.136617 [W:onnxruntime:, execution_frame.cc:870 VerifyOutputSizes] Expected shape from model of {} does not match actual shape of {2} for output output[m
[0;93m2026-05-04 10:05:59.166181 [W:onnxruntime:, execution_frame.cc:870 VerifyOutputSizes] Expected shape from model of {} does not match actual shape of {2} for output output[m
[0;93m2026-05-04 10:05:59.193899 [W:onnxruntime:, execution_frame.cc:870 VerifyOutputSizes] Expected shape from model of {} does not match actual shape of {2} for output output[m
[0;93m2026-05-04 10:05:59.245149 [W:onnxruntime:, execution_frame.cc:870 VerifyOutputSizes] Expected shape from model of {} does not match actual shape of {2} for output output[m
[0;93m2026-05-04 10:05:59.276452 [W:onnxruntime:, execution_frame.cc:870 VerifyOutputSizes] Expected shape from model of {} does not match actual shape of {2} for output output[m
[0;93m2026-05-04 10:05:59.319556 [W:onnxruntime:, execution_frame.cc:870 VerifyOutputSizes] Expected shape from model of {} does not match actual shape of {2} for output output[m
[0;93m2026-05-04 10:05:59.366724 [W:onnxruntime:, execution_frame.cc:870 VerifyOutputSizes] Expected shape from model of {} does not match actual shape of {2} for output output[m
[0;93m2026-05-04 10:05:59.445884 [W:onnxruntime:, execution_frame.cc:870 VerifyOutputSizes] Expected shape from model of {} does not match actual shape of {2} for output output[m
[0;93m2026-05-04 10:05:59.487069 [W:onnxruntime:, execution_frame.cc:870 VerifyOutputSizes] Expected shape from model of {} does not match actual shape of {2} for output output[m
[0;93m2026-05-04 10:05:59.511726 [W:onnxruntime:, execution_frame.cc:870 VerifyOutputSizes] Expected shape from model of {} does not match actual shape of {2} for output output[m
[0;93m2026-05-04 10:05:59.535632 [W:onnxruntime:, execution_frame.cc:870 VerifyOutputSizes] Expected shape from model of {} does not match actual shape of {2} for output output[m
[0;93m2026-05-04 10:05:59.572380 [W:onnxruntime:, execution_frame.cc:870 VerifyOutputSizes] Expected shape from model of {} does not match actual shape of {2} for output output[m
[0;93m2026-05-04 10:05:59.596178 [W:onnxruntime:, execution_frame.cc:870 VerifyOutputSizes] Expected shape from model of {} does not match actual shape of {2} for output output[m
[0;93m2026-05-04 10:05:59.637841 [W:onnxruntime:, execution_frame.cc:870 VerifyOutputSizes] Expected shape from model of {} does not match actual shape of {2} for output output[m
[0;93m2026-05-04 10:05:59.660269 [W:onnxruntime:, execution_frame.cc:870 VerifyOutputSizes] Expected shape from model of {} does not match actual shape of {2} for output output[m
[0;93m2026-05-04 10:05:59.698000 [W:onnxruntime:, execution_frame.cc:870 VerifyOutputSizes] Expected shape from model of {} does not match actual shape of {2} for output output[m
[0;93m2026-05-04 10:05:59.723230 [W:onnxruntime:, execution_frame.cc:870 VerifyOutputSizes] Expected shape from model of {} does not match actual shape of {2} for output output[m
[0;93m2026-05-04 10:05:59.762845 [W:onnxruntime:, execution_frame.cc:870 VerifyOutputSizes] Expected shape from model of {} does not match actual shape of {2} for output output[m
[0;93m2026-05-04 10:05:59.788642 [W:onnxruntime:, execution_frame.cc:870 VerifyOutputSizes] Expected shape from model of {} does not match actual shape of {2} for output output[m
[0;93m2026-05-04 10:05:59.811961 [W:onnxruntime:, execution_frame.cc:870 VerifyOutputSizes] Expected shape from model of {} does not match actual shape of {2} for output output[m
[0;93m2026-05-04 10:05:59.835664 [W:onnxruntime:, execution_frame.cc:870 VerifyOutputSizes] Expected shape from model of {} does not match actual shape of {2} for output output[m
[0;93m2026-05-04 10:05:59.873859 [W:onnxruntime:, execution_frame.cc:870 VerifyOutputSizes] Expected shape from model of {} does not match actual shape of {2} for output output[m
[0;93m2026-05-04 10:05:59.911443 [W:onnxruntime:, execution_frame.cc:870 VerifyOutputSizes] Expected shape from model of {} does not match actual shape of {2} for output output[m
[0;93m2026-05-04 10:05:59.947111 [W:onnxruntime:, execution_frame.cc:870 VerifyOutputSizes] Expected shape from model of {} does not match actual shape of {2} for output output[m
[0;93m2026-05-04 10:05:59.972673 [W:onnxruntime:, execution_frame.cc:870 VerifyOutputSizes] Expected shape from model of {} does not match actual shape of {2} for output output[m
[0;93m2026-05-04 10:06:00.009877 [W:onnxruntime:, execution_frame.cc:870 VerifyOutputSizes] Expected shape from model of {} does not match actual shape of {2} for output output[m
[0;93m2026-05-04 10:06:00.032085 [W:onnxruntime:, execution_frame.cc:870 VerifyOutputSizes] Expected shape from model of {} does not match actual shape of {2} for output output[m
[0;93m2026-05-04 10:06:00.069002 [W:onnxruntime:, execution_frame.cc:870 VerifyOutputSizes] Expected shape from model of {} does not match actual shape of {2} for output output[m
[0;93m2026-05-04 10:06:00.092298 [W:onnxruntime:, execution_frame.cc:870 VerifyOutputSizes] Expected shape from model of {} does not match actual shape of {2} for output output[m
[0;93m2026-05-04 10:06:00.127453 [W:onnxruntime:, execution_frame.cc:870 VerifyOutputSizes] Expected shape from model of {} does not match actual shape of {2} for output output[m
  50/800
[0;93m2026-05-04 10:06:00.152414 [W:onnxruntime:, execution_frame.cc:870 VerifyOutputSizes] Expected shape from model of {} does not match actual shape of {2} for output output[m
[0;93m2026-05-04 10:06:00.177039 [W:onnxruntime:, execution_frame.cc:870 VerifyOutputSizes] Expected shape from model of {} does not match actual shape of {2} for output output[m
[0;93m2026-05-04 10:06:00.200116 [W:onnxruntime:, execution_frame.cc:870 VerifyOutputSizes] Expected shape from model of {} does not match actual shape of {2} for output output[m
[0;93m2026-05-04 10:06:00.253992 [W:onnxruntime:, execution_frame.cc:870 VerifyOutputSizes] Expected shape from model of {} does not match actual shape of {2} for output output[m
[0;93m2026-05-04 10:06:00.314376 [W:onnxruntime:, execution_frame.cc:870 VerifyOutputSizes] Expected shape from model of {} does not match actual shape of {2} for output output[m
[0;93m2026-05-04 10:06:00.346007 [W:onnxruntime:, execution_frame.cc:870 VerifyOutputSizes] Expected shape from model of {} does not match actual shape of {2} for output output[m
[0;93m2026-05-04 10:06:00.368457 [W:onnxruntime:, execution_frame.cc:870 VerifyOutputSizes] Expected shape from model of {} does not match actual shape of {2} for output output[m
[0;93m2026-05-04 10:06:00.399453 [W:onnxruntime:, execution_frame.cc:870 VerifyOutputSizes] Expected shape from model of {} does not match actual shape of {2} for output output[m
[0;93m2026-05-04 10:06:00.432521 [W:onnxruntime:, execution_frame.cc:870 VerifyOutputSizes] Expected shape from model of {} does not match actual shape of {2} for output output[m
[0;93m2026-05-04 10:06:00.470511 [W:onnxruntime:, execution_frame.cc:870 VerifyOutputSizes] Expected shape from model of {} does not match actual shape of {2} for output output[m
[0;93m2026-05-04 10:06:00.495463 [W:onnxruntime:, execution_frame.cc:870 VerifyOutputSizes] Expected shape from model of {} does not match actual shape of {2} for output output[m
[0;93m2026-05-04 10:06:00.534830 [W:onnxruntime:, execution_frame.cc:870 VerifyOutputSizes] Expected shape from model of {} does not match actual shape of {2} for output output[m
[0;93m2026-05-04 10:06:00.570002 [W:onnxruntime:, execution_frame.cc:870 VerifyOutputSizes] Expected shape from model of {} does not match actual shape of {2} for output output[m
[0;93m2026-05-04 10:06:00.595815 [W:onnxruntime:, execution_frame.cc:870 VerifyOutputSizes] Expected shape from model of {} does not match actual shape of {2} for output output[m
[0;93m2026-05-04 10:06:00.635295 [W:onnxruntime:, execution_frame.cc:870 VerifyOutputSizes] Expected shape from model of {} does not match actual shape of {2} for output output[m
[0;93m2026-05-04 10:06:00.675787 [W:onnxruntime:, execution_frame.cc:870 VerifyOutputSizes] Expected shape from model of {} does not match actual shape of {2} for output output[m
[0;93m2026-05-04 10:06:00.715198 [W:onnxruntime:, execution_frame.cc:870 VerifyOutputSizes] Expected shape from model of {} does not match actual shape of {2} for output output[m
[0;93m2026-05-04 10:06:00.753287 [W:onnxruntime:, execution_frame.cc:870 VerifyOutputSizes] Expected shape from model of {} does not match actual shape of {2} for output output[m
[0;93m2026-05-04 10:06:00.794623 [W:onnxruntime:, execution_frame.cc:870 VerifyOutputSizes] Expected shape from model of {} does not match actual shape of {2} for output output[m
[0;93m2026-05-04 10:06:00.838612 [W:onnxruntime:, execution_frame.cc:870 VerifyOutputSizes] Expected shape from model of {} does not match actual shape of {2} for output output[m
[0;93m2026-05-04 10:06:00.877982 [W:onnxruntime:, execution_frame.cc:870 VerifyOutputSizes] Expected shape from model of {} does not match actual shape of {2} for output output[m
[0;93m2026-05-04 10:06:00.903809 [W:onnxruntime:, execution_frame.cc:870 VerifyOutputSizes] Expected shape from model of {} does not match actual shape of {2} for output output[m
[0;93m2026-05-04 10:06:00.942062 [W:onnxruntime:, execution_frame.cc:870 VerifyOutputSizes] Expected shape from model of {} does not match actual shape of {2} for output output[m
[0;93m2026-05-04 10:06:00.983926 [W:onnxruntime:, execution_frame.cc:870 VerifyOutputSizes] Expected shape from model of {} does not match actual shape of {2} for output output[m
[0;93m2026-05-04 10:06:01.024053 [W:onnxruntime:, execution_frame.cc:870 VerifyOutputSizes] Expected shape from model of {} does not match actual shape of {2} for output output[m
[0;93m2026-05-04 10:06:01.062555 [W:onnxruntime:, execution_frame.cc:870 VerifyOutputSizes] Expected shape from model of {} does not match actual shape of {2} for output output[m
[0;93m2026-05-04 10:06:01.101339 [W:onnxruntime:, execution_frame.cc:870 VerifyOutputSizes] Expected shape from model of {} does not match actual shape of {2} for output output[m
[0;93m2026-05-04 10:06:01.143922 [W:onnxruntime:, execution_frame.cc:870 VerifyOutputSizes] Expected shape from model of {} does not match actual shape of {2} for output output[m
[0;93m2026-05-04 10:06:01.184438 [W:onnxruntime:, execution_frame.cc:870 VerifyOutputSizes] Expected shape from model of {} does not match actual shape of {2} for output output[m
[0;93m2026-05-04 10:06:01.210779 [W:onnxruntime:, execution_frame.cc:870 VerifyOutputSizes] Expected shape from model of {} does not match actual shape of {2} for output output[m
[0;93m2026-05-04 10:06:01.234554 [W:onnxruntime:, execution_frame.cc:870 VerifyOutputSizes] Expected shape from model of {} does not match actual shape of {2} for output output[m
[0;93m2026-05-04 10:06:01.275323 [W:onnxruntime:, execution_frame.cc:870 VerifyOutputSizes] Expected shape from model of {} does not match actual shape of {2} for output output[m
[0;93m2026-05-04 10:06:01.313758 [W:onnxruntime:, execution_frame.cc:870 VerifyOutputSizes] Expected shape from model of {} does not match actual shape of {2} for output output[m
[0;93m2026-05-04 10:06:01.338114 [W:onnxruntime:, execution_frame.cc:870 VerifyOutputSizes] Expected shape from model of {} does not match actual shape of {2} for output output[m
[0;93m2026-05-04 10:06:01.376058 [W:onnxruntime:, execution_frame.cc:870 VerifyOutputSizes] Expected shape from model of {} does not match actual shape of {2} for output output[m
[0;93m2026-05-04 10:06:01.400028 [W:onnxruntime:, execution_frame.cc:870 VerifyOutputSizes] Expected shape from model of {} does not match actual shape of {2} for output output[m
[0;93m2026-05-04 10:06:01.444141 [W:onnxruntime:, execution_frame.cc:870 VerifyOutputSizes] Expected shape from model of {} does not match actual shape of {2} for output output[m
[0;93m2026-05-04 10:06:01.484411 [W:onnxruntime:, execution_frame.cc:870 VerifyOutputSizes] Expected shape from model of {} does not match actual shape of {2} for output output[m
[0;93m2026-05-04 10:06:01.523664 [W:onnxruntime:, execution_frame.cc:870 VerifyOutputSizes] Expected shape from model of {} does not match actual shape of {2} for output output[m
[0;93m2026-05-04 10:06:01.546552 [W:onnxruntime:, execution_frame.cc:870 VerifyOutputSizes] Expected shape from model of {} does not match actual shape of {2} for output output[m
[0;93m2026-05-04 10:06:01.589405 [W:onnxruntime:, execution_frame.cc:870 VerifyOutputSizes] Expected shape from model of {} does not match actual shape of {2} for output output[m
[0;93m2026-05-04 10:06:01.629429 [W:onnxruntime:, execution_frame.cc:870 VerifyOutputSizes] Expected shape from model of {} does not match actual shape of {2} for output output[m
[0;93m2026-05-04 10:06:01.652454 [W:onnxruntime:, execution_frame.cc:870 VerifyOutputSizes] Expected shape from model of {} does not match actual shape of {2} for output output[m
[0;93m2026-05-04 10:06:01.697159 [W:onnxruntime:, execution_frame.cc:870 VerifyOutputSizes] Expected shape from model of {} does not match actual shape of {2} for output output[m
[0;93m2026-05-04 10:06:01.736550 [W:onnxruntime:, execution_frame.cc:870 VerifyOutputSizes] Expected shape from model of {} does not match actual shape of {2} for output output[m
[0;93m2026-05-04 10:06:01.773670 [W:onnxruntime:, execution_frame.cc:870 VerifyOutputSizes] Expected shape from model of {} does not match actual shape of {2} for output output[m
[0;93m2026-05-04 10:06:01.799622 [W:onnxruntime:, execution_frame.cc:870 VerifyOutputSizes] Expected shape from model of {} does not match actual shape of {2} for output output[m
[0;93m2026-05-04 10:06:01.841002 [W:onnxruntime:, execution_frame.cc:870 VerifyOutputSizes] Expected shape from model of {} does not match actual shape of {2} for output output[m
[0;93m2026-05-04 10:06:01.880008 [W:onnxruntime:, execution_frame.cc:870 VerifyOutputSizes] Expected shape from model of {} does not match actual shape of {2} for output output[m
[0;93m2026-05-04 10:06:01.904717 [W:onnxruntime:, execution_frame.cc:870 VerifyOutputSizes] Expected shape from model of {} does not match actual shape of {2} for output output[m
  100/800
[0;93m2026-05-04 10:06:01.942232 [W:onnxruntime:, execution_frame.cc:870 VerifyOutputSizes] Expected shape from model of {} does not match actual shape of {2} for output output[m
[0;93m2026-05-04 10:06:01.963686 [W:onnxruntime:, execution_frame.cc:870 VerifyOutputSizes] Expected shape from model of {} does not match actual shape of {2} for output output[m
[0;93m2026-05-04 10:06:02.007545 [W:onnxruntime:, execution_frame.cc:870 VerifyOutputSizes] Expected shape from model of {} does not match actual shape of {2} for output output[m
[0;93m2026-05-04 10:06:02.031219 [W:onnxruntime:, execution_frame.cc:870 VerifyOutputSizes] Expected shape from model of {} does not match actual shape of {2} for output output[m
[0;93m2026-05-04 10:06:02.067645 [W:onnxruntime:, execution_frame.cc:870 VerifyOutputSizes] Expected shape from model of {} does not match actual shape of {2} for output output[m
[0;93m2026-05-04 10:06:02.110703 [W:onnxruntime:, execution_frame.cc:870 VerifyOutputSizes] Expected shape from model of {} does not match actual shape of {2} for output output[m
[0;93m2026-05-04 10:06:02.150676 [W:onnxruntime:, execution_frame.cc:870 VerifyOutputSizes] Expected shape from model of {} does not match actual shape of {2} for output output[m
[0;93m2026-05-04 10:06:02.189458 [W:onnxruntime:, execution_frame.cc:870 VerifyOutputSizes] Expected shape from model of {} does not match actual shape of {2} for output output[m
[0;93m2026-05-04 10:06:02.227874 [W:onnxruntime:, execution_frame.cc:870 VerifyOutputSizes] Expected shape from model of {} does not match actual shape of {2} for output output[m
[0;93m2026-05-04 10:06:02.273977 [W:onnxruntime:, execution_frame.cc:870 VerifyOutputSizes] Expected shape from model of {} does not match actual shape of {2} for output output[m
[0;93m2026-05-04 10:06:02.328772 [W:onnxruntime:, execution_frame.cc:870 VerifyOutputSizes] Expected shape from model of {} does not match actual shape of {2} for output output[m
[0;93m2026-05-04 10:06:02.370710 [W:onnxruntime:, execution_frame.cc:870 VerifyOutputSizes] Expected shape from model of {} does not match actual shape of {2} for output output[m
[0;93m2026-05-04 10:06:02.396622 [W:onnxruntime:, execution_frame.cc:870 VerifyOutputSizes] Expected shape from model of {} does not match actual shape of {2} for output output[m
[0;93m2026-05-04 10:06:02.429735 [W:onnxruntime:, execution_frame.cc:870 VerifyOutputSizes] Expected shape from model of {} does not match actual shape of {2} for output output[m
[0;93m2026-05-04 10:06:02.465081 [W:onnxruntime:, execution_frame.cc:870 VerifyOutputSizes] Expected shape from model of {} does not match actual shape of {2} for output output[m
[0;93m2026-05-04 10:06:02.494467 [W:onnxruntime:, execution_frame.cc:870 VerifyOutputSizes] Expected shape from model of {} does not match actual shape of {2} for output output[m
[0;93m2026-05-04 10:06:02.548899 [W:onnxruntime:, execution_frame.cc:870 VerifyOutputSizes] Expected shape from model of {} does not match actual shape of {2} for output output[m
[0;93m2026-05-04 10:06:02.589311 [W:onnxruntime:, execution_frame.cc:870 VerifyOutputSizes] Expected shape from model of {} does not match actual shape of {2} for output output[m
[0;93m2026-05-04 10:06:02.628354 [W:onnxruntime:, execution_frame.cc:870 VerifyOutputSizes] Expected shape from model of {} does not match actual shape of {2} for output output[m
[0;93m2026-05-04 10:06:02.653877 [W:onnxruntime:, execution_frame.cc:870 VerifyOutputSizes] Expected shape from model of {} does not match actual shape of {2} for output output[m
[0;93m2026-05-04 10:06:02.676651 [W:onnxruntime:, execution_frame.cc:870 VerifyOutputSizes] Expected shape from model of {} does not match actual shape of {2} for output output[m
[0;93m2026-05-04 10:06:02.717187 [W:onnxruntime:, execution_frame.cc:870 VerifyOutputSizes] Expected shape from model of {} does not match actual shape of {2} for output output[m
[0;93m2026-05-04 10:06:02.758056 [W:onnxruntime:, execution_frame.cc:870 VerifyOutputSizes] Expected shape from model of {} does not match actual shape of {2} for output output[m
[0;93m2026-05-04 10:06:02.803492 [W:onnxruntime:, execution_frame.cc:870 VerifyOutputSizes] Expected shape from model of {} does not match actual shape of {2} for output output[m
[0;93m2026-05-04 10:06:02.842115 [W:onnxruntime:, execution_frame.cc:870 VerifyOutputSizes] Expected shape from model of {} does not match actual shape of {2} for output output[m
[0;93m2026-05-04 10:06:02.881235 [W:onnxruntime:, execution_frame.cc:870 VerifyOutputSizes] Expected shape from model of {} does not match actual shape of {2} for output output[m
[0;93m2026-05-04 10:06:02.922096 [W:onnxruntime:, execution_frame.cc:870 VerifyOutputSizes] Expected shape from model of {} does not match actual shape of {2} for output output[m
[0;93m2026-05-04 10:06:02.961654 [W:onnxruntime:, execution_frame.cc:870 VerifyOutputSizes] Expected shape from model of {} does not match actual shape of {2} for output output[m
[0;93m2026-05-04 10:06:03.008365 [W:onnxruntime:, execution_frame.cc:870 VerifyOutputSizes] Expected shape from model of {} does not match actual shape of {2} for output output[m
[0;93m2026-05-04 10:06:03.047889 [W:onnxruntime:, execution_frame.cc:870 VerifyOutputSizes] Expected shape from model of {} does not match actual shape of {2} for output output[m
[0;93m2026-05-04 10:06:03.073660 [W:onnxruntime:, execution_frame.cc:870 VerifyOutputSizes] Expected shape from model of {} does not match actual shape of {2} for output output[m
[0;93m2026-05-04 10:06:03.112652 [W:onnxruntime:, execution_frame.cc:870 VerifyOutputSizes] Expected shape from model of {} does not match actual shape of {2} for output output[m
[0;93m2026-05-04 10:06:03.151363 [W:onnxruntime:, execution_frame.cc:870 VerifyOutputSizes] Expected shape from model of {} does not match actual shape of {2} for output output[m
[0;93m2026-05-04 10:06:03.190309 [W:onnxruntime:, execution_frame.cc:870 VerifyOutputSizes] Expected shape from model of {} does not match actual shape of {2} for output output[m
[0;93m2026-05-04 10:06:03.217264 [W:onnxruntime:, execution_frame.cc:870 VerifyOutputSizes] Expected shape from model of {} does not match actual shape of {2} for output output[m
[0;93m2026-05-04 10:06:03.257611 [W:onnxruntime:, execution_frame.cc:870 VerifyOutputSizes] Expected shape from model of {} does not match actual shape of {2} for output output[m
[0;93m2026-05-04 10:06:03.301348 [W:onnxruntime:, execution_frame.cc:870 VerifyOutputSizes] Expected shape from model of {} does not match actual shape of {2} for output output[m
[0;93m2026-05-04 10:06:03.339421 [W:onnxruntime:, execution_frame.cc:870 VerifyOutputSizes] Expected shape from model of {} does not match actual shape of {2} for output output[m
[0;93m2026-05-04 10:06:03.364255 [W:onnxruntime:, execution_frame.cc:870 VerifyOutputSizes] Expected shape from model of {} does not match actual shape of {2} for output output[m
[0;93m2026-05-04 10:06:03.410391 [W:onnxruntime:, execution_frame.cc:870 VerifyOutputSizes] Expected shape from model of {} does not match actual shape of {2} for output output[m
[0;93m2026-05-04 10:06:03.451217 [W:onnxruntime:, execution_frame.cc:870 VerifyOutputSizes] Expected shape from model of {} does not match actual shape of {2} for output output[m
[0;93m2026-05-04 10:06:03.490602 [W:onnxruntime:, execution_frame.cc:870 VerifyOutputSizes] Expected shape from model of {} does not match actual shape of {2} for output output[m
[0;93m2026-05-04 10:06:03.533892 [W:onnxruntime:, execution_frame.cc:870 VerifyOutputSizes] Expected shape from model of {} does not match actual shape of {2} for output output[m
[0;93m2026-05-04 10:06:03.573403 [W:onnxruntime:, execution_frame.cc:870 VerifyOutputSizes] Expected shape from model of {} does not match actual shape of {2} for output output[m
[0;93m2026-05-04 10:06:03.599892 [W:onnxruntime:, execution_frame.cc:870 VerifyOutputSizes] Expected shape from model of {} does not match actual shape of {2} for output output[m
[0;93m2026-05-04 10:06:03.638832 [W:onnxruntime:, execution_frame.cc:870 VerifyOutputSizes] Expected shape from model of {} does not match actual shape of {2} for output output[m
[0;93m2026-05-04 10:06:03.681924 [W:onnxruntime:, execution_frame.cc:870 VerifyOutputSizes] Expected shape from model of {} does not match actual shape of {2} for output output[m
[0;93m2026-05-04 10:06:03.705338 [W:onnxruntime:, execution_frame.cc:870 VerifyOutputSizes] Expected shape from model of {} does not match actual shape of {2} for output output[m
[0;93m2026-05-04 10:06:03.748303 [W:onnxruntime:, execution_frame.cc:870 VerifyOutputSizes] Expected shape from model of {} does not match actual shape of {2} for output output[m
[0;93m2026-05-04 10:06:03.789978 [W:onnxruntime:, execution_frame.cc:870 VerifyOutputSizes] Expected shape from model of {} does not match actual shape of {2} for output output[m
  150/800
[0;93m2026-05-04 10:06:03.829118 [W:onnxruntime:, execution_frame.cc:870 VerifyOutputSizes] Expected shape from model of {} does not match actual shape of {2} for output output[m
[0;93m2026-05-04 10:06:03.869001 [W:onnxruntime:, execution_frame.cc:870 VerifyOutputSizes] Expected shape from model of {} does not match actual shape of {2} for output output[m
[0;93m2026-05-04 10:06:03.897926 [W:onnxruntime:, execution_frame.cc:870 VerifyOutputSizes] Expected shape from model of {} does not match actual shape of {2} for output output[m
[0;93m2026-05-04 10:06:03.937552 [W:onnxruntime:, execution_frame.cc:870 VerifyOutputSizes] Expected shape from model of {} does not match actual shape of {2} for output output[m
[0;93m2026-05-04 10:06:03.978536 [W:onnxruntime:, execution_frame.cc:870 VerifyOutputSizes] Expected shape from model of {} does not match actual shape of {2} for output output[m
[0;93m2026-05-04 10:06:04.028161 [W:onnxruntime:, execution_frame.cc:870 VerifyOutputSizes] Expected shape from model of {} does not match actual shape of {2} for output output[m
[0;93m2026-05-04 10:06:04.072230 [W:onnxruntime:, execution_frame.cc:870 VerifyOutputSizes] Expected shape from model of {} does not match actual shape of {2} for output output[m
[0;93m2026-05-04 10:06:04.122140 [W:onnxruntime:, execution_frame.cc:870 VerifyOutputSizes] Expected shape from model of {} does not match actual shape of {2} for output output[m
[0;93m2026-05-04 10:06:04.155017 [W:onnxruntime:, execution_frame.cc:870 VerifyOutputSizes] Expected shape from model of {} does not match actual shape of {2} for output output[m
[0;93m2026-05-04 10:06:04.207770 [W:onnxruntime:, execution_frame.cc:870 VerifyOutputSizes] Expected shape from model of {} does not match actual shape of {2} for output output[m
[0;93m2026-05-04 10:06:04.236976 [W:onnxruntime:, execution_frame.cc:870 VerifyOutputSizes] Expected shape from model of {} does not match actual shape of {2} for output output[m
[0;93m2026-05-04 10:06:04.287702 [W:onnxruntime:, execution_frame.cc:870 VerifyOutputSizes] Expected shape from model of {} does not match actual shape of {2} for output output[m
[0;93m2026-05-04 10:06:04.332220 [W:onnxruntime:, execution_frame.cc:870 VerifyOutputSizes] Expected shape from model of {} does not match actual shape of {2} for output output[m
[0;93m2026-05-04 10:06:04.386912 [W:onnxruntime:, execution_frame.cc:870 VerifyOutputSizes] Expected shape from model of {} does not match actual shape of {2} for output output[m
[0;93m2026-05-04 10:06:04.427862 [W:onnxruntime:, execution_frame.cc:870 VerifyOutputSizes] Expected shape from model of {} does not match actual shape of {2} for output output[m
[0;93m2026-05-04 10:06:04.454716 [W:onnxruntime:, execution_frame.cc:870 VerifyOutputSizes] Expected shape from model of {} does not match actual shape of {2} for output output[m
[0;93m2026-05-04 10:06:04.498603 [W:onnxruntime:, execution_frame.cc:870 VerifyOutputSizes] Expected shape from model of {} does not match actual shape of {2} for output output[m
[0;93m2026-05-04 10:06:04.564313 [W:onnxruntime:, execution_frame.cc:870 VerifyOutputSizes] Expected shape from model of {} does not match actual shape of {2} for output output[m
[0;93m2026-05-04 10:06:04.621186 [W:onnxruntime:, execution_frame.cc:870 VerifyOutputSizes] Expected shape from model of {} does not match actual shape of {2} for output output[m
[0;93m2026-05-04 10:06:04.645578 [W:onnxruntime:, execution_frame.cc:870 VerifyOutputSizes] Expected shape from model of {} does not match actual shape of {2} for output output[m
[0;93m2026-05-04 10:06:04.669282 [W:onnxruntime:, execution_frame.cc:870 VerifyOutputSizes] Expected shape from model of {} does not match actual shape of {2} for output output[m
[0;93m2026-05-04 10:06:04.712476 [W:onnxruntime:, execution_frame.cc:870 VerifyOutputSizes] Expected shape from model of {} does not match actual shape of {2} for output output[m
[0;93m2026-05-04 10:06:04.751575 [W:onnxruntime:, execution_frame.cc:870 VerifyOutputSizes] Expected shape from model of {} does not match actual shape of {2} for output output[m
[0;93m2026-05-04 10:06:04.773929 [W:onnxruntime:, execution_frame.cc:870 VerifyOutputSizes] Expected shape from model of {} does not match actual shape of {2} for output output[m
[0;93m2026-05-04 10:06:04.816925 [W:onnxruntime:, execution_frame.cc:870 VerifyOutputSizes] Expected shape from model of {} does not match actual shape of {2} for output output[m
[0;93m2026-05-04 10:06:04.852630 [W:onnxruntime:, execution_frame.cc:870 VerifyOutputSizes] Expected shape from model of {} does not match actual shape of {2} for output output[m
[0;93m2026-05-04 10:06:04.892175 [W:onnxruntime:, execution_frame.cc:870 VerifyOutputSizes] Expected shape from model of {} does not match actual shape of {2} for output output[m
[0;93m2026-05-04 10:06:04.935836 [W:onnxruntime:, execution_frame.cc:870 VerifyOutputSizes] Expected shape from model of {} does not match actual shape of {2} for output output[m
[0;93m2026-05-04 10:06:04.976316 [W:onnxruntime:, execution_frame.cc:870 VerifyOutputSizes] Expected shape from model of {} does not match actual shape of {2} for output output[m
[0;93m2026-05-04 10:06:05.000409 [W:onnxruntime:, execution_frame.cc:870 VerifyOutputSizes] Expected shape from model of {} does not match actual shape of {2} for output output[m
[0;93m2026-05-04 10:06:05.039443 [W:onnxruntime:, execution_frame.cc:870 VerifyOutputSizes] Expected shape from model of {} does not match actual shape of {2} for output output[m
[0;93m2026-05-04 10:06:05.078307 [W:onnxruntime:, execution_frame.cc:870 VerifyOutputSizes] Expected shape from model of {} does not match actual shape of {2} for output output[m
[0;93m2026-05-04 10:06:05.116579 [W:onnxruntime:, execution_frame.cc:870 VerifyOutputSizes] Expected shape from model of {} does not match actual shape of {2} for output output[m
[0;93m2026-05-04 10:06:05.156700 [W:onnxruntime:, execution_frame.cc:870 VerifyOutputSizes] Expected shape from model of {} does not match actual shape of {2} for output output[m
[0;93m2026-05-04 10:06:05.181832 [W:onnxruntime:, execution_frame.cc:870 VerifyOutputSizes] Expected shape from model of {} does not match actual shape of {2} for output output[m
[0;93m2026-05-04 10:06:05.204023 [W:onnxruntime:, execution_frame.cc:870 VerifyOutputSizes] Expected shape from model of {} does not match actual shape of {2} for output output[m
[0;93m2026-05-04 10:06:05.243377 [W:onnxruntime:, execution_frame.cc:870 VerifyOutputSizes] Expected shape from model of {} does not match actual shape of {2} for output output[m
[0;93m2026-05-04 10:06:05.286559 [W:onnxruntime:, execution_frame.cc:870 VerifyOutputSizes] Expected shape from model of {} does not match actual shape of {2} for output output[m
[0;93m2026-05-04 10:06:05.329926 [W:onnxruntime:, execution_frame.cc:870 VerifyOutputSizes] Expected shape from model of {} does not match actual shape of {2} for output output[m
[0;93m2026-05-04 10:06:05.369804 [W:onnxruntime:, execution_frame.cc:870 VerifyOutputSizes] Expected shape from model of {} does not match actual shape of {2} for output output[m
[0;93m2026-05-04 10:06:05.411053 [W:onnxruntime:, execution_frame.cc:870 VerifyOutputSizes] Expected shape from model of {} does not match actual shape of {2} for output output[m
[0;93m2026-05-04 10:06:05.435585 [W:onnxruntime:, execution_frame.cc:870 VerifyOutputSizes] Expected shape from model of {} does not match actual shape of {2} for output output[m
[0;93m2026-05-04 10:06:05.475440 [W:onnxruntime:, execution_frame.cc:870 VerifyOutputSizes] Expected shape from model of {} does not match actual shape of {2} for output output[m
[0;93m2026-05-04 10:06:05.516021 [W:onnxruntime:, execution_frame.cc:870 VerifyOutputSizes] Expected shape from model of {} does not match actual shape of {2} for output output[m
[0;93m2026-05-04 10:06:05.556409 [W:onnxruntime:, execution_frame.cc:870 VerifyOutputSizes] Expected shape from model of {} does not match actual shape of {2} for output output[m
[0;93m2026-05-04 10:06:05.580549 [W:onnxruntime:, execution_frame.cc:870 VerifyOutputSizes] Expected shape from model of {} does not match actual shape of {2} for output output[m
[0;93m2026-05-04 10:06:05.622129 [W:onnxruntime:, execution_frame.cc:870 VerifyOutputSizes] Expected shape from model of {} does not match actual shape of {2} for output output[m
[0;93m2026-05-04 10:06:05.662132 [W:onnxruntime:, execution_frame.cc:870 VerifyOutputSizes] Expected shape from model of {} does not match actual shape of {2} for output output[m
[0;93m2026-05-04 10:06:05.701765 [W:onnxruntime:, execution_frame.cc:870 VerifyOutputSizes] Expected shape from model of {} does not match actual shape of {2} for output output[m
[0;93m2026-05-04 10:06:05.726469 [W:onnxruntime:, execution_frame.cc:870 VerifyOutputSizes] Expected shape from model of {} does not match actual shape of {2} for output output[m
  200/800
[0;93m2026-05-04 10:06:05.767871 [W:onnxruntime:, execution_frame.cc:870 VerifyOutputSizes] Expected shape from model of {} does not match actual shape of {2} for output output[m
[0;93m2026-05-04 10:06:05.811521 [W:onnxruntime:, execution_frame.cc:870 VerifyOutputSizes] Expected shape from model of {} does not match actual shape of {2} for output output[m
[0;93m2026-05-04 10:06:05.836629 [W:onnxruntime:, execution_frame.cc:870 VerifyOutputSizes] Expected shape from model of {} does not match actual shape of {2} for output output[m
[0;93m2026-05-04 10:06:05.877083 [W:onnxruntime:, execution_frame.cc:870 VerifyOutputSizes] Expected shape from model of {} does not match actual shape of {2} for output output[m
[0;93m2026-05-04 10:06:05.916622 [W:onnxruntime:, execution_frame.cc:870 VerifyOutputSizes] Expected shape from model of {} does not match actual shape of {2} for output output[m
[0;93m2026-05-04 10:06:05.959577 [W:onnxruntime:, execution_frame.cc:870 VerifyOutputSizes] Expected shape from model of {} does not match actual shape of {2} for output output[m
[0;93m2026-05-04 10:06:06.005047 [W:onnxruntime:, execution_frame.cc:870 VerifyOutputSizes] Expected shape from model of {} does not match actual shape of {2} for output output[m
[0;93m2026-05-04 10:06:06.044026 [W:onnxruntime:, execution_frame.cc:870 VerifyOutputSizes] Expected shape from model of {} does not match actual shape of {2} for output output[m
[0;93m2026-05-04 10:06:06.085072 [W:onnxruntime:, execution_frame.cc:870 VerifyOutputSizes] Expected shape from model of {} does not match actual shape of {2} for output output[m
[0;93m2026-05-04 10:06:06.109861 [W:onnxruntime:, execution_frame.cc:870 VerifyOutputSizes] Expected shape from model of {} does not match actual shape of {2} for output output[m
[0;93m2026-05-04 10:06:06.135392 [W:onnxruntime:, execution_frame.cc:870 VerifyOutputSizes] Expected shape from model of {} does not match actual shape of {2} for output output[m
[0;93m2026-05-04 10:06:06.158111 [W:onnxruntime:, execution_frame.cc:870 VerifyOutputSizes] Expected shape from model of {} does not match actual shape of {2} for output output[m
[0;93m2026-05-04 10:06:06.202914 [W:onnxruntime:, execution_frame.cc:870 VerifyOutputSizes] Expected shape from model of {} does not match actual shape of {2} for output output[m
[0;93m2026-05-04 10:06:06.242507 [W:onnxruntime:, execution_frame.cc:870 VerifyOutputSizes] Expected shape from model of {} does not match actual shape of {2} for output output[m
[0;93m2026-05-04 10:06:06.266617 [W:onnxruntime:, execution_frame.cc:870 VerifyOutputSizes] Expected shape from model of {} does not match actual shape of {2} for output output[m
[0;93m2026-05-04 10:06:06.307152 [W:onnxruntime:, execution_frame.cc:870 VerifyOutputSizes] Expected shape from model of {} does not match actual shape of {2} for output output[m
[0;93m2026-05-04 10:06:06.349646 [W:onnxruntime:, execution_frame.cc:870 VerifyOutputSizes] Expected shape from model of {} does not match actual shape of {2} for output output[m
[0;93m2026-05-04 10:06:06.386744 [W:onnxruntime:, execution_frame.cc:870 VerifyOutputSizes] Expected shape from model of {} does not match actual shape of {2} for output output[m
[0;93m2026-05-04 10:06:06.430249 [W:onnxruntime:, execution_frame.cc:870 VerifyOutputSizes] Expected shape from model of {} does not match actual shape of {2} for output output[m
[0;93m2026-05-04 10:06:06.458293 [W:onnxruntime:, execution_frame.cc:870 VerifyOutputSizes] Expected shape from model of {} does not match actual shape of {2} for output output[m
[0;93m2026-05-04 10:06:06.505915 [W:onnxruntime:, execution_frame.cc:870 VerifyOutputSizes] Expected shape from model of {} does not match actual shape of {2} for output output[m
[0;93m2026-05-04 10:06:06.537266 [W:onnxruntime:, execution_frame.cc:870 VerifyOutputSizes] Expected shape from model of {} does not match actual shape of {2} for output output[m
[0;93m2026-05-04 10:06:06.586608 [W:onnxruntime:, execution_frame.cc:870 VerifyOutputSizes] Expected shape from model of {} does not match actual shape of {2} for output output[m
[0;93m2026-05-04 10:06:06.628424 [W:onnxruntime:, execution_frame.cc:870 VerifyOutputSizes] Expected shape from model of {} does not match actual shape of {2} for output output[m
[0;93m2026-05-04 10:06:06.670518 [W:onnxruntime:, execution_frame.cc:870 VerifyOutputSizes] Expected shape from model of {} does not match actual shape of {2} for output output[m
[0;93m2026-05-04 10:06:06.711878 [W:onnxruntime:, execution_frame.cc:870 VerifyOutputSizes] Expected shape from model of {} does not match actual shape of {2} for output output[m
[0;93m2026-05-04 10:06:06.748815 [W:onnxruntime:, execution_frame.cc:870 VerifyOutputSizes] Expected shape from model of {} does not match actual shape of {2} for output output[m
[0;93m2026-05-04 10:06:06.786182 [W:onnxruntime:, execution_frame.cc:870 VerifyOutputSizes] Expected shape from model of {} does not match actual shape of {2} for output output[m
[0;93m2026-05-04 10:06:06.831389 [W:onnxruntime:, execution_frame.cc:870 VerifyOutputSizes] Expected shape from model of {} does not match actual shape of {2} for output output[m
[0;93m2026-05-04 10:06:06.871062 [W:onnxruntime:, execution_frame.cc:870 VerifyOutputSizes] Expected shape from model of {} does not match actual shape of {2} for output output[m
[0;93m2026-05-04 10:06:06.910025 [W:onnxruntime:, execution_frame.cc:870 VerifyOutputSizes] Expected shape from model of {} does not match actual shape of {2} for output output[m
[0;93m2026-05-04 10:06:06.938093 [W:onnxruntime:, execution_frame.cc:870 VerifyOutputSizes] Expected shape from model of {} does not match actual shape of {2} for output output[m
[0;93m2026-05-04 10:06:06.977193 [W:onnxruntime:, execution_frame.cc:870 VerifyOutputSizes] Expected shape from model of {} does not match actual shape of {2} for output output[m
[0;93m2026-05-04 10:06:07.020033 [W:onnxruntime:, execution_frame.cc:870 VerifyOutputSizes] Expected shape from model of {} does not match actual shape of {2} for output output[m
[0;93m2026-05-04 10:06:07.059954 [W:onnxruntime:, execution_frame.cc:870 VerifyOutputSizes] Expected shape from model of {} does not match actual shape of {2} for output output[m
[0;93m2026-05-04 10:06:07.099441 [W:onnxruntime:, execution_frame.cc:870 VerifyOutputSizes] Expected shape from model of {} does not match actual shape of {2} for output output[m
[0;93m2026-05-04 10:06:07.138841 [W:onnxruntime:, execution_frame.cc:870 VerifyOutputSizes] Expected shape from model of {} does not match actual shape of {2} for output output[m
[0;93m2026-05-04 10:06:07.177945 [W:onnxruntime:, execution_frame.cc:870 VerifyOutputSizes] Expected shape from model of {} does not match actual shape of {2} for output output[m
[0;93m2026-05-04 10:06:07.216898 [W:onnxruntime:, execution_frame.cc:870 VerifyOutputSizes] Expected shape from model of {} does not match actual shape of {2} for output output[m
[0;93m2026-05-04 10:06:07.246064 [W:onnxruntime:, execution_frame.cc:870 VerifyOutputSizes] Expected shape from model of {} does not match actual shape of {2} for output output[m
[0;93m2026-05-04 10:06:07.287063 [W:onnxruntime:, execution_frame.cc:870 VerifyOutputSizes] Expected shape from model of {} does not match actual shape of {2} for output output[m
[0;93m2026-05-04 10:06:07.325097 [W:onnxruntime:, execution_frame.cc:870 VerifyOutputSizes] Expected shape from model of {} does not match actual shape of {2} for output output[m
[0;93m2026-05-04 10:06:07.347958 [W:onnxruntime:, execution_frame.cc:870 VerifyOutputSizes] Expected shape from model of {} does not match actual shape of {2} for output output[m
[0;93m2026-05-04 10:06:07.390330 [W:onnxruntime:, execution_frame.cc:870 VerifyOutputSizes] Expected shape from model of {} does not match actual shape of {2} for output output[m
[0;93m2026-05-04 10:06:07.429904 [W:onnxruntime:, execution_frame.cc:870 VerifyOutputSizes] Expected shape from model of {} does not match actual shape of {2} for output output[m
[0;93m2026-05-04 10:06:07.453656 [W:onnxruntime:, execution_frame.cc:870 VerifyOutputSizes] Expected shape from model of {} does not match actual shape of {2} for output output[m
[0;93m2026-05-04 10:06:07.494500 [W:onnxruntime:, execution_frame.cc:870 VerifyOutputSizes] Expected shape from model of {} does not match actual shape of {2} for output output[m
[0;93m2026-05-04 10:06:07.520777 [W:onnxruntime:, execution_frame.cc:870 VerifyOutputSizes] Expected shape from model of {} does not match actual shape of {2} for output output[m
[0;93m2026-05-04 10:06:07.562288 [W:onnxruntime:, execution_frame.cc:870 VerifyOutputSizes] Expected shape from model of {} does not match actual shape of {2} for output output[m
[0;93m2026-05-04 10:06:07.609242 [W:onnxruntime:, execution_frame.cc:870 VerifyOutputSizes] Expected shape from model of {} does not match actual shape of {2} for output output[m
  250/800
[0;93m2026-05-04 10:06:07.645556 [W:onnxruntime:, execution_frame.cc:870 VerifyOutputSizes] Expected shape from model of {} does not match actual shape of {2} for output output[m
[0;93m2026-05-04 10:06:07.668849 [W:onnxruntime:, execution_frame.cc:870 VerifyOutputSizes] Expected shape from model of {} does not match actual shape of {2} for output output[m
[0;93m2026-05-04 10:06:07.692710 [W:onnxruntime:, execution_frame.cc:870 VerifyOutputSizes] Expected shape from model of {} does not match actual shape of {2} for output output[m
[0;93m2026-05-04 10:06:07.733090 [W:onnxruntime:, execution_frame.cc:870 VerifyOutputSizes] Expected shape from model of {} does not match actual shape of {2} for output output[m
[0;93m2026-05-04 10:06:07.773032 [W:onnxruntime:, execution_frame.cc:870 VerifyOutputSizes] Expected shape from model of {} does not match actual shape of {2} for output output[m
[0;93m2026-05-04 10:06:07.796035 [W:onnxruntime:, execution_frame.cc:870 VerifyOutputSizes] Expected shape from model of {} does not match actual shape of {2} for output output[m
[0;93m2026-05-04 10:06:07.835508 [W:onnxruntime:, execution_frame.cc:870 VerifyOutputSizes] Expected shape from model of {} does not match actual shape of {2} for output output[m
[0;93m2026-05-04 10:06:07.876050 [W:onnxruntime:, execution_frame.cc:870 VerifyOutputSizes] Expected shape from model of {} does not match actual shape of {2} for output output[m
[0;93m2026-05-04 10:06:07.916104 [W:onnxruntime:, execution_frame.cc:870 VerifyOutputSizes] Expected shape from model of {} does not match actual shape of {2} for output output[m
[0;93m2026-05-04 10:06:07.955785 [W:onnxruntime:, execution_frame.cc:870 VerifyOutputSizes] Expected shape from model of {} does not match actual shape of {2} for output output[m
[0;93m2026-05-04 10:06:07.980163 [W:onnxruntime:, execution_frame.cc:870 VerifyOutputSizes] Expected shape from model of {} does not match actual shape of {2} for output output[m
[0;93m2026-05-04 10:06:08.004188 [W:onnxruntime:, execution_frame.cc:870 VerifyOutputSizes] Expected shape from model of {} does not match actual shape of {2} for output output[m
[0;93m2026-05-04 10:06:08.046020 [W:onnxruntime:, execution_frame.cc:870 VerifyOutputSizes] Expected shape from model of {} does not match actual shape of {2} for output output[m
[0;93m2026-05-04 10:06:08.087311 [W:onnxruntime:, execution_frame.cc:870 VerifyOutputSizes] Expected shape from model of {} does not match actual shape of {2} for output output[m
[0;93m2026-05-04 10:06:08.126657 [W:onnxruntime:, execution_frame.cc:870 VerifyOutputSizes] Expected shape from model of {} does not match actual shape of {2} for output output[m
[0;93m2026-05-04 10:06:08.150234 [W:onnxruntime:, execution_frame.cc:870 VerifyOutputSizes] Expected shape from model of {} does not match actual shape of {2} for output output[m
[0;93m2026-05-04 10:06:08.190342 [W:onnxruntime:, execution_frame.cc:870 VerifyOutputSizes] Expected shape from model of {} does not match actual shape of {2} for output output[m
[0;93m2026-05-04 10:06:08.231910 [W:onnxruntime:, execution_frame.cc:870 VerifyOutputSizes] Expected shape from model of {} does not match actual shape of {2} for output output[m
[0;93m2026-05-04 10:06:08.271558 [W:onnxruntime:, execution_frame.cc:870 VerifyOutputSizes] Expected shape from model of {} does not match actual shape of {2} for output output[m
[0;93m2026-05-04 10:06:08.296005 [W:onnxruntime:, execution_frame.cc:870 VerifyOutputSizes] Expected shape from model of {} does not match actual shape of {2} for output output[m
[0;93m2026-05-04 10:06:08.337581 [W:onnxruntime:, execution_frame.cc:870 VerifyOutputSizes] Expected shape from model of {} does not match actual shape of {2} for output output[m
[0;93m2026-05-04 10:06:08.377394 [W:onnxruntime:, execution_frame.cc:870 VerifyOutputSizes] Expected shape from model of {} does not match actual shape of {2} for output output[m
[0;93m2026-05-04 10:06:08.400048 [W:onnxruntime:, execution_frame.cc:870 VerifyOutputSizes] Expected shape from model of {} does not match actual shape of {2} for output output[m
[0;93m2026-05-04 10:06:08.443167 [W:onnxruntime:, execution_frame.cc:870 VerifyOutputSizes] Expected shape from model of {} does not match actual shape of {2} for output output[m
[0;93m2026-05-04 10:06:08.484941 [W:onnxruntime:, execution_frame.cc:870 VerifyOutputSizes] Expected shape from model of {} does not match actual shape of {2} for output output[m
[0;93m2026-05-04 10:06:08.524764 [W:onnxruntime:, execution_frame.cc:870 VerifyOutputSizes] Expected shape from model of {} does not match actual shape of {2} for output output[m
[0;93m2026-05-04 10:06:08.565897 [W:onnxruntime:, execution_frame.cc:870 VerifyOutputSizes] Expected shape from model of {} does not match actual shape of {2} for output output[m
[0;93m2026-05-04 10:06:08.596757 [W:onnxruntime:, execution_frame.cc:870 VerifyOutputSizes] Expected shape from model of {} does not match actual shape of {2} for output output[m
[0;93m2026-05-04 10:06:08.620967 [W:onnxruntime:, execution_frame.cc:870 VerifyOutputSizes] Expected shape from model of {} does not match actual shape of {2} for output output[m
[0;93m2026-05-04 10:06:08.661682 [W:onnxruntime:, execution_frame.cc:870 VerifyOutputSizes] Expected shape from model of {} does not match actual shape of {2} for output output[m
[0;93m2026-05-04 10:06:08.685088 [W:onnxruntime:, execution_frame.cc:870 VerifyOutputSizes] Expected shape from model of {} does not match actual shape of {2} for output output[m
[0;93m2026-05-04 10:06:08.708284 [W:onnxruntime:, execution_frame.cc:870 VerifyOutputSizes] Expected shape from model of {} does not match actual shape of {2} for output output[m
[0;93m2026-05-04 10:06:08.748934 [W:onnxruntime:, execution_frame.cc:870 VerifyOutputSizes] Expected shape from model of {} does not match actual shape of {2} for output output[m
[0;93m2026-05-04 10:06:08.786631 [W:onnxruntime:, execution_frame.cc:870 VerifyOutputSizes] Expected shape from model of {} does not match actual shape of {2} for output output[m
[0;93m2026-05-04 10:06:08.810699 [W:onnxruntime:, execution_frame.cc:870 VerifyOutputSizes] Expected shape from model of {} does not match actual shape of {2} for output output[m
[0;93m2026-05-04 10:06:08.850076 [W:onnxruntime:, execution_frame.cc:870 VerifyOutputSizes] Expected shape from model of {} does not match actual shape of {2} for output output[m
[0;93m2026-05-04 10:06:08.892297 [W:onnxruntime:, execution_frame.cc:870 VerifyOutputSizes] Expected shape from model of {} does not match actual shape of {2} for output output[m
[0;93m2026-05-04 10:06:08.927131 [W:onnxruntime:, execution_frame.cc:870 VerifyOutputSizes] Expected shape from model of {} does not match actual shape of {2} for output output[m
[0;93m2026-05-04 10:06:08.966078 [W:onnxruntime:, execution_frame.cc:870 VerifyOutputSizes] Expected shape from model of {} does not match actual shape of {2} for output output[m
[0;93m2026-05-04 10:06:09.013678 [W:onnxruntime:, execution_frame.cc:870 VerifyOutputSizes] Expected shape from model of {} does not match actual shape of {2} for output output[m
[0;93m2026-05-04 10:06:09.068645 [W:onnxruntime:, execution_frame.cc:870 VerifyOutputSizes] Expected shape from model of {} does not match actual shape of {2} for output output[m
[0;93m2026-05-04 10:06:09.110750 [W:onnxruntime:, execution_frame.cc:870 VerifyOutputSizes] Expected shape from model of {} does not match actual shape of {2} for output output[m
[0;93m2026-05-04 10:06:09.150916 [W:onnxruntime:, execution_frame.cc:870 VerifyOutputSizes] Expected shape from model of {} does not match actual shape of {2} for output output[m
[0;93m2026-05-04 10:06:09.192786 [W:onnxruntime:, execution_frame.cc:870 VerifyOutputSizes] Expected shape from model of {} does not match actual shape of {2} for output output[m
[0;93m2026-05-04 10:06:09.237988 [W:onnxruntime:, execution_frame.cc:870 VerifyOutputSizes] Expected shape from model of {} does not match actual shape of {2} for output output[m
[0;93m2026-05-04 10:06:09.267660 [W:onnxruntime:, execution_frame.cc:870 VerifyOutputSizes] Expected shape from model of {} does not match actual shape of {2} for output output[m
[0;93m2026-05-04 10:06:09.313957 [W:onnxruntime:, execution_frame.cc:870 VerifyOutputSizes] Expected shape from model of {} does not match actual shape of {2} for output output[m
[0;93m2026-05-04 10:06:09.360531 [W:onnxruntime:, execution_frame.cc:870 VerifyOutputSizes] Expected shape from model of {} does not match actual shape of {2} for output output[m
[0;93m2026-05-04 10:06:09.399446 [W:onnxruntime:, execution_frame.cc:870 VerifyOutputSizes] Expected shape from model of {} does not match actual shape of {2} for output output[m
[0;93m2026-05-04 10:06:09.440738 [W:onnxruntime:, execution_frame.cc:870 VerifyOutputSizes] Expected shape from model of {} does not match actual shape of {2} for output output[m
  300/800
[0;93m2026-05-04 10:06:09.480335 [W:onnxruntime:, execution_frame.cc:870 VerifyOutputSizes] Expected shape from model of {} does not match actual shape of {2} for output output[m
[0;93m2026-05-04 10:06:09.504842 [W:onnxruntime:, execution_frame.cc:870 VerifyOutputSizes] Expected shape from model of {} does not match actual shape of {2} for output output[m
[0;93m2026-05-04 10:06:09.543991 [W:onnxruntime:, execution_frame.cc:870 VerifyOutputSizes] Expected shape from model of {} does not match actual shape of {2} for output output[m
[0;93m2026-05-04 10:06:09.582863 [W:onnxruntime:, execution_frame.cc:870 VerifyOutputSizes] Expected shape from model of {} does not match actual shape of {2} for output output[m
[0;93m2026-05-04 10:06:09.621952 [W:onnxruntime:, execution_frame.cc:870 VerifyOutputSizes] Expected shape from model of {} does not match actual shape of {2} for output output[m
[0;93m2026-05-04 10:06:09.644798 [W:onnxruntime:, execution_frame.cc:870 VerifyOutputSizes] Expected shape from model of {} does not match actual shape of {2} for output output[m
[0;93m2026-05-04 10:06:09.686099 [W:onnxruntime:, execution_frame.cc:870 VerifyOutputSizes] Expected shape from model of {} does not match actual shape of {2} for output output[m
[0;93m2026-05-04 10:06:09.721933 [W:onnxruntime:, execution_frame.cc:870 VerifyOutputSizes] Expected shape from model of {} does not match actual shape of {2} for output output[m
[0;93m2026-05-04 10:06:09.761806 [W:onnxruntime:, execution_frame.cc:870 VerifyOutputSizes] Expected shape from model of {} does not match actual shape of {2} for output output[m
[0;93m2026-05-04 10:06:09.802226 [W:onnxruntime:, execution_frame.cc:870 VerifyOutputSizes] Expected shape from model of {} does not match actual shape of {2} for output output[m
[0;93m2026-05-04 10:06:09.826522 [W:onnxruntime:, execution_frame.cc:870 VerifyOutputSizes] Expected shape from model of {} does not match actual shape of {2} for output output[m
[0;93m2026-05-04 10:06:09.864935 [W:onnxruntime:, execution_frame.cc:870 VerifyOutputSizes] Expected shape from model of {} does not match actual shape of {2} for output output[m
[0;93m2026-05-04 10:06:09.906920 [W:onnxruntime:, execution_frame.cc:870 VerifyOutputSizes] Expected shape from model of {} does not match actual shape of {2} for output output[m
[0;93m2026-05-04 10:06:09.949623 [W:onnxruntime:, execution_frame.cc:870 VerifyOutputSizes] Expected shape from model of {} does not match actual shape of {2} for output output[m
[0;93m2026-05-04 10:06:09.991109 [W:onnxruntime:, execution_frame.cc:870 VerifyOutputSizes] Expected shape from model of {} does not match actual shape of {2} for output output[m
[0;93m2026-05-04 10:06:10.031910 [W:onnxruntime:, execution_frame.cc:870 VerifyOutputSizes] Expected shape from model of {} does not match actual shape of {2} for output output[m
[0;93m2026-05-04 10:06:10.073532 [W:onnxruntime:, execution_frame.cc:870 VerifyOutputSizes] Expected shape from model of {} does not match actual shape of {2} for output output[m
[0;93m2026-05-04 10:06:10.115798 [W:onnxruntime:, execution_frame.cc:870 VerifyOutputSizes] Expected shape from model of {} does not match actual shape of {2} for output output[m
[0;93m2026-05-04 10:06:10.156826 [W:onnxruntime:, execution_frame.cc:870 VerifyOutputSizes] Expected shape from model of {} does not match actual shape of {2} for output output[m
[0;93m2026-05-04 10:06:10.199807 [W:onnxruntime:, execution_frame.cc:870 VerifyOutputSizes] Expected shape from model of {} does not match actual shape of {2} for output output[m
[0;93m2026-05-04 10:06:10.239301 [W:onnxruntime:, execution_frame.cc:870 VerifyOutputSizes] Expected shape from model of {} does not match actual shape of {2} for output output[m
[0;93m2026-05-04 10:06:10.281021 [W:onnxruntime:, execution_frame.cc:870 VerifyOutputSizes] Expected shape from model of {} does not match actual shape of {2} for output output[m
[0;93m2026-05-04 10:06:10.324901 [W:onnxruntime:, execution_frame.cc:870 VerifyOutputSizes] Expected shape from model of {} does not match actual shape of {2} for output output[m
[0;93m2026-05-04 10:06:10.363307 [W:onnxruntime:, execution_frame.cc:870 VerifyOutputSizes] Expected shape from model of {} does not match actual shape of {2} for output output[m
[0;93m2026-05-04 10:06:10.386429 [W:onnxruntime:, execution_frame.cc:870 VerifyOutputSizes] Expected shape from model of {} does not match actual shape of {2} for output output[m
[0;93m2026-05-04 10:06:10.426133 [W:onnxruntime:, execution_frame.cc:870 VerifyOutputSizes] Expected shape from model of {} does not match actual shape of {2} for output output[m
[0;93m2026-05-04 10:06:10.466102 [W:onnxruntime:, execution_frame.cc:870 VerifyOutputSizes] Expected shape from model of {} does not match actual shape of {2} for output output[m
[0;93m2026-05-04 10:06:10.505354 [W:onnxruntime:, execution_frame.cc:870 VerifyOutputSizes] Expected shape from model of {} does not match actual shape of {2} for output output[m
[0;93m2026-05-04 10:06:10.530200 [W:onnxruntime:, execution_frame.cc:870 VerifyOutputSizes] Expected shape from model of {} does not match actual shape of {2} for output output[m
[0;93m2026-05-04 10:06:10.567647 [W:onnxruntime:, execution_frame.cc:870 VerifyOutputSizes] Expected shape from model of {} does not match actual shape of {2} for output output[m
[0;93m2026-05-04 10:06:10.607785 [W:onnxruntime:, execution_frame.cc:870 VerifyOutputSizes] Expected shape from model of {} does not match actual shape of {2} for output output[m
[0;93m2026-05-04 10:06:10.647153 [W:onnxruntime:, execution_frame.cc:870 VerifyOutputSizes] Expected shape from model of {} does not match actual shape of {2} for output output[m
[0;93m2026-05-04 10:06:10.686481 [W:onnxruntime:, execution_frame.cc:870 VerifyOutputSizes] Expected shape from model of {} does not match actual shape of {2} for output output[m
[0;93m2026-05-04 10:06:10.727848 [W:onnxruntime:, execution_frame.cc:870 VerifyOutputSizes] Expected shape from model of {} does not match actual shape of {2} for output output[m
[0;93m2026-05-04 10:06:10.752958 [W:onnxruntime:, execution_frame.cc:870 VerifyOutputSizes] Expected shape from model of {} does not match actual shape of {2} for output output[m
[0;93m2026-05-04 10:06:10.792011 [W:onnxruntime:, execution_frame.cc:870 VerifyOutputSizes] Expected shape from model of {} does not match actual shape of {2} for output output[m
[0;93m2026-05-04 10:06:10.830336 [W:onnxruntime:, execution_frame.cc:870 VerifyOutputSizes] Expected shape from model of {} does not match actual shape of {2} for output output[m
[0;93m2026-05-04 10:06:10.869237 [W:onnxruntime:, execution_frame.cc:870 VerifyOutputSizes] Expected shape from model of {} does not match actual shape of {2} for output output[m
[0;93m2026-05-04 10:06:10.907361 [W:onnxruntime:, execution_frame.cc:870 VerifyOutputSizes] Expected shape from model of {} does not match actual shape of {2} for output output[m
[0;93m2026-05-04 10:06:10.945211 [W:onnxruntime:, execution_frame.cc:870 VerifyOutputSizes] Expected shape from model of {} does not match actual shape of {2} for output output[m
[0;93m2026-05-04 10:06:10.987769 [W:onnxruntime:, execution_frame.cc:870 VerifyOutputSizes] Expected shape from model of {} does not match actual shape of {2} for output output[m
[0;93m2026-05-04 10:06:11.029825 [W:onnxruntime:, execution_frame.cc:870 VerifyOutputSizes] Expected shape from model of {} does not match actual shape of {2} for output output[m
[0;93m2026-05-04 10:06:11.072474 [W:onnxruntime:, execution_frame.cc:870 VerifyOutputSizes] Expected shape from model of {} does not match actual shape of {2} for output output[m
[0;93m2026-05-04 10:06:11.115341 [W:onnxruntime:, execution_frame.cc:870 VerifyOutputSizes] Expected shape from model of {} does not match actual shape of {2} for output output[m
[0;93m2026-05-04 10:06:11.139769 [W:onnxruntime:, execution_frame.cc:870 VerifyOutputSizes] Expected shape from model of {} does not match actual shape of {2} for output output[m
[0;93m2026-05-04 10:06:11.179348 [W:onnxruntime:, execution_frame.cc:870 VerifyOutputSizes] Expected shape from model of {} does not match actual shape of {2} for output output[m
[0;93m2026-05-04 10:06:11.220374 [W:onnxruntime:, execution_frame.cc:870 VerifyOutputSizes] Expected shape from model of {} does not match actual shape of {2} for output output[m
[0;93m2026-05-04 10:06:11.244271 [W:onnxruntime:, execution_frame.cc:870 VerifyOutputSizes] Expected shape from model of {} does not match actual shape of {2} for output output[m
[0;93m2026-05-04 10:06:11.283202 [W:onnxruntime:, execution_frame.cc:870 VerifyOutputSizes] Expected shape from model of {} does not match actual shape of {2} for output output[m
[0;93m2026-05-04 10:06:11.322805 [W:onnxruntime:, execution_frame.cc:870 VerifyOutputSizes] Expected shape from model of {} does not match actual shape of {2} for output output[m
  350/800
[0;93m2026-05-04 10:06:11.363283 [W:onnxruntime:, execution_frame.cc:870 VerifyOutputSizes] Expected shape from model of {} does not match actual shape of {2} for output output[m
[0;93m2026-05-04 10:06:11.402816 [W:onnxruntime:, execution_frame.cc:870 VerifyOutputSizes] Expected shape from model of {} does not match actual shape of {2} for output output[m
[0;93m2026-05-04 10:06:11.426254 [W:onnxruntime:, execution_frame.cc:870 VerifyOutputSizes] Expected shape from model of {} does not match actual shape of {2} for output output[m
[0;93m2026-05-04 10:06:11.463877 [W:onnxruntime:, execution_frame.cc:870 VerifyOutputSizes] Expected shape from model of {} does not match actual shape of {2} for output output[m
[0;93m2026-05-04 10:06:11.486797 [W:onnxruntime:, execution_frame.cc:870 VerifyOutputSizes] Expected shape from model of {} does not match actual shape of {2} for output output[m
[0;93m2026-05-04 10:06:11.526592 [W:onnxruntime:, execution_frame.cc:870 VerifyOutputSizes] Expected shape from model of {} does not match actual shape of {2} for output output[m
[0;93m2026-05-04 10:06:11.565902 [W:onnxruntime:, execution_frame.cc:870 VerifyOutputSizes] Expected shape from model of {} does not match actual shape of {2} for output output[m
[0;93m2026-05-04 10:06:11.606358 [W:onnxruntime:, execution_frame.cc:870 VerifyOutputSizes] Expected shape from model of {} does not match actual shape of {2} for output output[m
[0;93m2026-05-04 10:06:11.645800 [W:onnxruntime:, execution_frame.cc:870 VerifyOutputSizes] Expected shape from model of {} does not match actual shape of {2} for output output[m
[0;93m2026-05-04 10:06:11.670592 [W:onnxruntime:, execution_frame.cc:870 VerifyOutputSizes] Expected shape from model of {} does not match actual shape of {2} for output output[m
[0;93m2026-05-04 10:06:11.707678 [W:onnxruntime:, execution_frame.cc:870 VerifyOutputSizes] Expected shape from model of {} does not match actual shape of {2} for output output[m
[0;93m2026-05-04 10:06:11.752581 [W:onnxruntime:, execution_frame.cc:870 VerifyOutputSizes] Expected shape from model of {} does not match actual shape of {2} for output output[m
[0;93m2026-05-04 10:06:11.791691 [W:onnxruntime:, execution_frame.cc:870 VerifyOutputSizes] Expected shape from model of {} does not match actual shape of {2} for output output[m
[0;93m2026-05-04 10:06:11.830823 [W:onnxruntime:, execution_frame.cc:870 VerifyOutputSizes] Expected shape from model of {} does not match actual shape of {2} for output output[m
[0;93m2026-05-04 10:06:11.854549 [W:onnxruntime:, execution_frame.cc:870 VerifyOutputSizes] Expected shape from model of {} does not match actual shape of {2} for output output[m
[0;93m2026-05-04 10:06:11.897489 [W:onnxruntime:, execution_frame.cc:870 VerifyOutputSizes] Expected shape from model of {} does not match actual shape of {2} for output output[m
[0;93m2026-05-04 10:06:11.939597 [W:onnxruntime:, execution_frame.cc:870 VerifyOutputSizes] Expected shape from model of {} does not match actual shape of {2} for output output[m
[0;93m2026-05-04 10:06:11.979651 [W:onnxruntime:, execution_frame.cc:870 VerifyOutputSizes] Expected shape from model of {} does not match actual shape of {2} for output output[m
[0;93m2026-05-04 10:06:12.020262 [W:onnxruntime:, execution_frame.cc:870 VerifyOutputSizes] Expected shape from model of {} does not match actual shape of {2} for output output[m
[0;93m2026-05-04 10:06:12.062756 [W:onnxruntime:, execution_frame.cc:870 VerifyOutputSizes] Expected shape from model of {} does not match actual shape of {2} for output output[m
[0;93m2026-05-04 10:06:12.104273 [W:onnxruntime:, execution_frame.cc:870 VerifyOutputSizes] Expected shape from model of {} does not match actual shape of {2} for output output[m
[0;93m2026-05-04 10:06:12.140610 [W:onnxruntime:, execution_frame.cc:870 VerifyOutputSizes] Expected shape from model of {} does not match actual shape of {2} for output output[m
[0;93m2026-05-04 10:06:12.179483 [W:onnxruntime:, execution_frame.cc:870 VerifyOutputSizes] Expected shape from model of {} does not match actual shape of {2} for output output[m
[0;93m2026-05-04 10:06:12.203483 [W:onnxruntime:, execution_frame.cc:870 VerifyOutputSizes] Expected shape from model of {} does not match actual shape of {2} for output output[m
[0;93m2026-05-04 10:06:12.242908 [W:onnxruntime:, execution_frame.cc:870 VerifyOutputSizes] Expected shape from model of {} does not match actual shape of {2} for output output[m
[0;93m2026-05-04 10:06:12.284918 [W:onnxruntime:, execution_frame.cc:870 VerifyOutputSizes] Expected shape from model of {} does not match actual shape of {2} for output output[m
[0;93m2026-05-04 10:06:12.325571 [W:onnxruntime:, execution_frame.cc:870 VerifyOutputSizes] Expected shape from model of {} does not match actual shape of {2} for output output[m
[0;93m2026-05-04 10:06:12.365244 [W:onnxruntime:, execution_frame.cc:870 VerifyOutputSizes] Expected shape from model of {} does not match actual shape of {2} for output output[m
[0;93m2026-05-04 10:06:12.403083 [W:onnxruntime:, execution_frame.cc:870 VerifyOutputSizes] Expected shape from model of {} does not match actual shape of {2} for output output[m
[0;93m2026-05-04 10:06:12.427223 [W:onnxruntime:, execution_frame.cc:870 VerifyOutputSizes] Expected shape from model of {} does not match actual shape of {2} for output output[m
[0;93m2026-05-04 10:06:12.469239 [W:onnxruntime:, execution_frame.cc:870 VerifyOutputSizes] Expected shape from model of {} does not match actual shape of {2} for output output[m
[0;93m2026-05-04 10:06:12.514025 [W:onnxruntime:, execution_frame.cc:870 VerifyOutputSizes] Expected shape from model of {} does not match actual shape of {2} for output output[m
[0;93m2026-05-04 10:06:12.538800 [W:onnxruntime:, execution_frame.cc:870 VerifyOutputSizes] Expected shape from model of {} does not match actual shape of {2} for output output[m
[0;93m2026-05-04 10:06:12.579840 [W:onnxruntime:, execution_frame.cc:870 VerifyOutputSizes] Expected shape from model of {} does not match actual shape of {2} for output output[m
[0;93m2026-05-04 10:06:12.618553 [W:onnxruntime:, execution_frame.cc:870 VerifyOutputSizes] Expected shape from model of {} does not match actual shape of {2} for output output[m
[0;93m2026-05-04 10:06:12.642547 [W:onnxruntime:, execution_frame.cc:870 VerifyOutputSizes] Expected shape from model of {} does not match actual shape of {2} for output output[m
[0;93m2026-05-04 10:06:12.682877 [W:onnxruntime:, execution_frame.cc:870 VerifyOutputSizes] Expected shape from model of {} does not match actual shape of {2} for output output[m
[0;93m2026-05-04 10:06:12.725946 [W:onnxruntime:, execution_frame.cc:870 VerifyOutputSizes] Expected shape from model of {} does not match actual shape of {2} for output output[m
[0;93m2026-05-04 10:06:12.764720 [W:onnxruntime:, execution_frame.cc:870 VerifyOutputSizes] Expected shape from model of {} does not match actual shape of {2} for output output[m
[0;93m2026-05-04 10:06:12.802303 [W:onnxruntime:, execution_frame.cc:870 VerifyOutputSizes] Expected shape from model of {} does not match actual shape of {2} for output output[m
[0;93m2026-05-04 10:06:12.845436 [W:onnxruntime:, execution_frame.cc:870 VerifyOutputSizes] Expected shape from model of {} does not match actual shape of {2} for output output[m
[0;93m2026-05-04 10:06:12.887575 [W:onnxruntime:, execution_frame.cc:870 VerifyOutputSizes] Expected shape from model of {} does not match actual shape of {2} for output output[m
[0;93m2026-05-04 10:06:12.929926 [W:onnxruntime:, execution_frame.cc:870 VerifyOutputSizes] Expected shape from model of {} does not match actual shape of {2} for output output[m
[0;93m2026-05-04 10:06:12.969494 [W:onnxruntime:, execution_frame.cc:870 VerifyOutputSizes] Expected shape from model of {} does not match actual shape of {2} for output output[m
[0;93m2026-05-04 10:06:13.011748 [W:onnxruntime:, execution_frame.cc:870 VerifyOutputSizes] Expected shape from model of {} does not match actual shape of {2} for output output[m
[0;93m2026-05-04 10:06:13.053299 [W:onnxruntime:, execution_frame.cc:870 VerifyOutputSizes] Expected shape from model of {} does not match actual shape of {2} for output output[m
[0;93m2026-05-04 10:06:13.095409 [W:onnxruntime:, execution_frame.cc:870 VerifyOutputSizes] Expected shape from model of {} does not match actual shape of {2} for output output[m
[0;93m2026-05-04 10:06:13.136267 [W:onnxruntime:, execution_frame.cc:870 VerifyOutputSizes] Expected shape from model of {} does not match actual shape of {2} for output output[m
[0;93m2026-05-04 10:06:13.177169 [W:onnxruntime:, execution_frame.cc:870 VerifyOutputSizes] Expected shape from model of {} does not match actual shape of {2} for output output[m
[0;93m2026-05-04 10:06:13.218679 [W:onnxruntime:, execution_frame.cc:870 VerifyOutputSizes] Expected shape from model of {} does not match actual shape of {2} for output output[m
  400/800
[0;93m2026-05-04 10:06:13.242352 [W:onnxruntime:, execution_frame.cc:870 VerifyOutputSizes] Expected shape from model of {} does not match actual shape of {2} for output output[m
[0;93m2026-05-04 10:06:13.281295 [W:onnxruntime:, execution_frame.cc:870 VerifyOutputSizes] Expected shape from model of {} does not match actual shape of {2} for output output[m
[0;93m2026-05-04 10:06:13.323881 [W:onnxruntime:, execution_frame.cc:870 VerifyOutputSizes] Expected shape from model of {} does not match actual shape of {2} for output output[m
[0;93m2026-05-04 10:06:13.363234 [W:onnxruntime:, execution_frame.cc:870 VerifyOutputSizes] Expected shape from model of {} does not match actual shape of {2} for output output[m
[0;93m2026-05-04 10:06:13.405031 [W:onnxruntime:, execution_frame.cc:870 VerifyOutputSizes] Expected shape from model of {} does not match actual shape of {2} for output output[m
[0;93m2026-05-04 10:06:13.446574 [W:onnxruntime:, execution_frame.cc:870 VerifyOutputSizes] Expected shape from model of {} does not match actual shape of {2} for output output[m
[0;93m2026-05-04 10:06:13.487525 [W:onnxruntime:, execution_frame.cc:870 VerifyOutputSizes] Expected shape from model of {} does not match actual shape of {2} for output output[m
[0;93m2026-05-04 10:06:13.527945 [W:onnxruntime:, execution_frame.cc:870 VerifyOutputSizes] Expected shape from model of {} does not match actual shape of {2} for output output[m
[0;93m2026-05-04 10:06:13.566675 [W:onnxruntime:, execution_frame.cc:870 VerifyOutputSizes] Expected shape from model of {} does not match actual shape of {2} for output output[m
[0;93m2026-05-04 10:06:13.605493 [W:onnxruntime:, execution_frame.cc:870 VerifyOutputSizes] Expected shape from model of {} does not match actual shape of {2} for output output[m
[0;93m2026-05-04 10:06:13.630908 [W:onnxruntime:, execution_frame.cc:870 VerifyOutputSizes] Expected shape from model of {} does not match actual shape of {2} for output output[m
[0;93m2026-05-04 10:06:13.670413 [W:onnxruntime:, execution_frame.cc:870 VerifyOutputSizes] Expected shape from model of {} does not match actual shape of {2} for output output[m
[0;93m2026-05-04 10:06:13.710146 [W:onnxruntime:, execution_frame.cc:870 VerifyOutputSizes] Expected shape from model of {} does not match actual shape of {2} for output output[m
[0;93m2026-05-04 10:06:13.747426 [W:onnxruntime:, execution_frame.cc:870 VerifyOutputSizes] Expected shape from model of {} does not match actual shape of {2} for output output[m
[0;93m2026-05-04 10:06:13.772195 [W:onnxruntime:, execution_frame.cc:870 VerifyOutputSizes] Expected shape from model of {} does not match actual shape of {2} for output output[m
[0;93m2026-05-04 10:06:13.812002 [W:onnxruntime:, execution_frame.cc:870 VerifyOutputSizes] Expected shape from model of {} does not match actual shape of {2} for output output[m
[0;93m2026-05-04 10:06:13.845257 [W:onnxruntime:, execution_frame.cc:870 VerifyOutputSizes] Expected shape from model of {} does not match actual shape of {2} for output output[m
[0;93m2026-05-04 10:06:13.883270 [W:onnxruntime:, execution_frame.cc:870 VerifyOutputSizes] Expected shape from model of {} does not match actual shape of {2} for output output[m
[0;93m2026-05-04 10:06:13.919937 [W:onnxruntime:, execution_frame.cc:870 VerifyOutputSizes] Expected shape from model of {} does not match actual shape of {2} for output output[m
[0;93m2026-05-04 10:06:13.958202 [W:onnxruntime:, execution_frame.cc:870 VerifyOutputSizes] Expected shape from model of {} does not match actual shape of {2} for output output[m
[0;93m2026-05-04 10:06:13.994859 [W:onnxruntime:, execution_frame.cc:870 VerifyOutputSizes] Expected shape from model of {} does not match actual shape of {2} for output output[m
[0;93m2026-05-04 10:06:14.019555 [W:onnxruntime:, execution_frame.cc:870 VerifyOutputSizes] Expected shape from model of {} does not match actual shape of {2} for output output[m
[0;93m2026-05-04 10:06:14.042818 [W:onnxruntime:, execution_frame.cc:870 VerifyOutputSizes] Expected shape from model of {} does not match actual shape of {2} for output output[m
[0;93m2026-05-04 10:06:14.067413 [W:onnxruntime:, execution_frame.cc:870 VerifyOutputSizes] Expected shape from model of {} does not match actual shape of {2} for output output[m
[0;93m2026-05-04 10:06:14.105257 [W:onnxruntime:, execution_frame.cc:870 VerifyOutputSizes] Expected shape from model of {} does not match actual shape of {2} for output output[m
[0;93m2026-05-04 10:06:14.129922 [W:onnxruntime:, execution_frame.cc:870 VerifyOutputSizes] Expected shape from model of {} does not match actual shape of {2} for output output[m
[0;93m2026-05-04 10:06:14.172285 [W:onnxruntime:, execution_frame.cc:870 VerifyOutputSizes] Expected shape from model of {} does not match actual shape of {2} for output output[m
[0;93m2026-05-04 10:06:14.211823 [W:onnxruntime:, execution_frame.cc:870 VerifyOutputSizes] Expected shape from model of {} does not match actual shape of {2} for output output[m
[0;93m2026-05-04 10:06:14.250366 [W:onnxruntime:, execution_frame.cc:870 VerifyOutputSizes] Expected shape from model of {} does not match actual shape of {2} for output output[m
[0;93m2026-05-04 10:06:14.289402 [W:onnxruntime:, execution_frame.cc:870 VerifyOutputSizes] Expected shape from model of {} does not match actual shape of {2} for output output[m
[0;93m2026-05-04 10:06:14.325646 [W:onnxruntime:, execution_frame.cc:870 VerifyOutputSizes] Expected shape from model of {} does not match actual shape of {2} for output output[m
[0;93m2026-05-04 10:06:14.364652 [W:onnxruntime:, execution_frame.cc:870 VerifyOutputSizes] Expected shape from model of {} does not match actual shape of {2} for output output[m
[0;93m2026-05-04 10:06:14.406432 [W:onnxruntime:, execution_frame.cc:870 VerifyOutputSizes] Expected shape from model of {} does not match actual shape of {2} for output output[m
[0;93m2026-05-04 10:06:14.447539 [W:onnxruntime:, execution_frame.cc:870 VerifyOutputSizes] Expected shape from model of {} does not match actual shape of {2} for output output[m
[0;93m2026-05-04 10:06:14.486571 [W:onnxruntime:, execution_frame.cc:870 VerifyOutputSizes] Expected shape from model of {} does not match actual shape of {2} for output output[m
[0;93m2026-05-04 10:06:14.512151 [W:onnxruntime:, execution_frame.cc:870 VerifyOutputSizes] Expected shape from model of {} does not match actual shape of {2} for output output[m
[0;93m2026-05-04 10:06:14.554361 [W:onnxruntime:, execution_frame.cc:870 VerifyOutputSizes] Expected shape from model of {} does not match actual shape of {2} for output output[m
[0;93m2026-05-04 10:06:14.595037 [W:onnxruntime:, execution_frame.cc:870 VerifyOutputSizes] Expected shape from model of {} does not match actual shape of {2} for output output[m
[0;93m2026-05-04 10:06:14.633783 [W:onnxruntime:, execution_frame.cc:870 VerifyOutputSizes] Expected shape from model of {} does not match actual shape of {2} for output output[m
[0;93m2026-05-04 10:06:14.672177 [W:onnxruntime:, execution_frame.cc:870 VerifyOutputSizes] Expected shape from model of {} does not match actual shape of {2} for output output[m
[0;93m2026-05-04 10:06:14.715083 [W:onnxruntime:, execution_frame.cc:870 VerifyOutputSizes] Expected shape from model of {} does not match actual shape of {2} for output output[m
[0;93m2026-05-04 10:06:14.740282 [W:onnxruntime:, execution_frame.cc:870 VerifyOutputSizes] Expected shape from model of {} does not match actual shape of {2} for output output[m
[0;93m2026-05-04 10:06:14.780170 [W:onnxruntime:, execution_frame.cc:870 VerifyOutputSizes] Expected shape from model of {} does not match actual shape of {2} for output output[m
[0;93m2026-05-04 10:06:14.803594 [W:onnxruntime:, execution_frame.cc:870 VerifyOutputSizes] Expected shape from model of {} does not match actual shape of {2} for output output[m
[0;93m2026-05-04 10:06:14.844697 [W:onnxruntime:, execution_frame.cc:870 VerifyOutputSizes] Expected shape from model of {} does not match actual shape of {2} for output output[m
[0;93m2026-05-04 10:06:14.882968 [W:onnxruntime:, execution_frame.cc:870 VerifyOutputSizes] Expected shape from model of {} does not match actual shape of {2} for output output[m
[0;93m2026-05-04 10:06:14.925386 [W:onnxruntime:, execution_frame.cc:870 VerifyOutputSizes] Expected shape from model of {} does not match actual shape of {2} for output output[m
[0;93m2026-05-04 10:06:14.964163 [W:onnxruntime:, execution_frame.cc:870 VerifyOutputSizes] Expected shape from model of {} does not match actual shape of {2} for output output[m
[0;93m2026-05-04 10:06:15.006745 [W:onnxruntime:, execution_frame.cc:870 VerifyOutputSizes] Expected shape from model of {} does not match actual shape of {2} for output output[m
[0;93m2026-05-04 10:06:15.045881 [W:onnxruntime:, execution_frame.cc:870 VerifyOutputSizes] Expected shape from model of {} does not match actual shape of {2} for output output[m
  450/800
[0;93m2026-05-04 10:06:15.070720 [W:onnxruntime:, execution_frame.cc:870 VerifyOutputSizes] Expected shape from model of {} does not match actual shape of {2} for output output[m
[0;93m2026-05-04 10:06:15.093621 [W:onnxruntime:, execution_frame.cc:870 VerifyOutputSizes] Expected shape from model of {} does not match actual shape of {2} for output output[m
[0;93m2026-05-04 10:06:15.131704 [W:onnxruntime:, execution_frame.cc:870 VerifyOutputSizes] Expected shape from model of {} does not match actual shape of {2} for output output[m
[0;93m2026-05-04 10:06:15.175853 [W:onnxruntime:, execution_frame.cc:870 VerifyOutputSizes] Expected shape from model of {} does not match actual shape of {2} for output output[m
[0;93m2026-05-04 10:06:15.215471 [W:onnxruntime:, execution_frame.cc:870 VerifyOutputSizes] Expected shape from model of {} does not match actual shape of {2} for output output[m
[0;93m2026-05-04 10:06:15.239666 [W:onnxruntime:, execution_frame.cc:870 VerifyOutputSizes] Expected shape from model of {} does not match actual shape of {2} for output output[m
[0;93m2026-05-04 10:06:15.281696 [W:onnxruntime:, execution_frame.cc:870 VerifyOutputSizes] Expected shape from model of {} does not match actual shape of {2} for output output[m
[0;93m2026-05-04 10:06:15.323121 [W:onnxruntime:, execution_frame.cc:870 VerifyOutputSizes] Expected shape from model of {} does not match actual shape of {2} for output output[m
[0;93m2026-05-04 10:06:15.362957 [W:onnxruntime:, execution_frame.cc:870 VerifyOutputSizes] Expected shape from model of {} does not match actual shape of {2} for output output[m
[0;93m2026-05-04 10:06:15.388187 [W:onnxruntime:, execution_frame.cc:870 VerifyOutputSizes] Expected shape from model of {} does not match actual shape of {2} for output output[m
[0;93m2026-05-04 10:06:15.411926 [W:onnxruntime:, execution_frame.cc:870 VerifyOutputSizes] Expected shape from model of {} does not match actual shape of {2} for output output[m
[0;93m2026-05-04 10:06:15.452492 [W:onnxruntime:, execution_frame.cc:870 VerifyOutputSizes] Expected shape from model of {} does not match actual shape of {2} for output output[m
[0;93m2026-05-04 10:06:15.494272 [W:onnxruntime:, execution_frame.cc:870 VerifyOutputSizes] Expected shape from model of {} does not match actual shape of {2} for output output[m
[0;93m2026-05-04 10:06:15.532254 [W:onnxruntime:, execution_frame.cc:870 VerifyOutputSizes] Expected shape from model of {} does not match actual shape of {2} for output output[m
[0;93m2026-05-04 10:06:15.557967 [W:onnxruntime:, execution_frame.cc:870 VerifyOutputSizes] Expected shape from model of {} does not match actual shape of {2} for output output[m
[0;93m2026-05-04 10:06:15.598029 [W:onnxruntime:, execution_frame.cc:870 VerifyOutputSizes] Expected shape from model of {} does not match actual shape of {2} for output output[m
[0;93m2026-05-04 10:06:15.640050 [W:onnxruntime:, execution_frame.cc:870 VerifyOutputSizes] Expected shape from model of {} does not match actual shape of {2} for output output[m
[0;93m2026-05-04 10:06:15.681745 [W:onnxruntime:, execution_frame.cc:870 VerifyOutputSizes] Expected shape from model of {} does not match actual shape of {2} for output output[m
[0;93m2026-05-04 10:06:15.720210 [W:onnxruntime:, execution_frame.cc:870 VerifyOutputSizes] Expected shape from model of {} does not match actual shape of {2} for output output[m
[0;93m2026-05-04 10:06:15.757232 [W:onnxruntime:, execution_frame.cc:870 VerifyOutputSizes] Expected shape from model of {} does not match actual shape of {2} for output output[m
[0;93m2026-05-04 10:06:15.780908 [W:onnxruntime:, execution_frame.cc:870 VerifyOutputSizes] Expected shape from model of {} does not match actual shape of {2} for output output[m
[0;93m2026-05-04 10:06:15.820396 [W:onnxruntime:, execution_frame.cc:870 VerifyOutputSizes] Expected shape from model of {} does not match actual shape of {2} for output output[m
[0;93m2026-05-04 10:06:15.860482 [W:onnxruntime:, execution_frame.cc:870 VerifyOutputSizes] Expected shape from model of {} does not match actual shape of {2} for output output[m
[0;93m2026-05-04 10:06:15.894803 [W:onnxruntime:, execution_frame.cc:870 VerifyOutputSizes] Expected shape from model of {} does not match actual shape of {2} for output output[m
[0;93m2026-05-04 10:06:15.931420 [W:onnxruntime:, execution_frame.cc:870 VerifyOutputSizes] Expected shape from model of {} does not match actual shape of {2} for output output[m
[0;93m2026-05-04 10:06:15.969864 [W:onnxruntime:, execution_frame.cc:870 VerifyOutputSizes] Expected shape from model of {} does not match actual shape of {2} for output output[m
[0;93m2026-05-04 10:06:16.010624 [W:onnxruntime:, execution_frame.cc:870 VerifyOutputSizes] Expected shape from model of {} does not match actual shape of {2} for output output[m
[0;93m2026-05-04 10:06:16.048102 [W:onnxruntime:, execution_frame.cc:870 VerifyOutputSizes] Expected shape from model of {} does not match actual shape of {2} for output output[m
[0;93m2026-05-04 10:06:16.088881 [W:onnxruntime:, execution_frame.cc:870 VerifyOutputSizes] Expected shape from model of {} does not match actual shape of {2} for output output[m
[0;93m2026-05-04 10:06:16.127803 [W:onnxruntime:, execution_frame.cc:870 VerifyOutputSizes] Expected shape from model of {} does not match actual shape of {2} for output output[m
[0;93m2026-05-04 10:06:16.165141 [W:onnxruntime:, execution_frame.cc:870 VerifyOutputSizes] Expected shape from model of {} does not match actual shape of {2} for output output[m
[0;93m2026-05-04 10:06:16.202674 [W:onnxruntime:, execution_frame.cc:870 VerifyOutputSizes] Expected shape from model of {} does not match actual shape of {2} for output output[m
[0;93m2026-05-04 10:06:16.225606 [W:onnxruntime:, execution_frame.cc:870 VerifyOutputSizes] Expected shape from model of {} does not match actual shape of {2} for output output[m
[0;93m2026-05-04 10:06:16.264481 [W:onnxruntime:, execution_frame.cc:870 VerifyOutputSizes] Expected shape from model of {} does not match actual shape of {2} for output output[m
[0;93m2026-05-04 10:06:16.303021 [W:onnxruntime:, execution_frame.cc:870 VerifyOutputSizes] Expected shape from model of {} does not match actual shape of {2} for output output[m
[0;93m2026-05-04 10:06:16.345939 [W:onnxruntime:, execution_frame.cc:870 VerifyOutputSizes] Expected shape from model of {} does not match actual shape of {2} for output output[m
[0;93m2026-05-04 10:06:16.385640 [W:onnxruntime:, execution_frame.cc:870 VerifyOutputSizes] Expected shape from model of {} does not match actual shape of {2} for output output[m
[0;93m2026-05-04 10:06:16.427542 [W:onnxruntime:, execution_frame.cc:870 VerifyOutputSizes] Expected shape from model of {} does not match actual shape of {2} for output output[m
[0;93m2026-05-04 10:06:16.467745 [W:onnxruntime:, execution_frame.cc:870 VerifyOutputSizes] Expected shape from model of {} does not match actual shape of {2} for output output[m
[0;93m2026-05-04 10:06:16.503425 [W:onnxruntime:, execution_frame.cc:870 VerifyOutputSizes] Expected shape from model of {} does not match actual shape of {2} for output output[m
[0;93m2026-05-04 10:06:16.529779 [W:onnxruntime:, execution_frame.cc:870 VerifyOutputSizes] Expected shape from model of {} does not match actual shape of {2} for output output[m
[0;93m2026-05-04 10:06:16.554730 [W:onnxruntime:, execution_frame.cc:870 VerifyOutputSizes] Expected shape from model of {} does not match actual shape of {2} for output output[m
[0;93m2026-05-04 10:06:16.594205 [W:onnxruntime:, execution_frame.cc:870 VerifyOutputSizes] Expected shape from model of {} does not match actual shape of {2} for output output[m
[0;93m2026-05-04 10:06:16.638832 [W:onnxruntime:, execution_frame.cc:870 VerifyOutputSizes] Expected shape from model of {} does not match actual shape of {2} for output output[m
[0;93m2026-05-04 10:06:16.676386 [W:onnxruntime:, execution_frame.cc:870 VerifyOutputSizes] Expected shape from model of {} does not match actual shape of {2} for output output[m
[0;93m2026-05-04 10:06:16.717234 [W:onnxruntime:, execution_frame.cc:870 VerifyOutputSizes] Expected shape from model of {} does not match actual shape of {2} for output output[m
[0;93m2026-05-04 10:06:16.756544 [W:onnxruntime:, execution_frame.cc:870 VerifyOutputSizes] Expected shape from model of {} does not match actual shape of {2} for output output[m
[0;93m2026-05-04 10:06:16.798708 [W:onnxruntime:, execution_frame.cc:870 VerifyOutputSizes] Expected shape from model of {} does not match actual shape of {2} for output output[m
[0;93m2026-05-04 10:06:16.838521 [W:onnxruntime:, execution_frame.cc:870 VerifyOutputSizes] Expected shape from model of {} does not match actual shape of {2} for output output[m
[0;93m2026-05-04 10:06:16.876884 [W:onnxruntime:, execution_frame.cc:870 VerifyOutputSizes] Expected shape from model of {} does not match actual shape of {2} for output output[m
  500/800
[0;93m2026-05-04 10:06:16.918642 [W:onnxruntime:, execution_frame.cc:870 VerifyOutputSizes] Expected shape from model of {} does not match actual shape of {2} for output output[m
[0;93m2026-05-04 10:06:16.944967 [W:onnxruntime:, execution_frame.cc:870 VerifyOutputSizes] Expected shape from model of {} does not match actual shape of {2} for output output[m
[0;93m2026-05-04 10:06:16.981615 [W:onnxruntime:, execution_frame.cc:870 VerifyOutputSizes] Expected shape from model of {} does not match actual shape of {2} for output output[m
[0;93m2026-05-04 10:06:17.021958 [W:onnxruntime:, execution_frame.cc:870 VerifyOutputSizes] Expected shape from model of {} does not match actual shape of {2} for output output[m
[0;93m2026-05-04 10:06:17.063361 [W:onnxruntime:, execution_frame.cc:870 VerifyOutputSizes] Expected shape from model of {} does not match actual shape of {2} for output output[m
[0;93m2026-05-04 10:06:17.105313 [W:onnxruntime:, execution_frame.cc:870 VerifyOutputSizes] Expected shape from model of {} does not match actual shape of {2} for output output[m
[0;93m2026-05-04 10:06:17.143205 [W:onnxruntime:, execution_frame.cc:870 VerifyOutputSizes] Expected shape from model of {} does not match actual shape of {2} for output output[m
[0;93m2026-05-04 10:06:17.167225 [W:onnxruntime:, execution_frame.cc:870 VerifyOutputSizes] Expected shape from model of {} does not match actual shape of {2} for output output[m
[0;93m2026-05-04 10:06:17.209968 [W:onnxruntime:, execution_frame.cc:870 VerifyOutputSizes] Expected shape from model of {} does not match actual shape of {2} for output output[m
[0;93m2026-05-04 10:06:17.250443 [W:onnxruntime:, execution_frame.cc:870 VerifyOutputSizes] Expected shape from model of {} does not match actual shape of {2} for output output[m
[0;93m2026-05-04 10:06:17.276217 [W:onnxruntime:, execution_frame.cc:870 VerifyOutputSizes] Expected shape from model of {} does not match actual shape of {2} for output output[m
[0;93m2026-05-04 10:06:17.300811 [W:onnxruntime:, execution_frame.cc:870 VerifyOutputSizes] Expected shape from model of {} does not match actual shape of {2} for output output[m
[0;93m2026-05-04 10:06:17.324976 [W:onnxruntime:, execution_frame.cc:870 VerifyOutputSizes] Expected shape from model of {} does not match actual shape of {2} for output output[m
[0;93m2026-05-04 10:06:17.348354 [W:onnxruntime:, execution_frame.cc:870 VerifyOutputSizes] Expected shape from model of {} does not match actual shape of {2} for output output[m
[0;93m2026-05-04 10:06:17.390123 [W:onnxruntime:, execution_frame.cc:870 VerifyOutputSizes] Expected shape from model of {} does not match actual shape of {2} for output output[m
[0;93m2026-05-04 10:06:17.429565 [W:onnxruntime:, execution_frame.cc:870 VerifyOutputSizes] Expected shape from model of {} does not match actual shape of {2} for output output[m
[0;93m2026-05-04 10:06:17.468141 [W:onnxruntime:, execution_frame.cc:870 VerifyOutputSizes] Expected shape from model of {} does not match actual shape of {2} for output output[m
[0;93m2026-05-04 10:06:17.505984 [W:onnxruntime:, execution_frame.cc:870 VerifyOutputSizes] Expected shape from model of {} does not match actual shape of {2} for output output[m
[0;93m2026-05-04 10:06:17.545746 [W:onnxruntime:, execution_frame.cc:870 VerifyOutputSizes] Expected shape from model of {} does not match actual shape of {2} for output output[m
[0;93m2026-05-04 10:06:17.586422 [W:onnxruntime:, execution_frame.cc:870 VerifyOutputSizes] Expected shape from model of {} does not match actual shape of {2} for output output[m
[0;93m2026-05-04 10:06:17.625606 [W:onnxruntime:, execution_frame.cc:870 VerifyOutputSizes] Expected shape from model of {} does not match actual shape of {2} for output output[m
[0;93m2026-05-04 10:06:17.651619 [W:onnxruntime:, execution_frame.cc:870 VerifyOutputSizes] Expected shape from model of {} does not match actual shape of {2} for output output[m
[0;93m2026-05-04 10:06:17.693186 [W:onnxruntime:, execution_frame.cc:870 VerifyOutputSizes] Expected shape from model of {} does not match actual shape of {2} for output output[m
[0;93m2026-05-04 10:06:17.732895 [W:onnxruntime:, execution_frame.cc:870 VerifyOutputSizes] Expected shape from model of {} does not match actual shape of {2} for output output[m
[0;93m2026-05-04 10:06:17.772746 [W:onnxruntime:, execution_frame.cc:870 VerifyOutputSizes] Expected shape from model of {} does not match actual shape of {2} for output output[m
[0;93m2026-05-04 10:06:17.797745 [W:onnxruntime:, execution_frame.cc:870 VerifyOutputSizes] Expected shape from model of {} does not match actual shape of {2} for output output[m
[0;93m2026-05-04 10:06:17.836493 [W:onnxruntime:, execution_frame.cc:870 VerifyOutputSizes] Expected shape from model of {} does not match actual shape of {2} for output output[m
[0;93m2026-05-04 10:06:17.877645 [W:onnxruntime:, execution_frame.cc:870 VerifyOutputSizes] Expected shape from model of {} does not match actual shape of {2} for output output[m
[0;93m2026-05-04 10:06:17.915211 [W:onnxruntime:, execution_frame.cc:870 VerifyOutputSizes] Expected shape from model of {} does not match actual shape of {2} for output output[m
[0;93m2026-05-04 10:06:17.938250 [W:onnxruntime:, execution_frame.cc:870 VerifyOutputSizes] Expected shape from model of {} does not match actual shape of {2} for output output[m
[0;93m2026-05-04 10:06:17.977678 [W:onnxruntime:, execution_frame.cc:870 VerifyOutputSizes] Expected shape from model of {} does not match actual shape of {2} for output output[m
[0;93m2026-05-04 10:06:18.012800 [W:onnxruntime:, execution_frame.cc:870 VerifyOutputSizes] Expected shape from model of {} does not match actual shape of {2} for output output[m
[0;93m2026-05-04 10:06:18.034969 [W:onnxruntime:, execution_frame.cc:870 VerifyOutputSizes] Expected shape from model of {} does not match actual shape of {2} for output output[m
[0;93m2026-05-04 10:06:18.076971 [W:onnxruntime:, execution_frame.cc:870 VerifyOutputSizes] Expected shape from model of {} does not match actual shape of {2} for output output[m
[0;93m2026-05-04 10:06:18.115636 [W:onnxruntime:, execution_frame.cc:870 VerifyOutputSizes] Expected shape from model of {} does not match actual shape of {2} for output output[m
[0;93m2026-05-04 10:06:18.152917 [W:onnxruntime:, execution_frame.cc:870 VerifyOutputSizes] Expected shape from model of {} does not match actual shape of {2} for output output[m
[0;93m2026-05-04 10:06:18.194771 [W:onnxruntime:, execution_frame.cc:870 VerifyOutputSizes] Expected shape from model of {} does not match actual shape of {2} for output output[m
[0;93m2026-05-04 10:06:18.234316 [W:onnxruntime:, execution_frame.cc:870 VerifyOutputSizes] Expected shape from model of {} does not match actual shape of {2} for output output[m
[0;93m2026-05-04 10:06:18.271137 [W:onnxruntime:, execution_frame.cc:870 VerifyOutputSizes] Expected shape from model of {} does not match actual shape of {2} for output output[m
[0;93m2026-05-04 10:06:18.294588 [W:onnxruntime:, execution_frame.cc:870 VerifyOutputSizes] Expected shape from model of {} does not match actual shape of {2} for output output[m
[0;93m2026-05-04 10:06:18.329199 [W:onnxruntime:, execution_frame.cc:870 VerifyOutputSizes] Expected shape from model of {} does not match actual shape of {2} for output output[m
[0;93m2026-05-04 10:06:18.368686 [W:onnxruntime:, execution_frame.cc:870 VerifyOutputSizes] Expected shape from model of {} does not match actual shape of {2} for output output[m
[0;93m2026-05-04 10:06:18.406520 [W:onnxruntime:, execution_frame.cc:870 VerifyOutputSizes] Expected shape from model of {} does not match actual shape of {2} for output output[m
[0;93m2026-05-04 10:06:18.446204 [W:onnxruntime:, execution_frame.cc:870 VerifyOutputSizes] Expected shape from model of {} does not match actual shape of {2} for output output[m
[0;93m2026-05-04 10:06:18.471585 [W:onnxruntime:, execution_frame.cc:870 VerifyOutputSizes] Expected shape from model of {} does not match actual shape of {2} for output output[m
[0;93m2026-05-04 10:06:18.511384 [W:onnxruntime:, execution_frame.cc:870 VerifyOutputSizes] Expected shape from model of {} does not match actual shape of {2} for output output[m
[0;93m2026-05-04 10:06:18.549317 [W:onnxruntime:, execution_frame.cc:870 VerifyOutputSizes] Expected shape from model of {} does not match actual shape of {2} for output output[m
[0;93m2026-05-04 10:06:18.590834 [W:onnxruntime:, execution_frame.cc:870 VerifyOutputSizes] Expected shape from model of {} does not match actual shape of {2} for output output[m
[0;93m2026-05-04 10:06:18.629502 [W:onnxruntime:, execution_frame.cc:870 VerifyOutputSizes] Expected shape from model of {} does not match actual shape of {2} for output output[m
[0;93m2026-05-04 10:06:18.665583 [W:onnxruntime:, execution_frame.cc:870 VerifyOutputSizes] Expected shape from model of {} does not match actual shape of {2} for output output[m
  550/800
[0;93m2026-05-04 10:06:18.701767 [W:onnxruntime:, execution_frame.cc:870 VerifyOutputSizes] Expected shape from model of {} does not match actual shape of {2} for output output[m
[0;93m2026-05-04 10:06:18.745613 [W:onnxruntime:, execution_frame.cc:870 VerifyOutputSizes] Expected shape from model of {} does not match actual shape of {2} for output output[m
[0;93m2026-05-04 10:06:18.784701 [W:onnxruntime:, execution_frame.cc:870 VerifyOutputSizes] Expected shape from model of {} does not match actual shape of {2} for output output[m
[0;93m2026-05-04 10:06:18.807867 [W:onnxruntime:, execution_frame.cc:870 VerifyOutputSizes] Expected shape from model of {} does not match actual shape of {2} for output output[m
[0;93m2026-05-04 10:06:18.846253 [W:onnxruntime:, execution_frame.cc:870 VerifyOutputSizes] Expected shape from model of {} does not match actual shape of {2} for output output[m
[0;93m2026-05-04 10:06:18.887582 [W:onnxruntime:, execution_frame.cc:870 VerifyOutputSizes] Expected shape from model of {} does not match actual shape of {2} for output output[m
[0;93m2026-05-04 10:06:18.927216 [W:onnxruntime:, execution_frame.cc:870 VerifyOutputSizes] Expected shape from model of {} does not match actual shape of {2} for output output[m
[0;93m2026-05-04 10:06:18.967985 [W:onnxruntime:, execution_frame.cc:870 VerifyOutputSizes] Expected shape from model of {} does not match actual shape of {2} for output output[m
[0;93m2026-05-04 10:06:18.991081 [W:onnxruntime:, execution_frame.cc:870 VerifyOutputSizes] Expected shape from model of {} does not match actual shape of {2} for output output[m
[0;93m2026-05-04 10:06:19.035235 [W:onnxruntime:, execution_frame.cc:870 VerifyOutputSizes] Expected shape from model of {} does not match actual shape of {2} for output output[m
[0;93m2026-05-04 10:06:19.072024 [W:onnxruntime:, execution_frame.cc:870 VerifyOutputSizes] Expected shape from model of {} does not match actual shape of {2} for output output[m
[0;93m2026-05-04 10:06:19.095941 [W:onnxruntime:, execution_frame.cc:870 VerifyOutputSizes] Expected shape from model of {} does not match actual shape of {2} for output output[m
[0;93m2026-05-04 10:06:19.120765 [W:onnxruntime:, execution_frame.cc:870 VerifyOutputSizes] Expected shape from model of {} does not match actual shape of {2} for output output[m
[0;93m2026-05-04 10:06:19.161802 [W:onnxruntime:, execution_frame.cc:870 VerifyOutputSizes] Expected shape from model of {} does not match actual shape of {2} for output output[m
[0;93m2026-05-04 10:06:19.203966 [W:onnxruntime:, execution_frame.cc:870 VerifyOutputSizes] Expected shape from model of {} does not match actual shape of {2} for output output[m
[0;93m2026-05-04 10:06:19.245137 [W:onnxruntime:, execution_frame.cc:870 VerifyOutputSizes] Expected shape from model of {} does not match actual shape of {2} for output output[m
[0;93m2026-05-04 10:06:19.276976 [W:onnxruntime:, execution_frame.cc:870 VerifyOutputSizes] Expected shape from model of {} does not match actual shape of {2} for output output[m
[0;93m2026-05-04 10:06:19.317755 [W:onnxruntime:, execution_frame.cc:870 VerifyOutputSizes] Expected shape from model of {} does not match actual shape of {2} for output output[m
[0;93m2026-05-04 10:06:19.355026 [W:onnxruntime:, execution_frame.cc:870 VerifyOutputSizes] Expected shape from model of {} does not match actual shape of {2} for output output[m
[0;93m2026-05-04 10:06:19.396306 [W:onnxruntime:, execution_frame.cc:870 VerifyOutputSizes] Expected shape from model of {} does not match actual shape of {2} for output output[m
[0;93m2026-05-04 10:06:19.440805 [W:onnxruntime:, execution_frame.cc:870 VerifyOutputSizes] Expected shape from model of {} does not match actual shape of {2} for output output[m
[0;93m2026-05-04 10:06:19.482402 [W:onnxruntime:, execution_frame.cc:870 VerifyOutputSizes] Expected shape from model of {} does not match actual shape of {2} for output output[m
[0;93m2026-05-04 10:06:19.525145 [W:onnxruntime:, execution_frame.cc:870 VerifyOutputSizes] Expected shape from model of {} does not match actual shape of {2} for output output[m
[0;93m2026-05-04 10:06:19.565648 [W:onnxruntime:, execution_frame.cc:870 VerifyOutputSizes] Expected shape from model of {} does not match actual shape of {2} for output output[m
[0;93m2026-05-04 10:06:19.589983 [W:onnxruntime:, execution_frame.cc:870 VerifyOutputSizes] Expected shape from model of {} does not match actual shape of {2} for output output[m
[0;93m2026-05-04 10:06:19.632959 [W:onnxruntime:, execution_frame.cc:870 VerifyOutputSizes] Expected shape from model of {} does not match actual shape of {2} for output output[m
[0;93m2026-05-04 10:06:19.670548 [W:onnxruntime:, execution_frame.cc:870 VerifyOutputSizes] Expected shape from model of {} does not match actual shape of {2} for output output[m
[0;93m2026-05-04 10:06:19.695456 [W:onnxruntime:, execution_frame.cc:870 VerifyOutputSizes] Expected shape from model of {} does not match actual shape of {2} for output output[m
[0;93m2026-05-04 10:06:19.735632 [W:onnxruntime:, execution_frame.cc:870 VerifyOutputSizes] Expected shape from model of {} does not match actual shape of {2} for output output[m
[0;93m2026-05-04 10:06:19.779109 [W:onnxruntime:, execution_frame.cc:870 VerifyOutputSizes] Expected shape from model of {} does not match actual shape of {2} for output output[m
[0;93m2026-05-04 10:06:19.822533 [W:onnxruntime:, execution_frame.cc:870 VerifyOutputSizes] Expected shape from model of {} does not match actual shape of {2} for output output[m
[0;93m2026-05-04 10:06:19.847318 [W:onnxruntime:, execution_frame.cc:870 VerifyOutputSizes] Expected shape from model of {} does not match actual shape of {2} for output output[m
[0;93m2026-05-04 10:06:19.888368 [W:onnxruntime:, execution_frame.cc:870 VerifyOutputSizes] Expected shape from model of {} does not match actual shape of {2} for output output[m
[0;93m2026-05-04 10:06:19.930064 [W:onnxruntime:, execution_frame.cc:870 VerifyOutputSizes] Expected shape from model of {} does not match actual shape of {2} for output output[m
[0;93m2026-05-04 10:06:19.970287 [W:onnxruntime:, execution_frame.cc:870 VerifyOutputSizes] Expected shape from model of {} does not match actual shape of {2} for output output[m
[0;93m2026-05-04 10:06:20.007064 [W:onnxruntime:, execution_frame.cc:870 VerifyOutputSizes] Expected shape from model of {} does not match actual shape of {2} for output output[m
[0;93m2026-05-04 10:06:20.033321 [W:onnxruntime:, execution_frame.cc:870 VerifyOutputSizes] Expected shape from model of {} does not match actual shape of {2} for output output[m
[0;93m2026-05-04 10:06:20.075651 [W:onnxruntime:, execution_frame.cc:870 VerifyOutputSizes] Expected shape from model of {} does not match actual shape of {2} for output output[m
[0;93m2026-05-04 10:06:20.113086 [W:onnxruntime:, execution_frame.cc:870 VerifyOutputSizes] Expected shape from model of {} does not match actual shape of {2} for output output[m
[0;93m2026-05-04 10:06:20.153683 [W:onnxruntime:, execution_frame.cc:870 VerifyOutputSizes] Expected shape from model of {} does not match actual shape of {2} for output output[m
[0;93m2026-05-04 10:06:20.189710 [W:onnxruntime:, execution_frame.cc:870 VerifyOutputSizes] Expected shape from model of {} does not match actual shape of {2} for output output[m
[0;93m2026-05-04 10:06:20.227963 [W:onnxruntime:, execution_frame.cc:870 VerifyOutputSizes] Expected shape from model of {} does not match actual shape of {2} for output output[m
[0;93m2026-05-04 10:06:20.250775 [W:onnxruntime:, execution_frame.cc:870 VerifyOutputSizes] Expected shape from model of {} does not match actual shape of {2} for output output[m
[0;93m2026-05-04 10:06:20.274824 [W:onnxruntime:, execution_frame.cc:870 VerifyOutputSizes] Expected shape from model of {} does not match actual shape of {2} for output output[m
[0;93m2026-05-04 10:06:20.313767 [W:onnxruntime:, execution_frame.cc:870 VerifyOutputSizes] Expected shape from model of {} does not match actual shape of {2} for output output[m
[0;93m2026-05-04 10:06:20.351039 [W:onnxruntime:, execution_frame.cc:870 VerifyOutputSizes] Expected shape from model of {} does not match actual shape of {2} for output output[m
[0;93m2026-05-04 10:06:20.374232 [W:onnxruntime:, execution_frame.cc:870 VerifyOutputSizes] Expected shape from model of {} does not match actual shape of {2} for output output[m
[0;93m2026-05-04 10:06:20.414839 [W:onnxruntime:, execution_frame.cc:870 VerifyOutputSizes] Expected shape from model of {} does not match actual shape of {2} for output output[m
[0;93m2026-05-04 10:06:20.454752 [W:onnxruntime:, execution_frame.cc:870 VerifyOutputSizes] Expected shape from model of {} does not match actual shape of {2} for output output[m
[0;93m2026-05-04 10:06:20.491498 [W:onnxruntime:, execution_frame.cc:870 VerifyOutputSizes] Expected shape from model of {} does not match actual shape of {2} for output output[m
  600/800
[0;93m2026-05-04 10:06:20.529242 [W:onnxruntime:, execution_frame.cc:870 VerifyOutputSizes] Expected shape from model of {} does not match actual shape of {2} for output output[m
[0;93m2026-05-04 10:06:20.565295 [W:onnxruntime:, execution_frame.cc:870 VerifyOutputSizes] Expected shape from model of {} does not match actual shape of {2} for output output[m
[0;93m2026-05-04 10:06:20.605080 [W:onnxruntime:, execution_frame.cc:870 VerifyOutputSizes] Expected shape from model of {} does not match actual shape of {2} for output output[m
[0;93m2026-05-04 10:06:20.642406 [W:onnxruntime:, execution_frame.cc:870 VerifyOutputSizes] Expected shape from model of {} does not match actual shape of {2} for output output[m
[0;93m2026-05-04 10:06:20.681253 [W:onnxruntime:, execution_frame.cc:870 VerifyOutputSizes] Expected shape from model of {} does not match actual shape of {2} for output output[m
[0;93m2026-05-04 10:06:20.722669 [W:onnxruntime:, execution_frame.cc:870 VerifyOutputSizes] Expected shape from model of {} does not match actual shape of {2} for output output[m
[0;93m2026-05-04 10:06:20.761071 [W:onnxruntime:, execution_frame.cc:870 VerifyOutputSizes] Expected shape from model of {} does not match actual shape of {2} for output output[m
[0;93m2026-05-04 10:06:20.798052 [W:onnxruntime:, execution_frame.cc:870 VerifyOutputSizes] Expected shape from model of {} does not match actual shape of {2} for output output[m
[0;93m2026-05-04 10:06:20.839256 [W:onnxruntime:, execution_frame.cc:870 VerifyOutputSizes] Expected shape from model of {} does not match actual shape of {2} for output output[m
[0;93m2026-05-04 10:06:20.879098 [W:onnxruntime:, execution_frame.cc:870 VerifyOutputSizes] Expected shape from model of {} does not match actual shape of {2} for output output[m
[0;93m2026-05-04 10:06:20.921413 [W:onnxruntime:, execution_frame.cc:870 VerifyOutputSizes] Expected shape from model of {} does not match actual shape of {2} for output output[m
[0;93m2026-05-04 10:06:20.960154 [W:onnxruntime:, execution_frame.cc:870 VerifyOutputSizes] Expected shape from model of {} does not match actual shape of {2} for output output[m
[0;93m2026-05-04 10:06:20.982546 [W:onnxruntime:, execution_frame.cc:870 VerifyOutputSizes] Expected shape from model of {} does not match actual shape of {2} for output output[m
[0;93m2026-05-04 10:06:21.018352 [W:onnxruntime:, execution_frame.cc:870 VerifyOutputSizes] Expected shape from model of {} does not match actual shape of {2} for output output[m
[0;93m2026-05-04 10:06:21.043028 [W:onnxruntime:, execution_frame.cc:870 VerifyOutputSizes] Expected shape from model of {} does not match actual shape of {2} for output output[m
[0;93m2026-05-04 10:06:21.083202 [W:onnxruntime:, execution_frame.cc:870 VerifyOutputSizes] Expected shape from model of {} does not match actual shape of {2} for output output[m
[0;93m2026-05-04 10:06:21.127786 [W:onnxruntime:, execution_frame.cc:870 VerifyOutputSizes] Expected shape from model of {} does not match actual shape of {2} for output output[m
[0;93m2026-05-04 10:06:21.167989 [W:onnxruntime:, execution_frame.cc:870 VerifyOutputSizes] Expected shape from model of {} does not match actual shape of {2} for output output[m
[0;93m2026-05-04 10:06:21.207001 [W:onnxruntime:, execution_frame.cc:870 VerifyOutputSizes] Expected shape from model of {} does not match actual shape of {2} for output output[m
[0;93m2026-05-04 10:06:21.246014 [W:onnxruntime:, execution_frame.cc:870 VerifyOutputSizes] Expected shape from model of {} does not match actual shape of {2} for output output[m
[0;93m2026-05-04 10:06:21.271032 [W:onnxruntime:, execution_frame.cc:870 VerifyOutputSizes] Expected shape from model of {} does not match actual shape of {2} for output output[m
[0;93m2026-05-04 10:06:21.311032 [W:onnxruntime:, execution_frame.cc:870 VerifyOutputSizes] Expected shape from model of {} does not match actual shape of {2} for output output[m
[0;93m2026-05-04 10:06:21.351492 [W:onnxruntime:, execution_frame.cc:870 VerifyOutputSizes] Expected shape from model of {} does not match actual shape of {2} for output output[m
[0;93m2026-05-04 10:06:21.395652 [W:onnxruntime:, execution_frame.cc:870 VerifyOutputSizes] Expected shape from model of {} does not match actual shape of {2} for output output[m
[0;93m2026-05-04 10:06:21.437279 [W:onnxruntime:, execution_frame.cc:870 VerifyOutputSizes] Expected shape from model of {} does not match actual shape of {2} for output output[m
[0;93m2026-05-04 10:06:21.479223 [W:onnxruntime:, execution_frame.cc:870 VerifyOutputSizes] Expected shape from model of {} does not match actual shape of {2} for output output[m
[0;93m2026-05-04 10:06:21.520593 [W:onnxruntime:, execution_frame.cc:870 VerifyOutputSizes] Expected shape from model of {} does not match actual shape of {2} for output output[m
[0;93m2026-05-04 10:06:21.546261 [W:onnxruntime:, execution_frame.cc:870 VerifyOutputSizes] Expected shape from model of {} does not match actual shape of {2} for output output[m
[0;93m2026-05-04 10:06:21.585129 [W:onnxruntime:, execution_frame.cc:870 VerifyOutputSizes] Expected shape from model of {} does not match actual shape of {2} for output output[m
[0;93m2026-05-04 10:06:21.625896 [W:onnxruntime:, execution_frame.cc:870 VerifyOutputSizes] Expected shape from model of {} does not match actual shape of {2} for output output[m
[0;93m2026-05-04 10:06:21.666793 [W:onnxruntime:, execution_frame.cc:870 VerifyOutputSizes] Expected shape from model of {} does not match actual shape of {2} for output output[m
[0;93m2026-05-04 10:06:21.707585 [W:onnxruntime:, execution_frame.cc:870 VerifyOutputSizes] Expected shape from model of {} does not match actual shape of {2} for output output[m
[0;93m2026-05-04 10:06:21.747983 [W:onnxruntime:, execution_frame.cc:870 VerifyOutputSizes] Expected shape from model of {} does not match actual shape of {2} for output output[m
[0;93m2026-05-04 10:06:21.773771 [W:onnxruntime:, execution_frame.cc:870 VerifyOutputSizes] Expected shape from model of {} does not match actual shape of {2} for output output[m
[0;93m2026-05-04 10:06:21.797986 [W:onnxruntime:, execution_frame.cc:870 VerifyOutputSizes] Expected shape from model of {} does not match actual shape of {2} for output output[m
[0;93m2026-05-04 10:06:21.835305 [W:onnxruntime:, execution_frame.cc:870 VerifyOutputSizes] Expected shape from model of {} does not match actual shape of {2} for output output[m
[0;93m2026-05-04 10:06:21.876858 [W:onnxruntime:, execution_frame.cc:870 VerifyOutputSizes] Expected shape from model of {} does not match actual shape of {2} for output output[m
[0;93m2026-05-04 10:06:21.915481 [W:onnxruntime:, execution_frame.cc:870 VerifyOutputSizes] Expected shape from model of {} does not match actual shape of {2} for output output[m
[0;93m2026-05-04 10:06:21.940503 [W:onnxruntime:, execution_frame.cc:870 VerifyOutputSizes] Expected shape from model of {} does not match actual shape of {2} for output output[m
[0;93m2026-05-04 10:06:21.979662 [W:onnxruntime:, execution_frame.cc:870 VerifyOutputSizes] Expected shape from model of {} does not match actual shape of {2} for output output[m
[0;93m2026-05-04 10:06:22.021852 [W:onnxruntime:, execution_frame.cc:870 VerifyOutputSizes] Expected shape from model of {} does not match actual shape of {2} for output output[m
[0;93m2026-05-04 10:06:22.061151 [W:onnxruntime:, execution_frame.cc:870 VerifyOutputSizes] Expected shape from model of {} does not match actual shape of {2} for output output[m
[0;93m2026-05-04 10:06:22.099287 [W:onnxruntime:, execution_frame.cc:870 VerifyOutputSizes] Expected shape from model of {} does not match actual shape of {2} for output output[m
[0;93m2026-05-04 10:06:22.139047 [W:onnxruntime:, execution_frame.cc:870 VerifyOutputSizes] Expected shape from model of {} does not match actual shape of {2} for output output[m
[0;93m2026-05-04 10:06:22.162952 [W:onnxruntime:, execution_frame.cc:870 VerifyOutputSizes] Expected shape from model of {} does not match actual shape of {2} for output output[m
[0;93m2026-05-04 10:06:22.186303 [W:onnxruntime:, execution_frame.cc:870 VerifyOutputSizes] Expected shape from model of {} does not match actual shape of {2} for output output[m
[0;93m2026-05-04 10:06:22.224426 [W:onnxruntime:, execution_frame.cc:870 VerifyOutputSizes] Expected shape from model of {} does not match actual shape of {2} for output output[m
[0;93m2026-05-04 10:06:22.249195 [W:onnxruntime:, execution_frame.cc:870 VerifyOutputSizes] Expected shape from model of {} does not match actual shape of {2} for output output[m
[0;93m2026-05-04 10:06:22.290249 [W:onnxruntime:, execution_frame.cc:870 VerifyOutputSizes] Expected shape from model of {} does not match actual shape of {2} for output output[m
[0;93m2026-05-04 10:06:22.332584 [W:onnxruntime:, execution_frame.cc:870 VerifyOutputSizes] Expected shape from model of {} does not match actual shape of {2} for output output[m
  650/800
[0;93m2026-05-04 10:06:22.373294 [W:onnxruntime:, execution_frame.cc:870 VerifyOutputSizes] Expected shape from model of {} does not match actual shape of {2} for output output[m
[0;93m2026-05-04 10:06:22.411370 [W:onnxruntime:, execution_frame.cc:870 VerifyOutputSizes] Expected shape from model of {} does not match actual shape of {2} for output output[m
[0;93m2026-05-04 10:06:22.449453 [W:onnxruntime:, execution_frame.cc:870 VerifyOutputSizes] Expected shape from model of {} does not match actual shape of {2} for output output[m
[0;93m2026-05-04 10:06:22.491332 [W:onnxruntime:, execution_frame.cc:870 VerifyOutputSizes] Expected shape from model of {} does not match actual shape of {2} for output output[m
[0;93m2026-05-04 10:06:22.531297 [W:onnxruntime:, execution_frame.cc:870 VerifyOutputSizes] Expected shape from model of {} does not match actual shape of {2} for output output[m
[0;93m2026-05-04 10:06:22.570024 [W:onnxruntime:, execution_frame.cc:870 VerifyOutputSizes] Expected shape from model of {} does not match actual shape of {2} for output output[m
[0;93m2026-05-04 10:06:22.592438 [W:onnxruntime:, execution_frame.cc:870 VerifyOutputSizes] Expected shape from model of {} does not match actual shape of {2} for output output[m
[0;93m2026-05-04 10:06:22.631406 [W:onnxruntime:, execution_frame.cc:870 VerifyOutputSizes] Expected shape from model of {} does not match actual shape of {2} for output output[m
[0;93m2026-05-04 10:06:22.668940 [W:onnxruntime:, execution_frame.cc:870 VerifyOutputSizes] Expected shape from model of {} does not match actual shape of {2} for output output[m
[0;93m2026-05-04 10:06:22.707501 [W:onnxruntime:, execution_frame.cc:870 VerifyOutputSizes] Expected shape from model of {} does not match actual shape of {2} for output output[m
[0;93m2026-05-04 10:06:22.730211 [W:onnxruntime:, execution_frame.cc:870 VerifyOutputSizes] Expected shape from model of {} does not match actual shape of {2} for output output[m
[0;93m2026-05-04 10:06:22.767478 [W:onnxruntime:, execution_frame.cc:870 VerifyOutputSizes] Expected shape from model of {} does not match actual shape of {2} for output output[m
[0;93m2026-05-04 10:06:22.806575 [W:onnxruntime:, execution_frame.cc:870 VerifyOutputSizes] Expected shape from model of {} does not match actual shape of {2} for output output[m
[0;93m2026-05-04 10:06:22.845933 [W:onnxruntime:, execution_frame.cc:870 VerifyOutputSizes] Expected shape from model of {} does not match actual shape of {2} for output output[m
[0;93m2026-05-04 10:06:22.882794 [W:onnxruntime:, execution_frame.cc:870 VerifyOutputSizes] Expected shape from model of {} does not match actual shape of {2} for output output[m
[0;93m2026-05-04 10:06:22.906063 [W:onnxruntime:, execution_frame.cc:870 VerifyOutputSizes] Expected shape from model of {} does not match actual shape of {2} for output output[m
[0;93m2026-05-04 10:06:22.943404 [W:onnxruntime:, execution_frame.cc:870 VerifyOutputSizes] Expected shape from model of {} does not match actual shape of {2} for output output[m
[0;93m2026-05-04 10:06:22.980777 [W:onnxruntime:, execution_frame.cc:870 VerifyOutputSizes] Expected shape from model of {} does not match actual shape of {2} for output output[m
[0;93m2026-05-04 10:06:23.020821 [W:onnxruntime:, execution_frame.cc:870 VerifyOutputSizes] Expected shape from model of {} does not match actual shape of {2} for output output[m
[0;93m2026-05-04 10:06:23.058180 [W:onnxruntime:, execution_frame.cc:870 VerifyOutputSizes] Expected shape from model of {} does not match actual shape of {2} for output output[m
[0;93m2026-05-04 10:06:23.081721 [W:onnxruntime:, execution_frame.cc:870 VerifyOutputSizes] Expected shape from model of {} does not match actual shape of {2} for output output[m
[0;93m2026-05-04 10:06:23.105411 [W:onnxruntime:, execution_frame.cc:870 VerifyOutputSizes] Expected shape from model of {} does not match actual shape of {2} for output output[m
[0;93m2026-05-04 10:06:23.146237 [W:onnxruntime:, execution_frame.cc:870 VerifyOutputSizes] Expected shape from model of {} does not match actual shape of {2} for output output[m
[0;93m2026-05-04 10:06:23.170550 [W:onnxruntime:, execution_frame.cc:870 VerifyOutputSizes] Expected shape from model of {} does not match actual shape of {2} for output output[m
[0;93m2026-05-04 10:06:23.196895 [W:onnxruntime:, execution_frame.cc:870 VerifyOutputSizes] Expected shape from model of {} does not match actual shape of {2} for output output[m
[0;93m2026-05-04 10:06:23.239518 [W:onnxruntime:, execution_frame.cc:870 VerifyOutputSizes] Expected shape from model of {} does not match actual shape of {2} for output output[m
[0;93m2026-05-04 10:06:23.281323 [W:onnxruntime:, execution_frame.cc:870 VerifyOutputSizes] Expected shape from model of {} does not match actual shape of {2} for output output[m
[0;93m2026-05-04 10:06:23.323260 [W:onnxruntime:, execution_frame.cc:870 VerifyOutputSizes] Expected shape from model of {} does not match actual shape of {2} for output output[m
[0;93m2026-05-04 10:06:23.346671 [W:onnxruntime:, execution_frame.cc:870 VerifyOutputSizes] Expected shape from model of {} does not match actual shape of {2} for output output[m
[0;93m2026-05-04 10:06:23.384246 [W:onnxruntime:, execution_frame.cc:870 VerifyOutputSizes] Expected shape from model of {} does not match actual shape of {2} for output output[m
[0;93m2026-05-04 10:06:23.423910 [W:onnxruntime:, execution_frame.cc:870 VerifyOutputSizes] Expected shape from model of {} does not match actual shape of {2} for output output[m
[0;93m2026-05-04 10:06:23.464128 [W:onnxruntime:, execution_frame.cc:870 VerifyOutputSizes] Expected shape from model of {} does not match actual shape of {2} for output output[m
[0;93m2026-05-04 10:06:23.504544 [W:onnxruntime:, execution_frame.cc:870 VerifyOutputSizes] Expected shape from model of {} does not match actual shape of {2} for output output[m
[0;93m2026-05-04 10:06:23.545912 [W:onnxruntime:, execution_frame.cc:870 VerifyOutputSizes] Expected shape from model of {} does not match actual shape of {2} for output output[m
[0;93m2026-05-04 10:06:23.570257 [W:onnxruntime:, execution_frame.cc:870 VerifyOutputSizes] Expected shape from model of {} does not match actual shape of {2} for output output[m
[0;93m2026-05-04 10:06:23.612908 [W:onnxruntime:, execution_frame.cc:870 VerifyOutputSizes] Expected shape from model of {} does not match actual shape of {2} for output output[m
[0;93m2026-05-04 10:06:23.653706 [W:onnxruntime:, execution_frame.cc:870 VerifyOutputSizes] Expected shape from model of {} does not match actual shape of {2} for output output[m
[0;93m2026-05-04 10:06:23.693931 [W:onnxruntime:, execution_frame.cc:870 VerifyOutputSizes] Expected shape from model of {} does not match actual shape of {2} for output output[m
[0;93m2026-05-04 10:06:23.732164 [W:onnxruntime:, execution_frame.cc:870 VerifyOutputSizes] Expected shape from model of {} does not match actual shape of {2} for output output[m
[0;93m2026-05-04 10:06:23.772426 [W:onnxruntime:, execution_frame.cc:870 VerifyOutputSizes] Expected shape from model of {} does not match actual shape of {2} for output output[m
[0;93m2026-05-04 10:06:23.813823 [W:onnxruntime:, execution_frame.cc:870 VerifyOutputSizes] Expected shape from model of {} does not match actual shape of {2} for output output[m
[0;93m2026-05-04 10:06:23.853890 [W:onnxruntime:, execution_frame.cc:870 VerifyOutputSizes] Expected shape from model of {} does not match actual shape of {2} for output output[m
[0;93m2026-05-04 10:06:23.896586 [W:onnxruntime:, execution_frame.cc:870 VerifyOutputSizes] Expected shape from model of {} does not match actual shape of {2} for output output[m
[0;93m2026-05-04 10:06:23.920862 [W:onnxruntime:, execution_frame.cc:870 VerifyOutputSizes] Expected shape from model of {} does not match actual shape of {2} for output output[m
[0;93m2026-05-04 10:06:23.963707 [W:onnxruntime:, execution_frame.cc:870 VerifyOutputSizes] Expected shape from model of {} does not match actual shape of {2} for output output[m
[0;93m2026-05-04 10:06:23.988740 [W:onnxruntime:, execution_frame.cc:870 VerifyOutputSizes] Expected shape from model of {} does not match actual shape of {2} for output output[m
[0;93m2026-05-04 10:06:24.029453 [W:onnxruntime:, execution_frame.cc:870 VerifyOutputSizes] Expected shape from model of {} does not match actual shape of {2} for output output[m
[0;93m2026-05-04 10:06:24.054920 [W:onnxruntime:, execution_frame.cc:870 VerifyOutputSizes] Expected shape from model of {} does not match actual shape of {2} for output output[m
[0;93m2026-05-04 10:06:24.093525 [W:onnxruntime:, execution_frame.cc:870 VerifyOutputSizes] Expected shape from model of {} does not match actual shape of {2} for output output[m
[0;93m2026-05-04 10:06:24.118714 [W:onnxruntime:, execution_frame.cc:870 VerifyOutputSizes] Expected shape from model of {} does not match actual shape of {2} for output output[m
  700/800
[0;93m2026-05-04 10:06:24.160530 [W:onnxruntime:, execution_frame.cc:870 VerifyOutputSizes] Expected shape from model of {} does not match actual shape of {2} for output output[m
[0;93m2026-05-04 10:06:24.203903 [W:onnxruntime:, execution_frame.cc:870 VerifyOutputSizes] Expected shape from model of {} does not match actual shape of {2} for output output[m
[0;93m2026-05-04 10:06:24.250026 [W:onnxruntime:, execution_frame.cc:870 VerifyOutputSizes] Expected shape from model of {} does not match actual shape of {2} for output output[m
[0;93m2026-05-04 10:06:24.290629 [W:onnxruntime:, execution_frame.cc:870 VerifyOutputSizes] Expected shape from model of {} does not match actual shape of {2} for output output[m
[0;93m2026-05-04 10:06:24.330576 [W:onnxruntime:, execution_frame.cc:870 VerifyOutputSizes] Expected shape from model of {} does not match actual shape of {2} for output output[m
[0;93m2026-05-04 10:06:24.369762 [W:onnxruntime:, execution_frame.cc:870 VerifyOutputSizes] Expected shape from model of {} does not match actual shape of {2} for output output[m
[0;93m2026-05-04 10:06:24.409773 [W:onnxruntime:, execution_frame.cc:870 VerifyOutputSizes] Expected shape from model of {} does not match actual shape of {2} for output output[m
[0;93m2026-05-04 10:06:24.453481 [W:onnxruntime:, execution_frame.cc:870 VerifyOutputSizes] Expected shape from model of {} does not match actual shape of {2} for output output[m
[0;93m2026-05-04 10:06:24.496602 [W:onnxruntime:, execution_frame.cc:870 VerifyOutputSizes] Expected shape from model of {} does not match actual shape of {2} for output output[m
[0;93m2026-05-04 10:06:24.540303 [W:onnxruntime:, execution_frame.cc:870 VerifyOutputSizes] Expected shape from model of {} does not match actual shape of {2} for output output[m
[0;93m2026-05-04 10:06:24.564866 [W:onnxruntime:, execution_frame.cc:870 VerifyOutputSizes] Expected shape from model of {} does not match actual shape of {2} for output output[m
[0;93m2026-05-04 10:06:24.607747 [W:onnxruntime:, execution_frame.cc:870 VerifyOutputSizes] Expected shape from model of {} does not match actual shape of {2} for output output[m
[0;93m2026-05-04 10:06:24.649485 [W:onnxruntime:, execution_frame.cc:870 VerifyOutputSizes] Expected shape from model of {} does not match actual shape of {2} for output output[m
[0;93m2026-05-04 10:06:24.693255 [W:onnxruntime:, execution_frame.cc:870 VerifyOutputSizes] Expected shape from model of {} does not match actual shape of {2} for output output[m
[0;93m2026-05-04 10:06:24.732016 [W:onnxruntime:, execution_frame.cc:870 VerifyOutputSizes] Expected shape from model of {} does not match actual shape of {2} for output output[m
[0;93m2026-05-04 10:06:24.754911 [W:onnxruntime:, execution_frame.cc:870 VerifyOutputSizes] Expected shape from model of {} does not match actual shape of {2} for output output[m
[0;93m2026-05-04 10:06:24.793025 [W:onnxruntime:, execution_frame.cc:870 VerifyOutputSizes] Expected shape from model of {} does not match actual shape of {2} for output output[m
[0;93m2026-05-04 10:06:24.832524 [W:onnxruntime:, execution_frame.cc:870 VerifyOutputSizes] Expected shape from model of {} does not match actual shape of {2} for output output[m
[0;93m2026-05-04 10:06:24.855581 [W:onnxruntime:, execution_frame.cc:870 VerifyOutputSizes] Expected shape from model of {} does not match actual shape of {2} for output output[m
[0;93m2026-05-04 10:06:24.893143 [W:onnxruntime:, execution_frame.cc:870 VerifyOutputSizes] Expected shape from model of {} does not match actual shape of {2} for output output[m
[0;93m2026-05-04 10:06:24.930231 [W:onnxruntime:, execution_frame.cc:870 VerifyOutputSizes] Expected shape from model of {} does not match actual shape of {2} for output output[m
[0;93m2026-05-04 10:06:24.969338 [W:onnxruntime:, execution_frame.cc:870 VerifyOutputSizes] Expected shape from model of {} does not match actual shape of {2} for output output[m
[0;93m2026-05-04 10:06:25.000528 [W:onnxruntime:, execution_frame.cc:870 VerifyOutputSizes] Expected shape from model of {} does not match actual shape of {2} for output output[m
[0;93m2026-05-04 10:06:25.040734 [W:onnxruntime:, execution_frame.cc:870 VerifyOutputSizes] Expected shape from model of {} does not match actual shape of {2} for output output[m
[0;93m2026-05-04 10:06:25.065991 [W:onnxruntime:, execution_frame.cc:870 VerifyOutputSizes] Expected shape from model of {} does not match actual shape of {2} for output output[m
[0;93m2026-05-04 10:06:25.106401 [W:onnxruntime:, execution_frame.cc:870 VerifyOutputSizes] Expected shape from model of {} does not match actual shape of {2} for output output[m
[0;93m2026-05-04 10:06:25.129497 [W:onnxruntime:, execution_frame.cc:870 VerifyOutputSizes] Expected shape from model of {} does not match actual shape of {2} for output output[m
[0;93m2026-05-04 10:06:25.168808 [W:onnxruntime:, execution_frame.cc:870 VerifyOutputSizes] Expected shape from model of {} does not match actual shape of {2} for output output[m
[0;93m2026-05-04 10:06:25.208573 [W:onnxruntime:, execution_frame.cc:870 VerifyOutputSizes] Expected shape from model of {} does not match actual shape of {2} for output output[m
[0;93m2026-05-04 10:06:25.246865 [W:onnxruntime:, execution_frame.cc:870 VerifyOutputSizes] Expected shape from model of {} does not match actual shape of {2} for output output[m
[0;93m2026-05-04 10:06:25.270775 [W:onnxruntime:, execution_frame.cc:870 VerifyOutputSizes] Expected shape from model of {} does not match actual shape of {2} for output output[m
[0;93m2026-05-04 10:06:25.315322 [W:onnxruntime:, execution_frame.cc:870 VerifyOutputSizes] Expected shape from model of {} does not match actual shape of {2} for output output[m
[0;93m2026-05-04 10:06:25.357133 [W:onnxruntime:, execution_frame.cc:870 VerifyOutputSizes] Expected shape from model of {} does not match actual shape of {2} for output output[m
[0;93m2026-05-04 10:06:25.396048 [W:onnxruntime:, execution_frame.cc:870 VerifyOutputSizes] Expected shape from model of {} does not match actual shape of {2} for output output[m
[0;93m2026-05-04 10:06:25.437342 [W:onnxruntime:, execution_frame.cc:870 VerifyOutputSizes] Expected shape from model of {} does not match actual shape of {2} for output output[m
[0;93m2026-05-04 10:06:25.477164 [W:onnxruntime:, execution_frame.cc:870 VerifyOutputSizes] Expected shape from model of {} does not match actual shape of {2} for output output[m
[0;93m2026-05-04 10:06:25.516121 [W:onnxruntime:, execution_frame.cc:870 VerifyOutputSizes] Expected shape from model of {} does not match actual shape of {2} for output output[m
[0;93m2026-05-04 10:06:25.549424 [W:onnxruntime:, execution_frame.cc:870 VerifyOutputSizes] Expected shape from model of {} does not match actual shape of {2} for output output[m
[0;93m2026-05-04 10:06:25.572520 [W:onnxruntime:, execution_frame.cc:870 VerifyOutputSizes] Expected shape from model of {} does not match actual shape of {2} for output output[m
[0;93m2026-05-04 10:06:25.612856 [W:onnxruntime:, execution_frame.cc:870 VerifyOutputSizes] Expected shape from model of {} does not match actual shape of {2} for output output[m
[0;93m2026-05-04 10:06:25.654349 [W:onnxruntime:, execution_frame.cc:870 VerifyOutputSizes] Expected shape from model of {} does not match actual shape of {2} for output output[m
[0;93m2026-05-04 10:06:25.694177 [W:onnxruntime:, execution_frame.cc:870 VerifyOutputSizes] Expected shape from model of {} does not match actual shape of {2} for output output[m
[0;93m2026-05-04 10:06:25.739335 [W:onnxruntime:, execution_frame.cc:870 VerifyOutputSizes] Expected shape from model of {} does not match actual shape of {2} for output output[m
[0;93m2026-05-04 10:06:25.780078 [W:onnxruntime:, execution_frame.cc:870 VerifyOutputSizes] Expected shape from model of {} does not match actual shape of {2} for output output[m
[0;93m2026-05-04 10:06:25.822853 [W:onnxruntime:, execution_frame.cc:870 VerifyOutputSizes] Expected shape from model of {} does not match actual shape of {2} for output output[m
[0;93m2026-05-04 10:06:25.864767 [W:onnxruntime:, execution_frame.cc:870 VerifyOutputSizes] Expected shape from model of {} does not match actual shape of {2} for output output[m
[0;93m2026-05-04 10:06:25.903204 [W:onnxruntime:, execution_frame.cc:870 VerifyOutputSizes] Expected shape from model of {} does not match actual shape of {2} for output output[m
[0;93m2026-05-04 10:06:25.928953 [W:onnxruntime:, execution_frame.cc:870 VerifyOutputSizes] Expected shape from model of {} does not match actual shape of {2} for output output[m
[0;93m2026-05-04 10:06:25.971520 [W:onnxruntime:, execution_frame.cc:870 VerifyOutputSizes] Expected shape from model of {} does not match actual shape of {2} for output output[m
[0;93m2026-05-04 10:06:26.014253 [W:onnxruntime:, execution_frame.cc:870 VerifyOutputSizes] Expected shape from model of {} does not match actual shape of {2} for output output[m
  750/800
[0;93m2026-05-04 10:06:26.052383 [W:onnxruntime:, execution_frame.cc:870 VerifyOutputSizes] Expected shape from model of {} does not match actual shape of {2} for output output[m
[0;93m2026-05-04 10:06:26.076337 [W:onnxruntime:, execution_frame.cc:870 VerifyOutputSizes] Expected shape from model of {} does not match actual shape of {2} for output output[m
[0;93m2026-05-04 10:06:26.116910 [W:onnxruntime:, execution_frame.cc:870 VerifyOutputSizes] Expected shape from model of {} does not match actual shape of {2} for output output[m
[0;93m2026-05-04 10:06:26.156265 [W:onnxruntime:, execution_frame.cc:870 VerifyOutputSizes] Expected shape from model of {} does not match actual shape of {2} for output output[m
[0;93m2026-05-04 10:06:26.198867 [W:onnxruntime:, execution_frame.cc:870 VerifyOutputSizes] Expected shape from model of {} does not match actual shape of {2} for output output[m
[0;93m2026-05-04 10:06:26.242487 [W:onnxruntime:, execution_frame.cc:870 VerifyOutputSizes] Expected shape from model of {} does not match actual shape of {2} for output output[m
[0;93m2026-05-04 10:06:26.267513 [W:onnxruntime:, execution_frame.cc:870 VerifyOutputSizes] Expected shape from model of {} does not match actual shape of {2} for output output[m
[0;93m2026-05-04 10:06:26.309633 [W:onnxruntime:, execution_frame.cc:870 VerifyOutputSizes] Expected shape from model of {} does not match actual shape of {2} for output output[m
[0;93m2026-05-04 10:06:26.354336 [W:onnxruntime:, execution_frame.cc:870 VerifyOutputSizes] Expected shape from model of {} does not match actual shape of {2} for output output[m
[0;93m2026-05-04 10:06:26.394309 [W:onnxruntime:, execution_frame.cc:870 VerifyOutputSizes] Expected shape from model of {} does not match actual shape of {2} for output output[m
[0;93m2026-05-04 10:06:26.436890 [W:onnxruntime:, execution_frame.cc:870 VerifyOutputSizes] Expected shape from model of {} does not match actual shape of {2} for output output[m
[0;93m2026-05-04 10:06:26.481556 [W:onnxruntime:, execution_frame.cc:870 VerifyOutputSizes] Expected shape from model of {} does not match actual shape of {2} for output output[m
[0;93m2026-05-04 10:06:26.525141 [W:onnxruntime:, execution_frame.cc:870 VerifyOutputSizes] Expected shape from model of {} does not match actual shape of {2} for output output[m
[0;93m2026-05-04 10:06:26.566444 [W:onnxruntime:, execution_frame.cc:870 VerifyOutputSizes] Expected shape from model of {} does not match actual shape of {2} for output output[m
[0;93m2026-05-04 10:06:26.608260 [W:onnxruntime:, execution_frame.cc:870 VerifyOutputSizes] Expected shape from model of {} does not match actual shape of {2} for output output[m
[0;93m2026-05-04 10:06:26.647945 [W:onnxruntime:, execution_frame.cc:870 VerifyOutputSizes] Expected shape from model of {} does not match actual shape of {2} for output output[m
[0;93m2026-05-04 10:06:26.674999 [W:onnxruntime:, execution_frame.cc:870 VerifyOutputSizes] Expected shape from model of {} does not match actual shape of {2} for output output[m
[0;93m2026-05-04 10:06:26.713352 [W:onnxruntime:, execution_frame.cc:870 VerifyOutputSizes] Expected shape from model of {} does not match actual shape of {2} for output output[m
[0;93m2026-05-04 10:06:26.739712 [W:onnxruntime:, execution_frame.cc:870 VerifyOutputSizes] Expected shape from model of {} does not match actual shape of {2} for output output[m
[0;93m2026-05-04 10:06:26.780269 [W:onnxruntime:, execution_frame.cc:870 VerifyOutputSizes] Expected shape from model of {} does not match actual shape of {2} for output output[m
[0;93m2026-05-04 10:06:26.817663 [W:onnxruntime:, execution_frame.cc:870 VerifyOutputSizes] Expected shape from model of {} does not match actual shape of {2} for output output[m
[0;93m2026-05-04 10:06:26.858733 [W:onnxruntime:, execution_frame.cc:870 VerifyOutputSizes] Expected shape from model of {} does not match actual shape of {2} for output output[m
[0;93m2026-05-04 10:06:26.899258 [W:onnxruntime:, execution_frame.cc:870 VerifyOutputSizes] Expected shape from model of {} does not match actual shape of {2} for output output[m
[0;93m2026-05-04 10:06:26.936803 [W:onnxruntime:, execution_frame.cc:870 VerifyOutputSizes] Expected shape from model of {} does not match actual shape of {2} for output output[m
[0;93m2026-05-04 10:06:26.974242 [W:onnxruntime:, execution_frame.cc:870 VerifyOutputSizes] Expected shape from model of {} does not match actual shape of {2} for output output[m
[0;93m2026-05-04 10:06:27.011377 [W:onnxruntime:, execution_frame.cc:870 VerifyOutputSizes] Expected shape from model of {} does not match actual shape of {2} for output output[m
[0;93m2026-05-04 10:06:27.050316 [W:onnxruntime:, execution_frame.cc:870 VerifyOutputSizes] Expected shape from model of {} does not match actual shape of {2} for output output[m
[0;93m2026-05-04 10:06:27.076549 [W:onnxruntime:, execution_frame.cc:870 VerifyOutputSizes] Expected shape from model of {} does not match actual shape of {2} for output output[m
[0;93m2026-05-04 10:06:27.101001 [W:onnxruntime:, execution_frame.cc:870 VerifyOutputSizes] Expected shape from model of {} does not match actual shape of {2} for output output[m
[0;93m2026-05-04 10:06:27.140371 [W:onnxruntime:, execution_frame.cc:870 VerifyOutputSizes] Expected shape from model of {} does not match actual shape of {2} for output output[m
[0;93m2026-05-04 10:06:27.189104 [W:onnxruntime:, execution_frame.cc:870 VerifyOutputSizes] Expected shape from model of {} does not match actual shape of {2} for output output[m
[0;93m2026-05-04 10:06:27.227438 [W:onnxruntime:, execution_frame.cc:870 VerifyOutputSizes] Expected shape from model of {} does not match actual shape of {2} for output output[m
[0;93m2026-05-04 10:06:27.267063 [W:onnxruntime:, execution_frame.cc:870 VerifyOutputSizes] Expected shape from model of {} does not match actual shape of {2} for output output[m
[0;93m2026-05-04 10:06:27.303887 [W:onnxruntime:, execution_frame.cc:870 VerifyOutputSizes] Expected shape from model of {} does not match actual shape of {2} for output output[m
[0;93m2026-05-04 10:06:27.340621 [W:onnxruntime:, execution_frame.cc:870 VerifyOutputSizes] Expected shape from model of {} does not match actual shape of {2} for output output[m
[0;93m2026-05-04 10:06:27.363095 [W:onnxruntime:, execution_frame.cc:870 VerifyOutputSizes] Expected shape from model of {} does not match actual shape of {2} for output output[m
[0;93m2026-05-04 10:06:27.387302 [W:onnxruntime:, execution_frame.cc:870 VerifyOutputSizes] Expected shape from model of {} does not match actual shape of {2} for output output[m
[0;93m2026-05-04 10:06:27.428342 [W:onnxruntime:, execution_frame.cc:870 VerifyOutputSizes] Expected shape from model of {} does not match actual shape of {2} for output output[m
[0;93m2026-05-04 10:06:27.468850 [W:onnxruntime:, execution_frame.cc:870 VerifyOutputSizes] Expected shape from model of {} does not match actual shape of {2} for output output[m
[0;93m2026-05-04 10:06:27.508271 [W:onnxruntime:, execution_frame.cc:870 VerifyOutputSizes] Expected shape from model of {} does not match actual shape of {2} for output output[m
[0;93m2026-05-04 10:06:27.533269 [W:onnxruntime:, execution_frame.cc:870 VerifyOutputSizes] Expected shape from model of {} does not match actual shape of {2} for output output[m
[0;93m2026-05-04 10:06:27.573428 [W:onnxruntime:, execution_frame.cc:870 VerifyOutputSizes] Expected shape from model of {} does not match actual shape of {2} for output output[m
[0;93m2026-05-04 10:06:27.613741 [W:onnxruntime:, execution_frame.cc:870 VerifyOutputSizes] Expected shape from model of {} does not match actual shape of {2} for output output[m
[0;93m2026-05-04 10:06:27.650327 [W:onnxruntime:, execution_frame.cc:870 VerifyOutputSizes] Expected shape from model of {} does not match actual shape of {2} for output output[m
[0;93m2026-05-04 10:06:27.674499 [W:onnxruntime:, execution_frame.cc:870 VerifyOutputSizes] Expected shape from model of {} does not match actual shape of {2} for output output[m
[0;93m2026-05-04 10:06:27.716079 [W:onnxruntime:, execution_frame.cc:870 VerifyOutputSizes] Expected shape from model of {} does not match actual shape of {2} for output output[m
[0;93m2026-05-04 10:06:27.742141 [W:onnxruntime:, execution_frame.cc:870 VerifyOutputSizes] Expected shape from model of {} does not match actual shape of {2} for output output[m
[0;93m2026-05-04 10:06:27.781297 [W:onnxruntime:, execution_frame.cc:870 VerifyOutputSizes] Expected shape from model of {} does not match actual shape of {2} for output output[m
[0;93m2026-05-04 10:06:27.821169 [W:onnxruntime:, execution_frame.cc:870 VerifyOutputSizes] Expected shape from model of {} does not match actual shape of {2} for output output[m
[0;93m2026-05-04 10:06:27.861033 [W:onnxruntime:, execution_frame.cc:870 VerifyOutputSizes] Expected shape from model of {} does not match actual shape of {2} for output output[m
  800/800
Wrote experiments/r7_p2_mix_r05/scores.json + result.md
