[0;93m2026-05-03 01:01:13.663459 [W:onnxruntime:, graph.cc:109 MergeShapeInfo] Error merging shape info for output. 'output' source:{} target:{-1}. Falling back to lenient merge.[m
Scoring 800 cases...
[0;93m2026-05-03 01:01:14.723628 [W:onnxruntime:, execution_frame.cc:870 VerifyOutputSizes] Expected shape from model of {} does not match actual shape of {2} for output output[m
[0;93m2026-05-03 01:01:14.747373 [W:onnxruntime:, execution_frame.cc:870 VerifyOutputSizes] Expected shape from model of {} does not match actual shape of {2} for output output[m
[0;93m2026-05-03 01:01:14.777708 [W:onnxruntime:, execution_frame.cc:870 VerifyOutputSizes] Expected shape from model of {} does not match actual shape of {2} for output output[m
[0;93m2026-05-03 01:01:14.801014 [W:onnxruntime:, execution_frame.cc:870 VerifyOutputSizes] Expected shape from model of {} does not match actual shape of {2} for output output[m
[0;93m2026-05-03 01:01:14.823895 [W:onnxruntime:, execution_frame.cc:870 VerifyOutputSizes] Expected shape from model of {} does not match actual shape of {2} for output output[m
[0;93m2026-05-03 01:01:14.846738 [W:onnxruntime:, execution_frame.cc:870 VerifyOutputSizes] Expected shape from model of {} does not match actual shape of {2} for output output[m
[0;93m2026-05-03 01:01:14.869083 [W:onnxruntime:, execution_frame.cc:870 VerifyOutputSizes] Expected shape from model of {} does not match actual shape of {2} for output output[m
[0;93m2026-05-03 01:01:14.891992 [W:onnxruntime:, execution_frame.cc:870 VerifyOutputSizes] Expected shape from model of {} does not match actual shape of {2} for output output[m
[0;93m2026-05-03 01:01:14.915892 [W:onnxruntime:, execution_frame.cc:870 VerifyOutputSizes] Expected shape from model of {} does not match actual shape of {2} for output output[m
[0;93m2026-05-03 01:01:14.937904 [W:onnxruntime:, execution_frame.cc:870 VerifyOutputSizes] Expected shape from model of {} does not match actual shape of {2} for output output[m
[0;93m2026-05-03 01:01:14.992288 [W:onnxruntime:, execution_frame.cc:870 VerifyOutputSizes] Expected shape from model of {} does not match actual shape of {2} for output output[m
[0;93m2026-05-03 01:01:15.035931 [W:onnxruntime:, execution_frame.cc:870 VerifyOutputSizes] Expected shape from model of {} does not match actual shape of {2} for output output[m
[0;93m2026-05-03 01:01:15.082365 [W:onnxruntime:, execution_frame.cc:870 VerifyOutputSizes] Expected shape from model of {} does not match actual shape of {2} for output output[m
[0;93m2026-05-03 01:01:15.106554 [W:onnxruntime:, execution_frame.cc:870 VerifyOutputSizes] Expected shape from model of {} does not match actual shape of {2} for output output[m
[0;93m2026-05-03 01:01:15.128290 [W:onnxruntime:, execution_frame.cc:870 VerifyOutputSizes] Expected shape from model of {} does not match actual shape of {2} for output output[m
[0;93m2026-05-03 01:01:15.150479 [W:onnxruntime:, execution_frame.cc:870 VerifyOutputSizes] Expected shape from model of {} does not match actual shape of {2} for output output[m
[0;93m2026-05-03 01:01:15.189422 [W:onnxruntime:, execution_frame.cc:870 VerifyOutputSizes] Expected shape from model of {} does not match actual shape of {2} for output output[m
[0;93m2026-05-03 01:01:15.212748 [W:onnxruntime:, execution_frame.cc:870 VerifyOutputSizes] Expected shape from model of {} does not match actual shape of {2} for output output[m
[0;93m2026-05-03 01:01:15.248935 [W:onnxruntime:, execution_frame.cc:870 VerifyOutputSizes] Expected shape from model of {} does not match actual shape of {2} for output output[m
[0;93m2026-05-03 01:01:15.270762 [W:onnxruntime:, execution_frame.cc:870 VerifyOutputSizes] Expected shape from model of {} does not match actual shape of {2} for output output[m
[0;93m2026-05-03 01:01:15.291950 [W:onnxruntime:, execution_frame.cc:870 VerifyOutputSizes] Expected shape from model of {} does not match actual shape of {2} for output output[m
[0;93m2026-05-03 01:01:15.313636 [W:onnxruntime:, execution_frame.cc:870 VerifyOutputSizes] Expected shape from model of {} does not match actual shape of {2} for output output[m
[0;93m2026-05-03 01:01:15.336262 [W:onnxruntime:, execution_frame.cc:870 VerifyOutputSizes] Expected shape from model of {} does not match actual shape of {2} for output output[m
[0;93m2026-05-03 01:01:15.375722 [W:onnxruntime:, execution_frame.cc:870 VerifyOutputSizes] Expected shape from model of {} does not match actual shape of {2} for output output[m
[0;93m2026-05-03 01:01:15.397678 [W:onnxruntime:, execution_frame.cc:870 VerifyOutputSizes] Expected shape from model of {} does not match actual shape of {2} for output output[m
[0;93m2026-05-03 01:01:15.432381 [W:onnxruntime:, execution_frame.cc:870 VerifyOutputSizes] Expected shape from model of {} does not match actual shape of {2} for output output[m
[0;93m2026-05-03 01:01:15.470466 [W:onnxruntime:, execution_frame.cc:870 VerifyOutputSizes] Expected shape from model of {} does not match actual shape of {2} for output output[m
[0;93m2026-05-03 01:01:15.514178 [W:onnxruntime:, execution_frame.cc:870 VerifyOutputSizes] Expected shape from model of {} does not match actual shape of {2} for output output[m
[0;93m2026-05-03 01:01:15.550102 [W:onnxruntime:, execution_frame.cc:870 VerifyOutputSizes] Expected shape from model of {} does not match actual shape of {2} for output output[m
[0;93m2026-05-03 01:01:15.571653 [W:onnxruntime:, execution_frame.cc:870 VerifyOutputSizes] Expected shape from model of {} does not match actual shape of {2} for output output[m
[0;93m2026-05-03 01:01:15.593328 [W:onnxruntime:, execution_frame.cc:870 VerifyOutputSizes] Expected shape from model of {} does not match actual shape of {2} for output output[m
[0;93m2026-05-03 01:01:15.628312 [W:onnxruntime:, execution_frame.cc:870 VerifyOutputSizes] Expected shape from model of {} does not match actual shape of {2} for output output[m
[0;93m2026-05-03 01:01:15.651454 [W:onnxruntime:, execution_frame.cc:870 VerifyOutputSizes] Expected shape from model of {} does not match actual shape of {2} for output output[m
[0;93m2026-05-03 01:01:15.688317 [W:onnxruntime:, execution_frame.cc:870 VerifyOutputSizes] Expected shape from model of {} does not match actual shape of {2} for output output[m
[0;93m2026-05-03 01:01:15.711156 [W:onnxruntime:, execution_frame.cc:870 VerifyOutputSizes] Expected shape from model of {} does not match actual shape of {2} for output output[m
[0;93m2026-05-03 01:01:15.759034 [W:onnxruntime:, execution_frame.cc:870 VerifyOutputSizes] Expected shape from model of {} does not match actual shape of {2} for output output[m
[0;93m2026-05-03 01:01:15.781350 [W:onnxruntime:, execution_frame.cc:870 VerifyOutputSizes] Expected shape from model of {} does not match actual shape of {2} for output output[m
[0;93m2026-05-03 01:01:15.820112 [W:onnxruntime:, execution_frame.cc:870 VerifyOutputSizes] Expected shape from model of {} does not match actual shape of {2} for output output[m
[0;93m2026-05-03 01:01:15.843776 [W:onnxruntime:, execution_frame.cc:870 VerifyOutputSizes] Expected shape from model of {} does not match actual shape of {2} for output output[m
[0;93m2026-05-03 01:01:15.867477 [W:onnxruntime:, execution_frame.cc:870 VerifyOutputSizes] Expected shape from model of {} does not match actual shape of {2} for output output[m
[0;93m2026-05-03 01:01:15.894949 [W:onnxruntime:, execution_frame.cc:870 VerifyOutputSizes] Expected shape from model of {} does not match actual shape of {2} for output output[m
[0;93m2026-05-03 01:01:15.937946 [W:onnxruntime:, execution_frame.cc:870 VerifyOutputSizes] Expected shape from model of {} does not match actual shape of {2} for output output[m
[0;93m2026-05-03 01:01:15.979029 [W:onnxruntime:, execution_frame.cc:870 VerifyOutputSizes] Expected shape from model of {} does not match actual shape of {2} for output output[m
[0;93m2026-05-03 01:01:16.022421 [W:onnxruntime:, execution_frame.cc:870 VerifyOutputSizes] Expected shape from model of {} does not match actual shape of {2} for output output[m
[0;93m2026-05-03 01:01:16.048181 [W:onnxruntime:, execution_frame.cc:870 VerifyOutputSizes] Expected shape from model of {} does not match actual shape of {2} for output output[m
[0;93m2026-05-03 01:01:16.086813 [W:onnxruntime:, execution_frame.cc:870 VerifyOutputSizes] Expected shape from model of {} does not match actual shape of {2} for output output[m
[0;93m2026-05-03 01:01:16.111533 [W:onnxruntime:, execution_frame.cc:870 VerifyOutputSizes] Expected shape from model of {} does not match actual shape of {2} for output output[m
[0;93m2026-05-03 01:01:16.147801 [W:onnxruntime:, execution_frame.cc:870 VerifyOutputSizes] Expected shape from model of {} does not match actual shape of {2} for output output[m
[0;93m2026-05-03 01:01:16.172886 [W:onnxruntime:, execution_frame.cc:870 VerifyOutputSizes] Expected shape from model of {} does not match actual shape of {2} for output output[m
[0;93m2026-05-03 01:01:16.211957 [W:onnxruntime:, execution_frame.cc:870 VerifyOutputSizes] Expected shape from model of {} does not match actual shape of {2} for output output[m
  50/800
[0;93m2026-05-03 01:01:16.238252 [W:onnxruntime:, execution_frame.cc:870 VerifyOutputSizes] Expected shape from model of {} does not match actual shape of {2} for output output[m
[0;93m2026-05-03 01:01:16.263612 [W:onnxruntime:, execution_frame.cc:870 VerifyOutputSizes] Expected shape from model of {} does not match actual shape of {2} for output output[m
[0;93m2026-05-03 01:01:16.288063 [W:onnxruntime:, execution_frame.cc:870 VerifyOutputSizes] Expected shape from model of {} does not match actual shape of {2} for output output[m
[0;93m2026-05-03 01:01:16.341738 [W:onnxruntime:, execution_frame.cc:870 VerifyOutputSizes] Expected shape from model of {} does not match actual shape of {2} for output output[m
[0;93m2026-05-03 01:01:16.383697 [W:onnxruntime:, execution_frame.cc:870 VerifyOutputSizes] Expected shape from model of {} does not match actual shape of {2} for output output[m
[0;93m2026-05-03 01:01:16.404838 [W:onnxruntime:, execution_frame.cc:870 VerifyOutputSizes] Expected shape from model of {} does not match actual shape of {2} for output output[m
[0;93m2026-05-03 01:01:16.426545 [W:onnxruntime:, execution_frame.cc:870 VerifyOutputSizes] Expected shape from model of {} does not match actual shape of {2} for output output[m
[0;93m2026-05-03 01:01:16.450478 [W:onnxruntime:, execution_frame.cc:870 VerifyOutputSizes] Expected shape from model of {} does not match actual shape of {2} for output output[m
[0;93m2026-05-03 01:01:16.472470 [W:onnxruntime:, execution_frame.cc:870 VerifyOutputSizes] Expected shape from model of {} does not match actual shape of {2} for output output[m
[0;93m2026-05-03 01:01:16.512197 [W:onnxruntime:, execution_frame.cc:870 VerifyOutputSizes] Expected shape from model of {} does not match actual shape of {2} for output output[m
[0;93m2026-05-03 01:01:16.536093 [W:onnxruntime:, execution_frame.cc:870 VerifyOutputSizes] Expected shape from model of {} does not match actual shape of {2} for output output[m
[0;93m2026-05-03 01:01:16.587271 [W:onnxruntime:, execution_frame.cc:870 VerifyOutputSizes] Expected shape from model of {} does not match actual shape of {2} for output output[m
[0;93m2026-05-03 01:01:16.627284 [W:onnxruntime:, execution_frame.cc:870 VerifyOutputSizes] Expected shape from model of {} does not match actual shape of {2} for output output[m
[0;93m2026-05-03 01:01:16.649938 [W:onnxruntime:, execution_frame.cc:870 VerifyOutputSizes] Expected shape from model of {} does not match actual shape of {2} for output output[m
[0;93m2026-05-03 01:01:16.689377 [W:onnxruntime:, execution_frame.cc:870 VerifyOutputSizes] Expected shape from model of {} does not match actual shape of {2} for output output[m
[0;93m2026-05-03 01:01:16.731040 [W:onnxruntime:, execution_frame.cc:870 VerifyOutputSizes] Expected shape from model of {} does not match actual shape of {2} for output output[m
[0;93m2026-05-03 01:01:16.772635 [W:onnxruntime:, execution_frame.cc:870 VerifyOutputSizes] Expected shape from model of {} does not match actual shape of {2} for output output[m
[0;93m2026-05-03 01:01:16.813209 [W:onnxruntime:, execution_frame.cc:870 VerifyOutputSizes] Expected shape from model of {} does not match actual shape of {2} for output output[m
[0;93m2026-05-03 01:01:16.856977 [W:onnxruntime:, execution_frame.cc:870 VerifyOutputSizes] Expected shape from model of {} does not match actual shape of {2} for output output[m
[0;93m2026-05-03 01:01:16.908368 [W:onnxruntime:, execution_frame.cc:870 VerifyOutputSizes] Expected shape from model of {} does not match actual shape of {2} for output output[m
[0;93m2026-05-03 01:01:16.949371 [W:onnxruntime:, execution_frame.cc:870 VerifyOutputSizes] Expected shape from model of {} does not match actual shape of {2} for output output[m
[0;93m2026-05-03 01:01:16.974854 [W:onnxruntime:, execution_frame.cc:870 VerifyOutputSizes] Expected shape from model of {} does not match actual shape of {2} for output output[m
[0;93m2026-05-03 01:01:17.014831 [W:onnxruntime:, execution_frame.cc:870 VerifyOutputSizes] Expected shape from model of {} does not match actual shape of {2} for output output[m
[0;93m2026-05-03 01:01:17.055044 [W:onnxruntime:, execution_frame.cc:870 VerifyOutputSizes] Expected shape from model of {} does not match actual shape of {2} for output output[m
[0;93m2026-05-03 01:01:17.102210 [W:onnxruntime:, execution_frame.cc:870 VerifyOutputSizes] Expected shape from model of {} does not match actual shape of {2} for output output[m
[0;93m2026-05-03 01:01:17.144696 [W:onnxruntime:, execution_frame.cc:870 VerifyOutputSizes] Expected shape from model of {} does not match actual shape of {2} for output output[m
[0;93m2026-05-03 01:01:17.183008 [W:onnxruntime:, execution_frame.cc:870 VerifyOutputSizes] Expected shape from model of {} does not match actual shape of {2} for output output[m
[0;93m2026-05-03 01:01:17.222728 [W:onnxruntime:, execution_frame.cc:870 VerifyOutputSizes] Expected shape from model of {} does not match actual shape of {2} for output output[m
[0;93m2026-05-03 01:01:17.262479 [W:onnxruntime:, execution_frame.cc:870 VerifyOutputSizes] Expected shape from model of {} does not match actual shape of {2} for output output[m
[0;93m2026-05-03 01:01:17.286459 [W:onnxruntime:, execution_frame.cc:870 VerifyOutputSizes] Expected shape from model of {} does not match actual shape of {2} for output output[m
[0;93m2026-05-03 01:01:17.310515 [W:onnxruntime:, execution_frame.cc:870 VerifyOutputSizes] Expected shape from model of {} does not match actual shape of {2} for output output[m
[0;93m2026-05-03 01:01:17.349364 [W:onnxruntime:, execution_frame.cc:870 VerifyOutputSizes] Expected shape from model of {} does not match actual shape of {2} for output output[m
[0;93m2026-05-03 01:01:17.385680 [W:onnxruntime:, execution_frame.cc:870 VerifyOutputSizes] Expected shape from model of {} does not match actual shape of {2} for output output[m
[0;93m2026-05-03 01:01:17.408191 [W:onnxruntime:, execution_frame.cc:870 VerifyOutputSizes] Expected shape from model of {} does not match actual shape of {2} for output output[m
[0;93m2026-05-03 01:01:17.444478 [W:onnxruntime:, execution_frame.cc:870 VerifyOutputSizes] Expected shape from model of {} does not match actual shape of {2} for output output[m
[0;93m2026-05-03 01:01:17.467241 [W:onnxruntime:, execution_frame.cc:870 VerifyOutputSizes] Expected shape from model of {} does not match actual shape of {2} for output output[m
[0;93m2026-05-03 01:01:17.506416 [W:onnxruntime:, execution_frame.cc:870 VerifyOutputSizes] Expected shape from model of {} does not match actual shape of {2} for output output[m
[0;93m2026-05-03 01:01:17.543881 [W:onnxruntime:, execution_frame.cc:870 VerifyOutputSizes] Expected shape from model of {} does not match actual shape of {2} for output output[m
[0;93m2026-05-03 01:01:17.581274 [W:onnxruntime:, execution_frame.cc:870 VerifyOutputSizes] Expected shape from model of {} does not match actual shape of {2} for output output[m
[0;93m2026-05-03 01:01:17.606792 [W:onnxruntime:, execution_frame.cc:870 VerifyOutputSizes] Expected shape from model of {} does not match actual shape of {2} for output output[m
[0;93m2026-05-03 01:01:17.645275 [W:onnxruntime:, execution_frame.cc:870 VerifyOutputSizes] Expected shape from model of {} does not match actual shape of {2} for output output[m
[0;93m2026-05-03 01:01:17.683301 [W:onnxruntime:, execution_frame.cc:870 VerifyOutputSizes] Expected shape from model of {} does not match actual shape of {2} for output output[m
[0;93m2026-05-03 01:01:17.705155 [W:onnxruntime:, execution_frame.cc:870 VerifyOutputSizes] Expected shape from model of {} does not match actual shape of {2} for output output[m
[0;93m2026-05-03 01:01:17.742734 [W:onnxruntime:, execution_frame.cc:870 VerifyOutputSizes] Expected shape from model of {} does not match actual shape of {2} for output output[m
[0;93m2026-05-03 01:01:17.781279 [W:onnxruntime:, execution_frame.cc:870 VerifyOutputSizes] Expected shape from model of {} does not match actual shape of {2} for output output[m
[0;93m2026-05-03 01:01:17.818464 [W:onnxruntime:, execution_frame.cc:870 VerifyOutputSizes] Expected shape from model of {} does not match actual shape of {2} for output output[m
[0;93m2026-05-03 01:01:17.841041 [W:onnxruntime:, execution_frame.cc:870 VerifyOutputSizes] Expected shape from model of {} does not match actual shape of {2} for output output[m
[0;93m2026-05-03 01:01:17.883205 [W:onnxruntime:, execution_frame.cc:870 VerifyOutputSizes] Expected shape from model of {} does not match actual shape of {2} for output output[m
[0;93m2026-05-03 01:01:17.925109 [W:onnxruntime:, execution_frame.cc:870 VerifyOutputSizes] Expected shape from model of {} does not match actual shape of {2} for output output[m
[0;93m2026-05-03 01:01:17.950734 [W:onnxruntime:, execution_frame.cc:870 VerifyOutputSizes] Expected shape from model of {} does not match actual shape of {2} for output output[m
  100/800
[0;93m2026-05-03 01:01:17.987741 [W:onnxruntime:, execution_frame.cc:870 VerifyOutputSizes] Expected shape from model of {} does not match actual shape of {2} for output output[m
[0;93m2026-05-03 01:01:18.011547 [W:onnxruntime:, execution_frame.cc:870 VerifyOutputSizes] Expected shape from model of {} does not match actual shape of {2} for output output[m
[0;93m2026-05-03 01:01:18.052337 [W:onnxruntime:, execution_frame.cc:870 VerifyOutputSizes] Expected shape from model of {} does not match actual shape of {2} for output output[m
[0;93m2026-05-03 01:01:18.076697 [W:onnxruntime:, execution_frame.cc:870 VerifyOutputSizes] Expected shape from model of {} does not match actual shape of {2} for output output[m
[0;93m2026-05-03 01:01:18.114847 [W:onnxruntime:, execution_frame.cc:870 VerifyOutputSizes] Expected shape from model of {} does not match actual shape of {2} for output output[m
[0;93m2026-05-03 01:01:18.149916 [W:onnxruntime:, execution_frame.cc:870 VerifyOutputSizes] Expected shape from model of {} does not match actual shape of {2} for output output[m
[0;93m2026-05-03 01:01:18.185997 [W:onnxruntime:, execution_frame.cc:870 VerifyOutputSizes] Expected shape from model of {} does not match actual shape of {2} for output output[m
[0;93m2026-05-03 01:01:18.228310 [W:onnxruntime:, execution_frame.cc:870 VerifyOutputSizes] Expected shape from model of {} does not match actual shape of {2} for output output[m
[0;93m2026-05-03 01:01:18.270404 [W:onnxruntime:, execution_frame.cc:870 VerifyOutputSizes] Expected shape from model of {} does not match actual shape of {2} for output output[m
[0;93m2026-05-03 01:01:18.311953 [W:onnxruntime:, execution_frame.cc:870 VerifyOutputSizes] Expected shape from model of {} does not match actual shape of {2} for output output[m
[0;93m2026-05-03 01:01:18.362123 [W:onnxruntime:, execution_frame.cc:870 VerifyOutputSizes] Expected shape from model of {} does not match actual shape of {2} for output output[m
[0;93m2026-05-03 01:01:18.403176 [W:onnxruntime:, execution_frame.cc:870 VerifyOutputSizes] Expected shape from model of {} does not match actual shape of {2} for output output[m
[0;93m2026-05-03 01:01:18.431250 [W:onnxruntime:, execution_frame.cc:870 VerifyOutputSizes] Expected shape from model of {} does not match actual shape of {2} for output output[m
[0;93m2026-05-03 01:01:18.455486 [W:onnxruntime:, execution_frame.cc:870 VerifyOutputSizes] Expected shape from model of {} does not match actual shape of {2} for output output[m
[0;93m2026-05-03 01:01:18.495182 [W:onnxruntime:, execution_frame.cc:870 VerifyOutputSizes] Expected shape from model of {} does not match actual shape of {2} for output output[m
[0;93m2026-05-03 01:01:18.520631 [W:onnxruntime:, execution_frame.cc:870 VerifyOutputSizes] Expected shape from model of {} does not match actual shape of {2} for output output[m
[0;93m2026-05-03 01:01:18.562918 [W:onnxruntime:, execution_frame.cc:870 VerifyOutputSizes] Expected shape from model of {} does not match actual shape of {2} for output output[m
[0;93m2026-05-03 01:01:18.602733 [W:onnxruntime:, execution_frame.cc:870 VerifyOutputSizes] Expected shape from model of {} does not match actual shape of {2} for output output[m
[0;93m2026-05-03 01:01:18.641410 [W:onnxruntime:, execution_frame.cc:870 VerifyOutputSizes] Expected shape from model of {} does not match actual shape of {2} for output output[m
[0;93m2026-05-03 01:01:18.664906 [W:onnxruntime:, execution_frame.cc:870 VerifyOutputSizes] Expected shape from model of {} does not match actual shape of {2} for output output[m
[0;93m2026-05-03 01:01:18.687190 [W:onnxruntime:, execution_frame.cc:870 VerifyOutputSizes] Expected shape from model of {} does not match actual shape of {2} for output output[m
[0;93m2026-05-03 01:01:18.728134 [W:onnxruntime:, execution_frame.cc:870 VerifyOutputSizes] Expected shape from model of {} does not match actual shape of {2} for output output[m
[0;93m2026-05-03 01:01:18.769205 [W:onnxruntime:, execution_frame.cc:870 VerifyOutputSizes] Expected shape from model of {} does not match actual shape of {2} for output output[m
[0;93m2026-05-03 01:01:18.809982 [W:onnxruntime:, execution_frame.cc:870 VerifyOutputSizes] Expected shape from model of {} does not match actual shape of {2} for output output[m
[0;93m2026-05-03 01:01:18.851390 [W:onnxruntime:, execution_frame.cc:870 VerifyOutputSizes] Expected shape from model of {} does not match actual shape of {2} for output output[m
[0;93m2026-05-03 01:01:18.891474 [W:onnxruntime:, execution_frame.cc:870 VerifyOutputSizes] Expected shape from model of {} does not match actual shape of {2} for output output[m
[0;93m2026-05-03 01:01:18.933532 [W:onnxruntime:, execution_frame.cc:870 VerifyOutputSizes] Expected shape from model of {} does not match actual shape of {2} for output output[m
[0;93m2026-05-03 01:01:18.973996 [W:onnxruntime:, execution_frame.cc:870 VerifyOutputSizes] Expected shape from model of {} does not match actual shape of {2} for output output[m
[0;93m2026-05-03 01:01:19.017365 [W:onnxruntime:, execution_frame.cc:870 VerifyOutputSizes] Expected shape from model of {} does not match actual shape of {2} for output output[m
[0;93m2026-05-03 01:01:19.058996 [W:onnxruntime:, execution_frame.cc:870 VerifyOutputSizes] Expected shape from model of {} does not match actual shape of {2} for output output[m
[0;93m2026-05-03 01:01:19.083536 [W:onnxruntime:, execution_frame.cc:870 VerifyOutputSizes] Expected shape from model of {} does not match actual shape of {2} for output output[m
[0;93m2026-05-03 01:01:19.130027 [W:onnxruntime:, execution_frame.cc:870 VerifyOutputSizes] Expected shape from model of {} does not match actual shape of {2} for output output[m
[0;93m2026-05-03 01:01:19.170290 [W:onnxruntime:, execution_frame.cc:870 VerifyOutputSizes] Expected shape from model of {} does not match actual shape of {2} for output output[m
[0;93m2026-05-03 01:01:19.209635 [W:onnxruntime:, execution_frame.cc:870 VerifyOutputSizes] Expected shape from model of {} does not match actual shape of {2} for output output[m
[0;93m2026-05-03 01:01:19.236072 [W:onnxruntime:, execution_frame.cc:870 VerifyOutputSizes] Expected shape from model of {} does not match actual shape of {2} for output output[m
[0;93m2026-05-03 01:01:19.277379 [W:onnxruntime:, execution_frame.cc:870 VerifyOutputSizes] Expected shape from model of {} does not match actual shape of {2} for output output[m
[0;93m2026-05-03 01:01:19.320062 [W:onnxruntime:, execution_frame.cc:870 VerifyOutputSizes] Expected shape from model of {} does not match actual shape of {2} for output output[m
[0;93m2026-05-03 01:01:19.359834 [W:onnxruntime:, execution_frame.cc:870 VerifyOutputSizes] Expected shape from model of {} does not match actual shape of {2} for output output[m
[0;93m2026-05-03 01:01:19.383586 [W:onnxruntime:, execution_frame.cc:870 VerifyOutputSizes] Expected shape from model of {} does not match actual shape of {2} for output output[m
[0;93m2026-05-03 01:01:19.425200 [W:onnxruntime:, execution_frame.cc:870 VerifyOutputSizes] Expected shape from model of {} does not match actual shape of {2} for output output[m
[0;93m2026-05-03 01:01:19.465108 [W:onnxruntime:, execution_frame.cc:870 VerifyOutputSizes] Expected shape from model of {} does not match actual shape of {2} for output output[m
[0;93m2026-05-03 01:01:19.501463 [W:onnxruntime:, execution_frame.cc:870 VerifyOutputSizes] Expected shape from model of {} does not match actual shape of {2} for output output[m
[0;93m2026-05-03 01:01:19.539904 [W:onnxruntime:, execution_frame.cc:870 VerifyOutputSizes] Expected shape from model of {} does not match actual shape of {2} for output output[m
[0;93m2026-05-03 01:01:19.577230 [W:onnxruntime:, execution_frame.cc:870 VerifyOutputSizes] Expected shape from model of {} does not match actual shape of {2} for output output[m
[0;93m2026-05-03 01:01:19.599747 [W:onnxruntime:, execution_frame.cc:870 VerifyOutputSizes] Expected shape from model of {} does not match actual shape of {2} for output output[m
[0;93m2026-05-03 01:01:19.635930 [W:onnxruntime:, execution_frame.cc:870 VerifyOutputSizes] Expected shape from model of {} does not match actual shape of {2} for output output[m
[0;93m2026-05-03 01:01:19.671492 [W:onnxruntime:, execution_frame.cc:870 VerifyOutputSizes] Expected shape from model of {} does not match actual shape of {2} for output output[m
[0;93m2026-05-03 01:01:19.693290 [W:onnxruntime:, execution_frame.cc:870 VerifyOutputSizes] Expected shape from model of {} does not match actual shape of {2} for output output[m
[0;93m2026-05-03 01:01:19.731617 [W:onnxruntime:, execution_frame.cc:870 VerifyOutputSizes] Expected shape from model of {} does not match actual shape of {2} for output output[m
[0;93m2026-05-03 01:01:19.775464 [W:onnxruntime:, execution_frame.cc:870 VerifyOutputSizes] Expected shape from model of {} does not match actual shape of {2} for output output[m
  150/800
[0;93m2026-05-03 01:01:19.811578 [W:onnxruntime:, execution_frame.cc:870 VerifyOutputSizes] Expected shape from model of {} does not match actual shape of {2} for output output[m
[0;93m2026-05-03 01:01:19.848206 [W:onnxruntime:, execution_frame.cc:870 VerifyOutputSizes] Expected shape from model of {} does not match actual shape of {2} for output output[m
[0;93m2026-05-03 01:01:19.875357 [W:onnxruntime:, execution_frame.cc:870 VerifyOutputSizes] Expected shape from model of {} does not match actual shape of {2} for output output[m
[0;93m2026-05-03 01:01:19.911103 [W:onnxruntime:, execution_frame.cc:870 VerifyOutputSizes] Expected shape from model of {} does not match actual shape of {2} for output output[m
[0;93m2026-05-03 01:01:19.950584 [W:onnxruntime:, execution_frame.cc:870 VerifyOutputSizes] Expected shape from model of {} does not match actual shape of {2} for output output[m
[0;93m2026-05-03 01:01:19.989495 [W:onnxruntime:, execution_frame.cc:870 VerifyOutputSizes] Expected shape from model of {} does not match actual shape of {2} for output output[m
[0;93m2026-05-03 01:01:20.029257 [W:onnxruntime:, execution_frame.cc:870 VerifyOutputSizes] Expected shape from model of {} does not match actual shape of {2} for output output[m
[0;93m2026-05-03 01:01:20.071959 [W:onnxruntime:, execution_frame.cc:870 VerifyOutputSizes] Expected shape from model of {} does not match actual shape of {2} for output output[m
[0;93m2026-05-03 01:01:20.095226 [W:onnxruntime:, execution_frame.cc:870 VerifyOutputSizes] Expected shape from model of {} does not match actual shape of {2} for output output[m
[0;93m2026-05-03 01:01:20.135467 [W:onnxruntime:, execution_frame.cc:870 VerifyOutputSizes] Expected shape from model of {} does not match actual shape of {2} for output output[m
[0;93m2026-05-03 01:01:20.159401 [W:onnxruntime:, execution_frame.cc:870 VerifyOutputSizes] Expected shape from model of {} does not match actual shape of {2} for output output[m
[0;93m2026-05-03 01:01:20.198894 [W:onnxruntime:, execution_frame.cc:870 VerifyOutputSizes] Expected shape from model of {} does not match actual shape of {2} for output output[m
[0;93m2026-05-03 01:01:20.235535 [W:onnxruntime:, execution_frame.cc:870 VerifyOutputSizes] Expected shape from model of {} does not match actual shape of {2} for output output[m
[0;93m2026-05-03 01:01:20.274471 [W:onnxruntime:, execution_frame.cc:870 VerifyOutputSizes] Expected shape from model of {} does not match actual shape of {2} for output output[m
[0;93m2026-05-03 01:01:20.315974 [W:onnxruntime:, execution_frame.cc:870 VerifyOutputSizes] Expected shape from model of {} does not match actual shape of {2} for output output[m
[0;93m2026-05-03 01:01:20.339713 [W:onnxruntime:, execution_frame.cc:870 VerifyOutputSizes] Expected shape from model of {} does not match actual shape of {2} for output output[m
[0;93m2026-05-03 01:01:20.386522 [W:onnxruntime:, execution_frame.cc:870 VerifyOutputSizes] Expected shape from model of {} does not match actual shape of {2} for output output[m
[0;93m2026-05-03 01:01:20.426402 [W:onnxruntime:, execution_frame.cc:870 VerifyOutputSizes] Expected shape from model of {} does not match actual shape of {2} for output output[m
[0;93m2026-05-03 01:01:20.474468 [W:onnxruntime:, execution_frame.cc:870 VerifyOutputSizes] Expected shape from model of {} does not match actual shape of {2} for output output[m
[0;93m2026-05-03 01:01:20.498363 [W:onnxruntime:, execution_frame.cc:870 VerifyOutputSizes] Expected shape from model of {} does not match actual shape of {2} for output output[m
[0;93m2026-05-03 01:01:20.520147 [W:onnxruntime:, execution_frame.cc:870 VerifyOutputSizes] Expected shape from model of {} does not match actual shape of {2} for output output[m
[0;93m2026-05-03 01:01:20.563061 [W:onnxruntime:, execution_frame.cc:870 VerifyOutputSizes] Expected shape from model of {} does not match actual shape of {2} for output output[m
[0;93m2026-05-03 01:01:20.603675 [W:onnxruntime:, execution_frame.cc:870 VerifyOutputSizes] Expected shape from model of {} does not match actual shape of {2} for output output[m
[0;93m2026-05-03 01:01:20.626367 [W:onnxruntime:, execution_frame.cc:870 VerifyOutputSizes] Expected shape from model of {} does not match actual shape of {2} for output output[m
[0;93m2026-05-03 01:01:20.670429 [W:onnxruntime:, execution_frame.cc:870 VerifyOutputSizes] Expected shape from model of {} does not match actual shape of {2} for output output[m
[0;93m2026-05-03 01:01:20.714178 [W:onnxruntime:, execution_frame.cc:870 VerifyOutputSizes] Expected shape from model of {} does not match actual shape of {2} for output output[m
[0;93m2026-05-03 01:01:20.756167 [W:onnxruntime:, execution_frame.cc:870 VerifyOutputSizes] Expected shape from model of {} does not match actual shape of {2} for output output[m
[0;93m2026-05-03 01:01:20.799814 [W:onnxruntime:, execution_frame.cc:870 VerifyOutputSizes] Expected shape from model of {} does not match actual shape of {2} for output output[m
[0;93m2026-05-03 01:01:20.840917 [W:onnxruntime:, execution_frame.cc:870 VerifyOutputSizes] Expected shape from model of {} does not match actual shape of {2} for output output[m
[0;93m2026-05-03 01:01:20.864333 [W:onnxruntime:, execution_frame.cc:870 VerifyOutputSizes] Expected shape from model of {} does not match actual shape of {2} for output output[m
[0;93m2026-05-03 01:01:20.911890 [W:onnxruntime:, execution_frame.cc:870 VerifyOutputSizes] Expected shape from model of {} does not match actual shape of {2} for output output[m
[0;93m2026-05-03 01:01:20.951999 [W:onnxruntime:, execution_frame.cc:870 VerifyOutputSizes] Expected shape from model of {} does not match actual shape of {2} for output output[m
[0;93m2026-05-03 01:01:20.996234 [W:onnxruntime:, execution_frame.cc:870 VerifyOutputSizes] Expected shape from model of {} does not match actual shape of {2} for output output[m
[0;93m2026-05-03 01:01:21.035661 [W:onnxruntime:, execution_frame.cc:870 VerifyOutputSizes] Expected shape from model of {} does not match actual shape of {2} for output output[m
[0;93m2026-05-03 01:01:21.059271 [W:onnxruntime:, execution_frame.cc:870 VerifyOutputSizes] Expected shape from model of {} does not match actual shape of {2} for output output[m
[0;93m2026-05-03 01:01:21.082472 [W:onnxruntime:, execution_frame.cc:870 VerifyOutputSizes] Expected shape from model of {} does not match actual shape of {2} for output output[m
[0;93m2026-05-03 01:01:21.120801 [W:onnxruntime:, execution_frame.cc:870 VerifyOutputSizes] Expected shape from model of {} does not match actual shape of {2} for output output[m
[0;93m2026-05-03 01:01:21.167853 [W:onnxruntime:, execution_frame.cc:870 VerifyOutputSizes] Expected shape from model of {} does not match actual shape of {2} for output output[m
[0;93m2026-05-03 01:01:21.210654 [W:onnxruntime:, execution_frame.cc:870 VerifyOutputSizes] Expected shape from model of {} does not match actual shape of {2} for output output[m
[0;93m2026-05-03 01:01:21.248195 [W:onnxruntime:, execution_frame.cc:870 VerifyOutputSizes] Expected shape from model of {} does not match actual shape of {2} for output output[m
[0;93m2026-05-03 01:01:21.287811 [W:onnxruntime:, execution_frame.cc:870 VerifyOutputSizes] Expected shape from model of {} does not match actual shape of {2} for output output[m
[0;93m2026-05-03 01:01:21.311750 [W:onnxruntime:, execution_frame.cc:870 VerifyOutputSizes] Expected shape from model of {} does not match actual shape of {2} for output output[m
[0;93m2026-05-03 01:01:21.351315 [W:onnxruntime:, execution_frame.cc:870 VerifyOutputSizes] Expected shape from model of {} does not match actual shape of {2} for output output[m
[0;93m2026-05-03 01:01:21.394075 [W:onnxruntime:, execution_frame.cc:870 VerifyOutputSizes] Expected shape from model of {} does not match actual shape of {2} for output output[m
[0;93m2026-05-03 01:01:21.434435 [W:onnxruntime:, execution_frame.cc:870 VerifyOutputSizes] Expected shape from model of {} does not match actual shape of {2} for output output[m
[0;93m2026-05-03 01:01:21.457022 [W:onnxruntime:, execution_frame.cc:870 VerifyOutputSizes] Expected shape from model of {} does not match actual shape of {2} for output output[m
[0;93m2026-05-03 01:01:21.495165 [W:onnxruntime:, execution_frame.cc:870 VerifyOutputSizes] Expected shape from model of {} does not match actual shape of {2} for output output[m
[0;93m2026-05-03 01:01:21.532069 [W:onnxruntime:, execution_frame.cc:870 VerifyOutputSizes] Expected shape from model of {} does not match actual shape of {2} for output output[m
[0;93m2026-05-03 01:01:21.569633 [W:onnxruntime:, execution_frame.cc:870 VerifyOutputSizes] Expected shape from model of {} does not match actual shape of {2} for output output[m
[0;93m2026-05-03 01:01:21.591719 [W:onnxruntime:, execution_frame.cc:870 VerifyOutputSizes] Expected shape from model of {} does not match actual shape of {2} for output output[m
  200/800
[0;93m2026-05-03 01:01:21.630477 [W:onnxruntime:, execution_frame.cc:870 VerifyOutputSizes] Expected shape from model of {} does not match actual shape of {2} for output output[m
[0;93m2026-05-03 01:01:21.673479 [W:onnxruntime:, execution_frame.cc:870 VerifyOutputSizes] Expected shape from model of {} does not match actual shape of {2} for output output[m
[0;93m2026-05-03 01:01:21.696490 [W:onnxruntime:, execution_frame.cc:870 VerifyOutputSizes] Expected shape from model of {} does not match actual shape of {2} for output output[m
[0;93m2026-05-03 01:01:21.733869 [W:onnxruntime:, execution_frame.cc:870 VerifyOutputSizes] Expected shape from model of {} does not match actual shape of {2} for output output[m
[0;93m2026-05-03 01:01:21.770699 [W:onnxruntime:, execution_frame.cc:870 VerifyOutputSizes] Expected shape from model of {} does not match actual shape of {2} for output output[m
[0;93m2026-05-03 01:01:21.809330 [W:onnxruntime:, execution_frame.cc:870 VerifyOutputSizes] Expected shape from model of {} does not match actual shape of {2} for output output[m
[0;93m2026-05-03 01:01:21.846473 [W:onnxruntime:, execution_frame.cc:870 VerifyOutputSizes] Expected shape from model of {} does not match actual shape of {2} for output output[m
[0;93m2026-05-03 01:01:21.891419 [W:onnxruntime:, execution_frame.cc:870 VerifyOutputSizes] Expected shape from model of {} does not match actual shape of {2} for output output[m
[0;93m2026-05-03 01:01:21.928244 [W:onnxruntime:, execution_frame.cc:870 VerifyOutputSizes] Expected shape from model of {} does not match actual shape of {2} for output output[m
[0;93m2026-05-03 01:01:21.951049 [W:onnxruntime:, execution_frame.cc:870 VerifyOutputSizes] Expected shape from model of {} does not match actual shape of {2} for output output[m
[0;93m2026-05-03 01:01:21.974081 [W:onnxruntime:, execution_frame.cc:870 VerifyOutputSizes] Expected shape from model of {} does not match actual shape of {2} for output output[m
[0;93m2026-05-03 01:01:21.997828 [W:onnxruntime:, execution_frame.cc:870 VerifyOutputSizes] Expected shape from model of {} does not match actual shape of {2} for output output[m
[0;93m2026-05-03 01:01:22.037313 [W:onnxruntime:, execution_frame.cc:870 VerifyOutputSizes] Expected shape from model of {} does not match actual shape of {2} for output output[m
[0;93m2026-05-03 01:01:22.077454 [W:onnxruntime:, execution_frame.cc:870 VerifyOutputSizes] Expected shape from model of {} does not match actual shape of {2} for output output[m
[0;93m2026-05-03 01:01:22.102076 [W:onnxruntime:, execution_frame.cc:870 VerifyOutputSizes] Expected shape from model of {} does not match actual shape of {2} for output output[m
[0;93m2026-05-03 01:01:22.145904 [W:onnxruntime:, execution_frame.cc:870 VerifyOutputSizes] Expected shape from model of {} does not match actual shape of {2} for output output[m
[0;93m2026-05-03 01:01:22.188011 [W:onnxruntime:, execution_frame.cc:870 VerifyOutputSizes] Expected shape from model of {} does not match actual shape of {2} for output output[m
[0;93m2026-05-03 01:01:22.228368 [W:onnxruntime:, execution_frame.cc:870 VerifyOutputSizes] Expected shape from model of {} does not match actual shape of {2} for output output[m
[0;93m2026-05-03 01:01:22.262787 [W:onnxruntime:, execution_frame.cc:870 VerifyOutputSizes] Expected shape from model of {} does not match actual shape of {2} for output output[m
[0;93m2026-05-03 01:01:22.284247 [W:onnxruntime:, execution_frame.cc:870 VerifyOutputSizes] Expected shape from model of {} does not match actual shape of {2} for output output[m
[0;93m2026-05-03 01:01:22.322509 [W:onnxruntime:, execution_frame.cc:870 VerifyOutputSizes] Expected shape from model of {} does not match actual shape of {2} for output output[m
[0;93m2026-05-03 01:01:22.347448 [W:onnxruntime:, execution_frame.cc:870 VerifyOutputSizes] Expected shape from model of {} does not match actual shape of {2} for output output[m
[0;93m2026-05-03 01:01:22.391568 [W:onnxruntime:, execution_frame.cc:870 VerifyOutputSizes] Expected shape from model of {} does not match actual shape of {2} for output output[m
[0;93m2026-05-03 01:01:22.435987 [W:onnxruntime:, execution_frame.cc:870 VerifyOutputSizes] Expected shape from model of {} does not match actual shape of {2} for output output[m
[0;93m2026-05-03 01:01:22.473042 [W:onnxruntime:, execution_frame.cc:870 VerifyOutputSizes] Expected shape from model of {} does not match actual shape of {2} for output output[m
[0;93m2026-05-03 01:01:22.513187 [W:onnxruntime:, execution_frame.cc:870 VerifyOutputSizes] Expected shape from model of {} does not match actual shape of {2} for output output[m
[0;93m2026-05-03 01:01:22.536709 [W:onnxruntime:, execution_frame.cc:870 VerifyOutputSizes] Expected shape from model of {} does not match actual shape of {2} for output output[m
[0;93m2026-05-03 01:01:22.578129 [W:onnxruntime:, execution_frame.cc:870 VerifyOutputSizes] Expected shape from model of {} does not match actual shape of {2} for output output[m
[0;93m2026-05-03 01:01:22.618475 [W:onnxruntime:, execution_frame.cc:870 VerifyOutputSizes] Expected shape from model of {} does not match actual shape of {2} for output output[m
[0;93m2026-05-03 01:01:22.660321 [W:onnxruntime:, execution_frame.cc:870 VerifyOutputSizes] Expected shape from model of {} does not match actual shape of {2} for output output[m
[0;93m2026-05-03 01:01:22.700618 [W:onnxruntime:, execution_frame.cc:870 VerifyOutputSizes] Expected shape from model of {} does not match actual shape of {2} for output output[m
[0;93m2026-05-03 01:01:22.725593 [W:onnxruntime:, execution_frame.cc:870 VerifyOutputSizes] Expected shape from model of {} does not match actual shape of {2} for output output[m
[0;93m2026-05-03 01:01:22.765491 [W:onnxruntime:, execution_frame.cc:870 VerifyOutputSizes] Expected shape from model of {} does not match actual shape of {2} for output output[m
[0;93m2026-05-03 01:01:22.809052 [W:onnxruntime:, execution_frame.cc:870 VerifyOutputSizes] Expected shape from model of {} does not match actual shape of {2} for output output[m
[0;93m2026-05-03 01:01:22.849582 [W:onnxruntime:, execution_frame.cc:870 VerifyOutputSizes] Expected shape from model of {} does not match actual shape of {2} for output output[m
[0;93m2026-05-03 01:01:22.889634 [W:onnxruntime:, execution_frame.cc:870 VerifyOutputSizes] Expected shape from model of {} does not match actual shape of {2} for output output[m
[0;93m2026-05-03 01:01:22.932908 [W:onnxruntime:, execution_frame.cc:870 VerifyOutputSizes] Expected shape from model of {} does not match actual shape of {2} for output output[m
[0;93m2026-05-03 01:01:22.978405 [W:onnxruntime:, execution_frame.cc:870 VerifyOutputSizes] Expected shape from model of {} does not match actual shape of {2} for output output[m
[0;93m2026-05-03 01:01:23.020089 [W:onnxruntime:, execution_frame.cc:870 VerifyOutputSizes] Expected shape from model of {} does not match actual shape of {2} for output output[m
[0;93m2026-05-03 01:01:23.050068 [W:onnxruntime:, execution_frame.cc:870 VerifyOutputSizes] Expected shape from model of {} does not match actual shape of {2} for output output[m
[0;93m2026-05-03 01:01:23.095581 [W:onnxruntime:, execution_frame.cc:870 VerifyOutputSizes] Expected shape from model of {} does not match actual shape of {2} for output output[m
[0;93m2026-05-03 01:01:23.136735 [W:onnxruntime:, execution_frame.cc:870 VerifyOutputSizes] Expected shape from model of {} does not match actual shape of {2} for output output[m
[0;93m2026-05-03 01:01:23.159406 [W:onnxruntime:, execution_frame.cc:870 VerifyOutputSizes] Expected shape from model of {} does not match actual shape of {2} for output output[m
[0;93m2026-05-03 01:01:23.208543 [W:onnxruntime:, execution_frame.cc:870 VerifyOutputSizes] Expected shape from model of {} does not match actual shape of {2} for output output[m
[0;93m2026-05-03 01:01:23.248189 [W:onnxruntime:, execution_frame.cc:870 VerifyOutputSizes] Expected shape from model of {} does not match actual shape of {2} for output output[m
[0;93m2026-05-03 01:01:23.271771 [W:onnxruntime:, execution_frame.cc:870 VerifyOutputSizes] Expected shape from model of {} does not match actual shape of {2} for output output[m
[0;93m2026-05-03 01:01:23.313668 [W:onnxruntime:, execution_frame.cc:870 VerifyOutputSizes] Expected shape from model of {} does not match actual shape of {2} for output output[m
[0;93m2026-05-03 01:01:23.337542 [W:onnxruntime:, execution_frame.cc:870 VerifyOutputSizes] Expected shape from model of {} does not match actual shape of {2} for output output[m
[0;93m2026-05-03 01:01:23.377600 [W:onnxruntime:, execution_frame.cc:870 VerifyOutputSizes] Expected shape from model of {} does not match actual shape of {2} for output output[m
[0;93m2026-05-03 01:01:23.417306 [W:onnxruntime:, execution_frame.cc:870 VerifyOutputSizes] Expected shape from model of {} does not match actual shape of {2} for output output[m
  250/800
[0;93m2026-05-03 01:01:23.453535 [W:onnxruntime:, execution_frame.cc:870 VerifyOutputSizes] Expected shape from model of {} does not match actual shape of {2} for output output[m
[0;93m2026-05-03 01:01:23.476351 [W:onnxruntime:, execution_frame.cc:870 VerifyOutputSizes] Expected shape from model of {} does not match actual shape of {2} for output output[m
[0;93m2026-05-03 01:01:23.498753 [W:onnxruntime:, execution_frame.cc:870 VerifyOutputSizes] Expected shape from model of {} does not match actual shape of {2} for output output[m
[0;93m2026-05-03 01:01:23.537255 [W:onnxruntime:, execution_frame.cc:870 VerifyOutputSizes] Expected shape from model of {} does not match actual shape of {2} for output output[m
[0;93m2026-05-03 01:01:23.574241 [W:onnxruntime:, execution_frame.cc:870 VerifyOutputSizes] Expected shape from model of {} does not match actual shape of {2} for output output[m
[0;93m2026-05-03 01:01:23.596170 [W:onnxruntime:, execution_frame.cc:870 VerifyOutputSizes] Expected shape from model of {} does not match actual shape of {2} for output output[m
[0;93m2026-05-03 01:01:23.635815 [W:onnxruntime:, execution_frame.cc:870 VerifyOutputSizes] Expected shape from model of {} does not match actual shape of {2} for output output[m
[0;93m2026-05-03 01:01:23.675120 [W:onnxruntime:, execution_frame.cc:870 VerifyOutputSizes] Expected shape from model of {} does not match actual shape of {2} for output output[m
[0;93m2026-05-03 01:01:23.711834 [W:onnxruntime:, execution_frame.cc:870 VerifyOutputSizes] Expected shape from model of {} does not match actual shape of {2} for output output[m
[0;93m2026-05-03 01:01:23.748089 [W:onnxruntime:, execution_frame.cc:870 VerifyOutputSizes] Expected shape from model of {} does not match actual shape of {2} for output output[m
[0;93m2026-05-03 01:01:23.772760 [W:onnxruntime:, execution_frame.cc:870 VerifyOutputSizes] Expected shape from model of {} does not match actual shape of {2} for output output[m
[0;93m2026-05-03 01:01:23.794113 [W:onnxruntime:, execution_frame.cc:870 VerifyOutputSizes] Expected shape from model of {} does not match actual shape of {2} for output output[m
[0;93m2026-05-03 01:01:23.833067 [W:onnxruntime:, execution_frame.cc:870 VerifyOutputSizes] Expected shape from model of {} does not match actual shape of {2} for output output[m
[0;93m2026-05-03 01:01:23.872091 [W:onnxruntime:, execution_frame.cc:870 VerifyOutputSizes] Expected shape from model of {} does not match actual shape of {2} for output output[m
[0;93m2026-05-03 01:01:23.909299 [W:onnxruntime:, execution_frame.cc:870 VerifyOutputSizes] Expected shape from model of {} does not match actual shape of {2} for output output[m
[0;93m2026-05-03 01:01:23.932984 [W:onnxruntime:, execution_frame.cc:870 VerifyOutputSizes] Expected shape from model of {} does not match actual shape of {2} for output output[m
[0;93m2026-05-03 01:01:23.971648 [W:onnxruntime:, execution_frame.cc:870 VerifyOutputSizes] Expected shape from model of {} does not match actual shape of {2} for output output[m
[0;93m2026-05-03 01:01:24.014583 [W:onnxruntime:, execution_frame.cc:870 VerifyOutputSizes] Expected shape from model of {} does not match actual shape of {2} for output output[m
[0;93m2026-05-03 01:01:24.052120 [W:onnxruntime:, execution_frame.cc:870 VerifyOutputSizes] Expected shape from model of {} does not match actual shape of {2} for output output[m
[0;93m2026-05-03 01:01:24.076652 [W:onnxruntime:, execution_frame.cc:870 VerifyOutputSizes] Expected shape from model of {} does not match actual shape of {2} for output output[m
[0;93m2026-05-03 01:01:24.116678 [W:onnxruntime:, execution_frame.cc:870 VerifyOutputSizes] Expected shape from model of {} does not match actual shape of {2} for output output[m
[0;93m2026-05-03 01:01:24.153506 [W:onnxruntime:, execution_frame.cc:870 VerifyOutputSizes] Expected shape from model of {} does not match actual shape of {2} for output output[m
[0;93m2026-05-03 01:01:24.177150 [W:onnxruntime:, execution_frame.cc:870 VerifyOutputSizes] Expected shape from model of {} does not match actual shape of {2} for output output[m
[0;93m2026-05-03 01:01:24.220641 [W:onnxruntime:, execution_frame.cc:870 VerifyOutputSizes] Expected shape from model of {} does not match actual shape of {2} for output output[m
[0;93m2026-05-03 01:01:24.271888 [W:onnxruntime:, execution_frame.cc:870 VerifyOutputSizes] Expected shape from model of {} does not match actual shape of {2} for output output[m
[0;93m2026-05-03 01:01:24.311536 [W:onnxruntime:, execution_frame.cc:870 VerifyOutputSizes] Expected shape from model of {} does not match actual shape of {2} for output output[m
[0;93m2026-05-03 01:01:24.351422 [W:onnxruntime:, execution_frame.cc:870 VerifyOutputSizes] Expected shape from model of {} does not match actual shape of {2} for output output[m
[0;93m2026-05-03 01:01:24.374947 [W:onnxruntime:, execution_frame.cc:870 VerifyOutputSizes] Expected shape from model of {} does not match actual shape of {2} for output output[m
[0;93m2026-05-03 01:01:24.398246 [W:onnxruntime:, execution_frame.cc:870 VerifyOutputSizes] Expected shape from model of {} does not match actual shape of {2} for output output[m
[0;93m2026-05-03 01:01:24.439442 [W:onnxruntime:, execution_frame.cc:870 VerifyOutputSizes] Expected shape from model of {} does not match actual shape of {2} for output output[m
[0;93m2026-05-03 01:01:24.462051 [W:onnxruntime:, execution_frame.cc:870 VerifyOutputSizes] Expected shape from model of {} does not match actual shape of {2} for output output[m
[0;93m2026-05-03 01:01:24.484841 [W:onnxruntime:, execution_frame.cc:870 VerifyOutputSizes] Expected shape from model of {} does not match actual shape of {2} for output output[m
[0;93m2026-05-03 01:01:24.528308 [W:onnxruntime:, execution_frame.cc:870 VerifyOutputSizes] Expected shape from model of {} does not match actual shape of {2} for output output[m
[0;93m2026-05-03 01:01:24.574928 [W:onnxruntime:, execution_frame.cc:870 VerifyOutputSizes] Expected shape from model of {} does not match actual shape of {2} for output output[m
[0;93m2026-05-03 01:01:24.598471 [W:onnxruntime:, execution_frame.cc:870 VerifyOutputSizes] Expected shape from model of {} does not match actual shape of {2} for output output[m
[0;93m2026-05-03 01:01:24.641248 [W:onnxruntime:, execution_frame.cc:870 VerifyOutputSizes] Expected shape from model of {} does not match actual shape of {2} for output output[m
[0;93m2026-05-03 01:01:24.680318 [W:onnxruntime:, execution_frame.cc:870 VerifyOutputSizes] Expected shape from model of {} does not match actual shape of {2} for output output[m
[0;93m2026-05-03 01:01:24.704406 [W:onnxruntime:, execution_frame.cc:870 VerifyOutputSizes] Expected shape from model of {} does not match actual shape of {2} for output output[m
[0;93m2026-05-03 01:01:24.742062 [W:onnxruntime:, execution_frame.cc:870 VerifyOutputSizes] Expected shape from model of {} does not match actual shape of {2} for output output[m
[0;93m2026-05-03 01:01:24.783896 [W:onnxruntime:, execution_frame.cc:870 VerifyOutputSizes] Expected shape from model of {} does not match actual shape of {2} for output output[m
[0;93m2026-05-03 01:01:24.823714 [W:onnxruntime:, execution_frame.cc:870 VerifyOutputSizes] Expected shape from model of {} does not match actual shape of {2} for output output[m
[0;93m2026-05-03 01:01:24.866178 [W:onnxruntime:, execution_frame.cc:870 VerifyOutputSizes] Expected shape from model of {} does not match actual shape of {2} for output output[m
[0;93m2026-05-03 01:01:24.911052 [W:onnxruntime:, execution_frame.cc:870 VerifyOutputSizes] Expected shape from model of {} does not match actual shape of {2} for output output[m
[0;93m2026-05-03 01:01:24.956921 [W:onnxruntime:, execution_frame.cc:870 VerifyOutputSizes] Expected shape from model of {} does not match actual shape of {2} for output output[m
[0;93m2026-05-03 01:01:24.998825 [W:onnxruntime:, execution_frame.cc:870 VerifyOutputSizes] Expected shape from model of {} does not match actual shape of {2} for output output[m
[0;93m2026-05-03 01:01:25.022276 [W:onnxruntime:, execution_frame.cc:870 VerifyOutputSizes] Expected shape from model of {} does not match actual shape of {2} for output output[m
[0;93m2026-05-03 01:01:25.061618 [W:onnxruntime:, execution_frame.cc:870 VerifyOutputSizes] Expected shape from model of {} does not match actual shape of {2} for output output[m
[0;93m2026-05-03 01:01:25.102681 [W:onnxruntime:, execution_frame.cc:870 VerifyOutputSizes] Expected shape from model of {} does not match actual shape of {2} for output output[m
[0;93m2026-05-03 01:01:25.143968 [W:onnxruntime:, execution_frame.cc:870 VerifyOutputSizes] Expected shape from model of {} does not match actual shape of {2} for output output[m
[0;93m2026-05-03 01:01:25.186586 [W:onnxruntime:, execution_frame.cc:870 VerifyOutputSizes] Expected shape from model of {} does not match actual shape of {2} for output output[m
  300/800
[0;93m2026-05-03 01:01:25.226302 [W:onnxruntime:, execution_frame.cc:870 VerifyOutputSizes] Expected shape from model of {} does not match actual shape of {2} for output output[m
[0;93m2026-05-03 01:01:25.251448 [W:onnxruntime:, execution_frame.cc:870 VerifyOutputSizes] Expected shape from model of {} does not match actual shape of {2} for output output[m
[0;93m2026-05-03 01:01:25.293178 [W:onnxruntime:, execution_frame.cc:870 VerifyOutputSizes] Expected shape from model of {} does not match actual shape of {2} for output output[m
[0;93m2026-05-03 01:01:25.333105 [W:onnxruntime:, execution_frame.cc:870 VerifyOutputSizes] Expected shape from model of {} does not match actual shape of {2} for output output[m
[0;93m2026-05-03 01:01:25.369123 [W:onnxruntime:, execution_frame.cc:870 VerifyOutputSizes] Expected shape from model of {} does not match actual shape of {2} for output output[m
[0;93m2026-05-03 01:01:25.392097 [W:onnxruntime:, execution_frame.cc:870 VerifyOutputSizes] Expected shape from model of {} does not match actual shape of {2} for output output[m
[0;93m2026-05-03 01:01:25.430260 [W:onnxruntime:, execution_frame.cc:870 VerifyOutputSizes] Expected shape from model of {} does not match actual shape of {2} for output output[m
[0;93m2026-05-03 01:01:25.467774 [W:onnxruntime:, execution_frame.cc:870 VerifyOutputSizes] Expected shape from model of {} does not match actual shape of {2} for output output[m
[0;93m2026-05-03 01:01:25.506514 [W:onnxruntime:, execution_frame.cc:870 VerifyOutputSizes] Expected shape from model of {} does not match actual shape of {2} for output output[m
[0;93m2026-05-03 01:01:25.542797 [W:onnxruntime:, execution_frame.cc:870 VerifyOutputSizes] Expected shape from model of {} does not match actual shape of {2} for output output[m
[0;93m2026-05-03 01:01:25.565838 [W:onnxruntime:, execution_frame.cc:870 VerifyOutputSizes] Expected shape from model of {} does not match actual shape of {2} for output output[m
[0;93m2026-05-03 01:01:25.604741 [W:onnxruntime:, execution_frame.cc:870 VerifyOutputSizes] Expected shape from model of {} does not match actual shape of {2} for output output[m
[0;93m2026-05-03 01:01:25.645688 [W:onnxruntime:, execution_frame.cc:870 VerifyOutputSizes] Expected shape from model of {} does not match actual shape of {2} for output output[m
[0;93m2026-05-03 01:01:25.684573 [W:onnxruntime:, execution_frame.cc:870 VerifyOutputSizes] Expected shape from model of {} does not match actual shape of {2} for output output[m
[0;93m2026-05-03 01:01:25.723794 [W:onnxruntime:, execution_frame.cc:870 VerifyOutputSizes] Expected shape from model of {} does not match actual shape of {2} for output output[m
[0;93m2026-05-03 01:01:25.763598 [W:onnxruntime:, execution_frame.cc:870 VerifyOutputSizes] Expected shape from model of {} does not match actual shape of {2} for output output[m
[0;93m2026-05-03 01:01:25.802333 [W:onnxruntime:, execution_frame.cc:870 VerifyOutputSizes] Expected shape from model of {} does not match actual shape of {2} for output output[m
[0;93m2026-05-03 01:01:25.841483 [W:onnxruntime:, execution_frame.cc:870 VerifyOutputSizes] Expected shape from model of {} does not match actual shape of {2} for output output[m
[0;93m2026-05-03 01:01:25.886601 [W:onnxruntime:, execution_frame.cc:870 VerifyOutputSizes] Expected shape from model of {} does not match actual shape of {2} for output output[m
[0;93m2026-05-03 01:01:25.926846 [W:onnxruntime:, execution_frame.cc:870 VerifyOutputSizes] Expected shape from model of {} does not match actual shape of {2} for output output[m
[0;93m2026-05-03 01:01:25.966815 [W:onnxruntime:, execution_frame.cc:870 VerifyOutputSizes] Expected shape from model of {} does not match actual shape of {2} for output output[m
[0;93m2026-05-03 01:01:26.006368 [W:onnxruntime:, execution_frame.cc:870 VerifyOutputSizes] Expected shape from model of {} does not match actual shape of {2} for output output[m
[0;93m2026-05-03 01:01:26.046565 [W:onnxruntime:, execution_frame.cc:870 VerifyOutputSizes] Expected shape from model of {} does not match actual shape of {2} for output output[m
[0;93m2026-05-03 01:01:26.087261 [W:onnxruntime:, execution_frame.cc:870 VerifyOutputSizes] Expected shape from model of {} does not match actual shape of {2} for output output[m
[0;93m2026-05-03 01:01:26.112560 [W:onnxruntime:, execution_frame.cc:870 VerifyOutputSizes] Expected shape from model of {} does not match actual shape of {2} for output output[m
[0;93m2026-05-03 01:01:26.155550 [W:onnxruntime:, execution_frame.cc:870 VerifyOutputSizes] Expected shape from model of {} does not match actual shape of {2} for output output[m
[0;93m2026-05-03 01:01:26.193356 [W:onnxruntime:, execution_frame.cc:870 VerifyOutputSizes] Expected shape from model of {} does not match actual shape of {2} for output output[m
[0;93m2026-05-03 01:01:26.231913 [W:onnxruntime:, execution_frame.cc:870 VerifyOutputSizes] Expected shape from model of {} does not match actual shape of {2} for output output[m
[0;93m2026-05-03 01:01:26.258641 [W:onnxruntime:, execution_frame.cc:870 VerifyOutputSizes] Expected shape from model of {} does not match actual shape of {2} for output output[m
[0;93m2026-05-03 01:01:26.301274 [W:onnxruntime:, execution_frame.cc:870 VerifyOutputSizes] Expected shape from model of {} does not match actual shape of {2} for output output[m
[0;93m2026-05-03 01:01:26.343145 [W:onnxruntime:, execution_frame.cc:870 VerifyOutputSizes] Expected shape from model of {} does not match actual shape of {2} for output output[m
[0;93m2026-05-03 01:01:26.382127 [W:onnxruntime:, execution_frame.cc:870 VerifyOutputSizes] Expected shape from model of {} does not match actual shape of {2} for output output[m
[0;93m2026-05-03 01:01:26.423042 [W:onnxruntime:, execution_frame.cc:870 VerifyOutputSizes] Expected shape from model of {} does not match actual shape of {2} for output output[m
[0;93m2026-05-03 01:01:26.466601 [W:onnxruntime:, execution_frame.cc:870 VerifyOutputSizes] Expected shape from model of {} does not match actual shape of {2} for output output[m
[0;93m2026-05-03 01:01:26.490138 [W:onnxruntime:, execution_frame.cc:870 VerifyOutputSizes] Expected shape from model of {} does not match actual shape of {2} for output output[m
[0;93m2026-05-03 01:01:26.531179 [W:onnxruntime:, execution_frame.cc:870 VerifyOutputSizes] Expected shape from model of {} does not match actual shape of {2} for output output[m
[0;93m2026-05-03 01:01:26.571820 [W:onnxruntime:, execution_frame.cc:870 VerifyOutputSizes] Expected shape from model of {} does not match actual shape of {2} for output output[m
[0;93m2026-05-03 01:01:26.616610 [W:onnxruntime:, execution_frame.cc:870 VerifyOutputSizes] Expected shape from model of {} does not match actual shape of {2} for output output[m
[0;93m2026-05-03 01:01:26.662405 [W:onnxruntime:, execution_frame.cc:870 VerifyOutputSizes] Expected shape from model of {} does not match actual shape of {2} for output output[m
[0;93m2026-05-03 01:01:26.700665 [W:onnxruntime:, execution_frame.cc:870 VerifyOutputSizes] Expected shape from model of {} does not match actual shape of {2} for output output[m
[0;93m2026-05-03 01:01:26.751728 [W:onnxruntime:, execution_frame.cc:870 VerifyOutputSizes] Expected shape from model of {} does not match actual shape of {2} for output output[m
[0;93m2026-05-03 01:01:26.792957 [W:onnxruntime:, execution_frame.cc:870 VerifyOutputSizes] Expected shape from model of {} does not match actual shape of {2} for output output[m
[0;93m2026-05-03 01:01:26.833905 [W:onnxruntime:, execution_frame.cc:870 VerifyOutputSizes] Expected shape from model of {} does not match actual shape of {2} for output output[m
[0;93m2026-05-03 01:01:26.876297 [W:onnxruntime:, execution_frame.cc:870 VerifyOutputSizes] Expected shape from model of {} does not match actual shape of {2} for output output[m
[0;93m2026-05-03 01:01:26.898659 [W:onnxruntime:, execution_frame.cc:870 VerifyOutputSizes] Expected shape from model of {} does not match actual shape of {2} for output output[m
[0;93m2026-05-03 01:01:26.938302 [W:onnxruntime:, execution_frame.cc:870 VerifyOutputSizes] Expected shape from model of {} does not match actual shape of {2} for output output[m
[0;93m2026-05-03 01:01:26.981818 [W:onnxruntime:, execution_frame.cc:870 VerifyOutputSizes] Expected shape from model of {} does not match actual shape of {2} for output output[m
[0;93m2026-05-03 01:01:27.007558 [W:onnxruntime:, execution_frame.cc:870 VerifyOutputSizes] Expected shape from model of {} does not match actual shape of {2} for output output[m
[0;93m2026-05-03 01:01:27.051667 [W:onnxruntime:, execution_frame.cc:870 VerifyOutputSizes] Expected shape from model of {} does not match actual shape of {2} for output output[m
[0;93m2026-05-03 01:01:27.090274 [W:onnxruntime:, execution_frame.cc:870 VerifyOutputSizes] Expected shape from model of {} does not match actual shape of {2} for output output[m
  350/800
[0;93m2026-05-03 01:01:27.135998 [W:onnxruntime:, execution_frame.cc:870 VerifyOutputSizes] Expected shape from model of {} does not match actual shape of {2} for output output[m
[0;93m2026-05-03 01:01:27.181409 [W:onnxruntime:, execution_frame.cc:870 VerifyOutputSizes] Expected shape from model of {} does not match actual shape of {2} for output output[m
[0;93m2026-05-03 01:01:27.204584 [W:onnxruntime:, execution_frame.cc:870 VerifyOutputSizes] Expected shape from model of {} does not match actual shape of {2} for output output[m
[0;93m2026-05-03 01:01:27.244962 [W:onnxruntime:, execution_frame.cc:870 VerifyOutputSizes] Expected shape from model of {} does not match actual shape of {2} for output output[m
[0;93m2026-05-03 01:01:27.269952 [W:onnxruntime:, execution_frame.cc:870 VerifyOutputSizes] Expected shape from model of {} does not match actual shape of {2} for output output[m
[0;93m2026-05-03 01:01:27.312708 [W:onnxruntime:, execution_frame.cc:870 VerifyOutputSizes] Expected shape from model of {} does not match actual shape of {2} for output output[m
[0;93m2026-05-03 01:01:27.356339 [W:onnxruntime:, execution_frame.cc:870 VerifyOutputSizes] Expected shape from model of {} does not match actual shape of {2} for output output[m
[0;93m2026-05-03 01:01:27.400102 [W:onnxruntime:, execution_frame.cc:870 VerifyOutputSizes] Expected shape from model of {} does not match actual shape of {2} for output output[m
[0;93m2026-05-03 01:01:27.442227 [W:onnxruntime:, execution_frame.cc:870 VerifyOutputSizes] Expected shape from model of {} does not match actual shape of {2} for output output[m
[0;93m2026-05-03 01:01:27.466524 [W:onnxruntime:, execution_frame.cc:870 VerifyOutputSizes] Expected shape from model of {} does not match actual shape of {2} for output output[m
[0;93m2026-05-03 01:01:27.507300 [W:onnxruntime:, execution_frame.cc:870 VerifyOutputSizes] Expected shape from model of {} does not match actual shape of {2} for output output[m
[0;93m2026-05-03 01:01:27.545806 [W:onnxruntime:, execution_frame.cc:870 VerifyOutputSizes] Expected shape from model of {} does not match actual shape of {2} for output output[m
[0;93m2026-05-03 01:01:27.583899 [W:onnxruntime:, execution_frame.cc:870 VerifyOutputSizes] Expected shape from model of {} does not match actual shape of {2} for output output[m
[0;93m2026-05-03 01:01:27.619868 [W:onnxruntime:, execution_frame.cc:870 VerifyOutputSizes] Expected shape from model of {} does not match actual shape of {2} for output output[m
[0;93m2026-05-03 01:01:27.641633 [W:onnxruntime:, execution_frame.cc:870 VerifyOutputSizes] Expected shape from model of {} does not match actual shape of {2} for output output[m
[0;93m2026-05-03 01:01:27.680053 [W:onnxruntime:, execution_frame.cc:870 VerifyOutputSizes] Expected shape from model of {} does not match actual shape of {2} for output output[m
[0;93m2026-05-03 01:01:27.722942 [W:onnxruntime:, execution_frame.cc:870 VerifyOutputSizes] Expected shape from model of {} does not match actual shape of {2} for output output[m
[0;93m2026-05-03 01:01:27.760994 [W:onnxruntime:, execution_frame.cc:870 VerifyOutputSizes] Expected shape from model of {} does not match actual shape of {2} for output output[m
[0;93m2026-05-03 01:01:27.800626 [W:onnxruntime:, execution_frame.cc:870 VerifyOutputSizes] Expected shape from model of {} does not match actual shape of {2} for output output[m
[0;93m2026-05-03 01:01:27.839823 [W:onnxruntime:, execution_frame.cc:870 VerifyOutputSizes] Expected shape from model of {} does not match actual shape of {2} for output output[m
[0;93m2026-05-03 01:01:27.879581 [W:onnxruntime:, execution_frame.cc:870 VerifyOutputSizes] Expected shape from model of {} does not match actual shape of {2} for output output[m
[0;93m2026-05-03 01:01:27.916290 [W:onnxruntime:, execution_frame.cc:870 VerifyOutputSizes] Expected shape from model of {} does not match actual shape of {2} for output output[m
[0;93m2026-05-03 01:01:27.954238 [W:onnxruntime:, execution_frame.cc:870 VerifyOutputSizes] Expected shape from model of {} does not match actual shape of {2} for output output[m
[0;93m2026-05-03 01:01:27.977518 [W:onnxruntime:, execution_frame.cc:870 VerifyOutputSizes] Expected shape from model of {} does not match actual shape of {2} for output output[m
[0;93m2026-05-03 01:01:28.015861 [W:onnxruntime:, execution_frame.cc:870 VerifyOutputSizes] Expected shape from model of {} does not match actual shape of {2} for output output[m
[0;93m2026-05-03 01:01:28.056065 [W:onnxruntime:, execution_frame.cc:870 VerifyOutputSizes] Expected shape from model of {} does not match actual shape of {2} for output output[m
[0;93m2026-05-03 01:01:28.099086 [W:onnxruntime:, execution_frame.cc:870 VerifyOutputSizes] Expected shape from model of {} does not match actual shape of {2} for output output[m
[0;93m2026-05-03 01:01:28.135879 [W:onnxruntime:, execution_frame.cc:870 VerifyOutputSizes] Expected shape from model of {} does not match actual shape of {2} for output output[m
[0;93m2026-05-03 01:01:28.173055 [W:onnxruntime:, execution_frame.cc:870 VerifyOutputSizes] Expected shape from model of {} does not match actual shape of {2} for output output[m
[0;93m2026-05-03 01:01:28.198321 [W:onnxruntime:, execution_frame.cc:870 VerifyOutputSizes] Expected shape from model of {} does not match actual shape of {2} for output output[m
[0;93m2026-05-03 01:01:28.239170 [W:onnxruntime:, execution_frame.cc:870 VerifyOutputSizes] Expected shape from model of {} does not match actual shape of {2} for output output[m
[0;93m2026-05-03 01:01:28.278582 [W:onnxruntime:, execution_frame.cc:870 VerifyOutputSizes] Expected shape from model of {} does not match actual shape of {2} for output output[m
[0;93m2026-05-03 01:01:28.299447 [W:onnxruntime:, execution_frame.cc:870 VerifyOutputSizes] Expected shape from model of {} does not match actual shape of {2} for output output[m
[0;93m2026-05-03 01:01:28.338918 [W:onnxruntime:, execution_frame.cc:870 VerifyOutputSizes] Expected shape from model of {} does not match actual shape of {2} for output output[m
[0;93m2026-05-03 01:01:28.377683 [W:onnxruntime:, execution_frame.cc:870 VerifyOutputSizes] Expected shape from model of {} does not match actual shape of {2} for output output[m
[0;93m2026-05-03 01:01:28.404606 [W:onnxruntime:, execution_frame.cc:870 VerifyOutputSizes] Expected shape from model of {} does not match actual shape of {2} for output output[m
[0;93m2026-05-03 01:01:28.443734 [W:onnxruntime:, execution_frame.cc:870 VerifyOutputSizes] Expected shape from model of {} does not match actual shape of {2} for output output[m
[0;93m2026-05-03 01:01:28.483703 [W:onnxruntime:, execution_frame.cc:870 VerifyOutputSizes] Expected shape from model of {} does not match actual shape of {2} for output output[m
[0;93m2026-05-03 01:01:28.524293 [W:onnxruntime:, execution_frame.cc:870 VerifyOutputSizes] Expected shape from model of {} does not match actual shape of {2} for output output[m
[0;93m2026-05-03 01:01:28.563302 [W:onnxruntime:, execution_frame.cc:870 VerifyOutputSizes] Expected shape from model of {} does not match actual shape of {2} for output output[m
[0;93m2026-05-03 01:01:28.605219 [W:onnxruntime:, execution_frame.cc:870 VerifyOutputSizes] Expected shape from model of {} does not match actual shape of {2} for output output[m
[0;93m2026-05-03 01:01:28.646282 [W:onnxruntime:, execution_frame.cc:870 VerifyOutputSizes] Expected shape from model of {} does not match actual shape of {2} for output output[m
[0;93m2026-05-03 01:01:28.688279 [W:onnxruntime:, execution_frame.cc:870 VerifyOutputSizes] Expected shape from model of {} does not match actual shape of {2} for output output[m
[0;93m2026-05-03 01:01:28.729613 [W:onnxruntime:, execution_frame.cc:870 VerifyOutputSizes] Expected shape from model of {} does not match actual shape of {2} for output output[m
[0;93m2026-05-03 01:01:28.771992 [W:onnxruntime:, execution_frame.cc:870 VerifyOutputSizes] Expected shape from model of {} does not match actual shape of {2} for output output[m
[0;93m2026-05-03 01:01:28.817302 [W:onnxruntime:, execution_frame.cc:870 VerifyOutputSizes] Expected shape from model of {} does not match actual shape of {2} for output output[m
[0;93m2026-05-03 01:01:28.861084 [W:onnxruntime:, execution_frame.cc:870 VerifyOutputSizes] Expected shape from model of {} does not match actual shape of {2} for output output[m
[0;93m2026-05-03 01:01:28.906404 [W:onnxruntime:, execution_frame.cc:870 VerifyOutputSizes] Expected shape from model of {} does not match actual shape of {2} for output output[m
[0;93m2026-05-03 01:01:28.946595 [W:onnxruntime:, execution_frame.cc:870 VerifyOutputSizes] Expected shape from model of {} does not match actual shape of {2} for output output[m
[0;93m2026-05-03 01:01:28.985955 [W:onnxruntime:, execution_frame.cc:870 VerifyOutputSizes] Expected shape from model of {} does not match actual shape of {2} for output output[m
  400/800
[0;93m2026-05-03 01:01:29.013857 [W:onnxruntime:, execution_frame.cc:870 VerifyOutputSizes] Expected shape from model of {} does not match actual shape of {2} for output output[m
[0;93m2026-05-03 01:01:29.053113 [W:onnxruntime:, execution_frame.cc:870 VerifyOutputSizes] Expected shape from model of {} does not match actual shape of {2} for output output[m
[0;93m2026-05-03 01:01:29.092333 [W:onnxruntime:, execution_frame.cc:870 VerifyOutputSizes] Expected shape from model of {} does not match actual shape of {2} for output output[m
[0;93m2026-05-03 01:01:29.130422 [W:onnxruntime:, execution_frame.cc:870 VerifyOutputSizes] Expected shape from model of {} does not match actual shape of {2} for output output[m
[0;93m2026-05-03 01:01:29.174869 [W:onnxruntime:, execution_frame.cc:870 VerifyOutputSizes] Expected shape from model of {} does not match actual shape of {2} for output output[m
[0;93m2026-05-03 01:01:29.214344 [W:onnxruntime:, execution_frame.cc:870 VerifyOutputSizes] Expected shape from model of {} does not match actual shape of {2} for output output[m
[0;93m2026-05-03 01:01:29.252789 [W:onnxruntime:, execution_frame.cc:870 VerifyOutputSizes] Expected shape from model of {} does not match actual shape of {2} for output output[m
[0;93m2026-05-03 01:01:29.295848 [W:onnxruntime:, execution_frame.cc:870 VerifyOutputSizes] Expected shape from model of {} does not match actual shape of {2} for output output[m
[0;93m2026-05-03 01:01:29.341126 [W:onnxruntime:, execution_frame.cc:870 VerifyOutputSizes] Expected shape from model of {} does not match actual shape of {2} for output output[m
[0;93m2026-05-03 01:01:29.379975 [W:onnxruntime:, execution_frame.cc:870 VerifyOutputSizes] Expected shape from model of {} does not match actual shape of {2} for output output[m
[0;93m2026-05-03 01:01:29.408415 [W:onnxruntime:, execution_frame.cc:870 VerifyOutputSizes] Expected shape from model of {} does not match actual shape of {2} for output output[m
[0;93m2026-05-03 01:01:29.448422 [W:onnxruntime:, execution_frame.cc:870 VerifyOutputSizes] Expected shape from model of {} does not match actual shape of {2} for output output[m
[0;93m2026-05-03 01:01:29.491442 [W:onnxruntime:, execution_frame.cc:870 VerifyOutputSizes] Expected shape from model of {} does not match actual shape of {2} for output output[m
[0;93m2026-05-03 01:01:29.531890 [W:onnxruntime:, execution_frame.cc:870 VerifyOutputSizes] Expected shape from model of {} does not match actual shape of {2} for output output[m
[0;93m2026-05-03 01:01:29.558169 [W:onnxruntime:, execution_frame.cc:870 VerifyOutputSizes] Expected shape from model of {} does not match actual shape of {2} for output output[m
[0;93m2026-05-03 01:01:29.596655 [W:onnxruntime:, execution_frame.cc:870 VerifyOutputSizes] Expected shape from model of {} does not match actual shape of {2} for output output[m
[0;93m2026-05-03 01:01:29.633269 [W:onnxruntime:, execution_frame.cc:870 VerifyOutputSizes] Expected shape from model of {} does not match actual shape of {2} for output output[m
[0;93m2026-05-03 01:01:29.671505 [W:onnxruntime:, execution_frame.cc:870 VerifyOutputSizes] Expected shape from model of {} does not match actual shape of {2} for output output[m
[0;93m2026-05-03 01:01:29.707696 [W:onnxruntime:, execution_frame.cc:870 VerifyOutputSizes] Expected shape from model of {} does not match actual shape of {2} for output output[m
[0;93m2026-05-03 01:01:29.746496 [W:onnxruntime:, execution_frame.cc:870 VerifyOutputSizes] Expected shape from model of {} does not match actual shape of {2} for output output[m
[0;93m2026-05-03 01:01:29.784138 [W:onnxruntime:, execution_frame.cc:870 VerifyOutputSizes] Expected shape from model of {} does not match actual shape of {2} for output output[m
[0;93m2026-05-03 01:01:29.807561 [W:onnxruntime:, execution_frame.cc:870 VerifyOutputSizes] Expected shape from model of {} does not match actual shape of {2} for output output[m
[0;93m2026-05-03 01:01:29.829978 [W:onnxruntime:, execution_frame.cc:870 VerifyOutputSizes] Expected shape from model of {} does not match actual shape of {2} for output output[m
[0;93m2026-05-03 01:01:29.852733 [W:onnxruntime:, execution_frame.cc:870 VerifyOutputSizes] Expected shape from model of {} does not match actual shape of {2} for output output[m
[0;93m2026-05-03 01:01:29.889220 [W:onnxruntime:, execution_frame.cc:870 VerifyOutputSizes] Expected shape from model of {} does not match actual shape of {2} for output output[m
[0;93m2026-05-03 01:01:29.911402 [W:onnxruntime:, execution_frame.cc:870 VerifyOutputSizes] Expected shape from model of {} does not match actual shape of {2} for output output[m
[0;93m2026-05-03 01:01:29.949140 [W:onnxruntime:, execution_frame.cc:870 VerifyOutputSizes] Expected shape from model of {} does not match actual shape of {2} for output output[m
[0;93m2026-05-03 01:01:29.987819 [W:onnxruntime:, execution_frame.cc:870 VerifyOutputSizes] Expected shape from model of {} does not match actual shape of {2} for output output[m
[0;93m2026-05-03 01:01:30.024097 [W:onnxruntime:, execution_frame.cc:870 VerifyOutputSizes] Expected shape from model of {} does not match actual shape of {2} for output output[m
[0;93m2026-05-03 01:01:30.060754 [W:onnxruntime:, execution_frame.cc:870 VerifyOutputSizes] Expected shape from model of {} does not match actual shape of {2} for output output[m
[0;93m2026-05-03 01:01:30.097481 [W:onnxruntime:, execution_frame.cc:870 VerifyOutputSizes] Expected shape from model of {} does not match actual shape of {2} for output output[m
[0;93m2026-05-03 01:01:30.136041 [W:onnxruntime:, execution_frame.cc:870 VerifyOutputSizes] Expected shape from model of {} does not match actual shape of {2} for output output[m
[0;93m2026-05-03 01:01:30.179523 [W:onnxruntime:, execution_frame.cc:870 VerifyOutputSizes] Expected shape from model of {} does not match actual shape of {2} for output output[m
[0;93m2026-05-03 01:01:30.219453 [W:onnxruntime:, execution_frame.cc:870 VerifyOutputSizes] Expected shape from model of {} does not match actual shape of {2} for output output[m
[0;93m2026-05-03 01:01:30.258276 [W:onnxruntime:, execution_frame.cc:870 VerifyOutputSizes] Expected shape from model of {} does not match actual shape of {2} for output output[m
[0;93m2026-05-03 01:01:30.282331 [W:onnxruntime:, execution_frame.cc:870 VerifyOutputSizes] Expected shape from model of {} does not match actual shape of {2} for output output[m
[0;93m2026-05-03 01:01:30.322653 [W:onnxruntime:, execution_frame.cc:870 VerifyOutputSizes] Expected shape from model of {} does not match actual shape of {2} for output output[m
[0;93m2026-05-03 01:01:30.361713 [W:onnxruntime:, execution_frame.cc:870 VerifyOutputSizes] Expected shape from model of {} does not match actual shape of {2} for output output[m
[0;93m2026-05-03 01:01:30.401964 [W:onnxruntime:, execution_frame.cc:870 VerifyOutputSizes] Expected shape from model of {} does not match actual shape of {2} for output output[m
[0;93m2026-05-03 01:01:30.442927 [W:onnxruntime:, execution_frame.cc:870 VerifyOutputSizes] Expected shape from model of {} does not match actual shape of {2} for output output[m
[0;93m2026-05-03 01:01:30.491792 [W:onnxruntime:, execution_frame.cc:870 VerifyOutputSizes] Expected shape from model of {} does not match actual shape of {2} for output output[m
[0;93m2026-05-03 01:01:30.517154 [W:onnxruntime:, execution_frame.cc:870 VerifyOutputSizes] Expected shape from model of {} does not match actual shape of {2} for output output[m
[0;93m2026-05-03 01:01:30.561127 [W:onnxruntime:, execution_frame.cc:870 VerifyOutputSizes] Expected shape from model of {} does not match actual shape of {2} for output output[m
[0;93m2026-05-03 01:01:30.583825 [W:onnxruntime:, execution_frame.cc:870 VerifyOutputSizes] Expected shape from model of {} does not match actual shape of {2} for output output[m
[0;93m2026-05-03 01:01:30.625162 [W:onnxruntime:, execution_frame.cc:870 VerifyOutputSizes] Expected shape from model of {} does not match actual shape of {2} for output output[m
[0;93m2026-05-03 01:01:30.665542 [W:onnxruntime:, execution_frame.cc:870 VerifyOutputSizes] Expected shape from model of {} does not match actual shape of {2} for output output[m
[0;93m2026-05-03 01:01:30.706055 [W:onnxruntime:, execution_frame.cc:870 VerifyOutputSizes] Expected shape from model of {} does not match actual shape of {2} for output output[m
[0;93m2026-05-03 01:01:30.747354 [W:onnxruntime:, execution_frame.cc:870 VerifyOutputSizes] Expected shape from model of {} does not match actual shape of {2} for output output[m
[0;93m2026-05-03 01:01:30.788896 [W:onnxruntime:, execution_frame.cc:870 VerifyOutputSizes] Expected shape from model of {} does not match actual shape of {2} for output output[m
[0;93m2026-05-03 01:01:30.828947 [W:onnxruntime:, execution_frame.cc:870 VerifyOutputSizes] Expected shape from model of {} does not match actual shape of {2} for output output[m
  450/800
[0;93m2026-05-03 01:01:30.855084 [W:onnxruntime:, execution_frame.cc:870 VerifyOutputSizes] Expected shape from model of {} does not match actual shape of {2} for output output[m
[0;93m2026-05-03 01:01:30.879337 [W:onnxruntime:, execution_frame.cc:870 VerifyOutputSizes] Expected shape from model of {} does not match actual shape of {2} for output output[m
[0;93m2026-05-03 01:01:30.921500 [W:onnxruntime:, execution_frame.cc:870 VerifyOutputSizes] Expected shape from model of {} does not match actual shape of {2} for output output[m
[0;93m2026-05-03 01:01:30.966429 [W:onnxruntime:, execution_frame.cc:870 VerifyOutputSizes] Expected shape from model of {} does not match actual shape of {2} for output output[m
[0;93m2026-05-03 01:01:31.006716 [W:onnxruntime:, execution_frame.cc:870 VerifyOutputSizes] Expected shape from model of {} does not match actual shape of {2} for output output[m
[0;93m2026-05-03 01:01:31.032501 [W:onnxruntime:, execution_frame.cc:870 VerifyOutputSizes] Expected shape from model of {} does not match actual shape of {2} for output output[m
[0;93m2026-05-03 01:01:31.074392 [W:onnxruntime:, execution_frame.cc:870 VerifyOutputSizes] Expected shape from model of {} does not match actual shape of {2} for output output[m
[0;93m2026-05-03 01:01:31.119013 [W:onnxruntime:, execution_frame.cc:870 VerifyOutputSizes] Expected shape from model of {} does not match actual shape of {2} for output output[m
[0;93m2026-05-03 01:01:31.161583 [W:onnxruntime:, execution_frame.cc:870 VerifyOutputSizes] Expected shape from model of {} does not match actual shape of {2} for output output[m
[0;93m2026-05-03 01:01:31.185697 [W:onnxruntime:, execution_frame.cc:870 VerifyOutputSizes] Expected shape from model of {} does not match actual shape of {2} for output output[m
[0;93m2026-05-03 01:01:31.209476 [W:onnxruntime:, execution_frame.cc:870 VerifyOutputSizes] Expected shape from model of {} does not match actual shape of {2} for output output[m
[0;93m2026-05-03 01:01:31.252372 [W:onnxruntime:, execution_frame.cc:870 VerifyOutputSizes] Expected shape from model of {} does not match actual shape of {2} for output output[m
[0;93m2026-05-03 01:01:31.293770 [W:onnxruntime:, execution_frame.cc:870 VerifyOutputSizes] Expected shape from model of {} does not match actual shape of {2} for output output[m
[0;93m2026-05-03 01:01:31.332396 [W:onnxruntime:, execution_frame.cc:870 VerifyOutputSizes] Expected shape from model of {} does not match actual shape of {2} for output output[m
[0;93m2026-05-03 01:01:31.357485 [W:onnxruntime:, execution_frame.cc:870 VerifyOutputSizes] Expected shape from model of {} does not match actual shape of {2} for output output[m
[0;93m2026-05-03 01:01:31.395923 [W:onnxruntime:, execution_frame.cc:870 VerifyOutputSizes] Expected shape from model of {} does not match actual shape of {2} for output output[m
[0;93m2026-05-03 01:01:31.437917 [W:onnxruntime:, execution_frame.cc:870 VerifyOutputSizes] Expected shape from model of {} does not match actual shape of {2} for output output[m
[0;93m2026-05-03 01:01:31.481918 [W:onnxruntime:, execution_frame.cc:870 VerifyOutputSizes] Expected shape from model of {} does not match actual shape of {2} for output output[m
[0;93m2026-05-03 01:01:31.522702 [W:onnxruntime:, execution_frame.cc:870 VerifyOutputSizes] Expected shape from model of {} does not match actual shape of {2} for output output[m
[0;93m2026-05-03 01:01:31.564015 [W:onnxruntime:, execution_frame.cc:870 VerifyOutputSizes] Expected shape from model of {} does not match actual shape of {2} for output output[m
[0;93m2026-05-03 01:01:31.587284 [W:onnxruntime:, execution_frame.cc:870 VerifyOutputSizes] Expected shape from model of {} does not match actual shape of {2} for output output[m
[0;93m2026-05-03 01:01:31.633674 [W:onnxruntime:, execution_frame.cc:870 VerifyOutputSizes] Expected shape from model of {} does not match actual shape of {2} for output output[m
[0;93m2026-05-03 01:01:31.673767 [W:onnxruntime:, execution_frame.cc:870 VerifyOutputSizes] Expected shape from model of {} does not match actual shape of {2} for output output[m
[0;93m2026-05-03 01:01:31.711059 [W:onnxruntime:, execution_frame.cc:870 VerifyOutputSizes] Expected shape from model of {} does not match actual shape of {2} for output output[m
[0;93m2026-05-03 01:01:31.748365 [W:onnxruntime:, execution_frame.cc:870 VerifyOutputSizes] Expected shape from model of {} does not match actual shape of {2} for output output[m
[0;93m2026-05-03 01:01:31.787190 [W:onnxruntime:, execution_frame.cc:870 VerifyOutputSizes] Expected shape from model of {} does not match actual shape of {2} for output output[m
[0;93m2026-05-03 01:01:31.828091 [W:onnxruntime:, execution_frame.cc:870 VerifyOutputSizes] Expected shape from model of {} does not match actual shape of {2} for output output[m
[0;93m2026-05-03 01:01:31.865210 [W:onnxruntime:, execution_frame.cc:870 VerifyOutputSizes] Expected shape from model of {} does not match actual shape of {2} for output output[m
[0;93m2026-05-03 01:01:31.903573 [W:onnxruntime:, execution_frame.cc:870 VerifyOutputSizes] Expected shape from model of {} does not match actual shape of {2} for output output[m
[0;93m2026-05-03 01:01:31.942226 [W:onnxruntime:, execution_frame.cc:870 VerifyOutputSizes] Expected shape from model of {} does not match actual shape of {2} for output output[m
[0;93m2026-05-03 01:01:31.979112 [W:onnxruntime:, execution_frame.cc:870 VerifyOutputSizes] Expected shape from model of {} does not match actual shape of {2} for output output[m
[0;93m2026-05-03 01:01:32.015888 [W:onnxruntime:, execution_frame.cc:870 VerifyOutputSizes] Expected shape from model of {} does not match actual shape of {2} for output output[m
[0;93m2026-05-03 01:01:32.039693 [W:onnxruntime:, execution_frame.cc:870 VerifyOutputSizes] Expected shape from model of {} does not match actual shape of {2} for output output[m
[0;93m2026-05-03 01:01:32.076184 [W:onnxruntime:, execution_frame.cc:870 VerifyOutputSizes] Expected shape from model of {} does not match actual shape of {2} for output output[m
[0;93m2026-05-03 01:01:32.112258 [W:onnxruntime:, execution_frame.cc:870 VerifyOutputSizes] Expected shape from model of {} does not match actual shape of {2} for output output[m
[0;93m2026-05-03 01:01:32.154117 [W:onnxruntime:, execution_frame.cc:870 VerifyOutputSizes] Expected shape from model of {} does not match actual shape of {2} for output output[m
[0;93m2026-05-03 01:01:32.191349 [W:onnxruntime:, execution_frame.cc:870 VerifyOutputSizes] Expected shape from model of {} does not match actual shape of {2} for output output[m
[0;93m2026-05-03 01:01:32.231966 [W:onnxruntime:, execution_frame.cc:870 VerifyOutputSizes] Expected shape from model of {} does not match actual shape of {2} for output output[m
[0;93m2026-05-03 01:01:32.273496 [W:onnxruntime:, execution_frame.cc:870 VerifyOutputSizes] Expected shape from model of {} does not match actual shape of {2} for output output[m
[0;93m2026-05-03 01:01:32.310813 [W:onnxruntime:, execution_frame.cc:870 VerifyOutputSizes] Expected shape from model of {} does not match actual shape of {2} for output output[m
[0;93m2026-05-03 01:01:32.338458 [W:onnxruntime:, execution_frame.cc:870 VerifyOutputSizes] Expected shape from model of {} does not match actual shape of {2} for output output[m
[0;93m2026-05-03 01:01:32.361473 [W:onnxruntime:, execution_frame.cc:870 VerifyOutputSizes] Expected shape from model of {} does not match actual shape of {2} for output output[m
[0;93m2026-05-03 01:01:32.398553 [W:onnxruntime:, execution_frame.cc:870 VerifyOutputSizes] Expected shape from model of {} does not match actual shape of {2} for output output[m
[0;93m2026-05-03 01:01:32.443395 [W:onnxruntime:, execution_frame.cc:870 VerifyOutputSizes] Expected shape from model of {} does not match actual shape of {2} for output output[m
[0;93m2026-05-03 01:01:32.486935 [W:onnxruntime:, execution_frame.cc:870 VerifyOutputSizes] Expected shape from model of {} does not match actual shape of {2} for output output[m
[0;93m2026-05-03 01:01:32.527705 [W:onnxruntime:, execution_frame.cc:870 VerifyOutputSizes] Expected shape from model of {} does not match actual shape of {2} for output output[m
[0;93m2026-05-03 01:01:32.571087 [W:onnxruntime:, execution_frame.cc:870 VerifyOutputSizes] Expected shape from model of {} does not match actual shape of {2} for output output[m
[0;93m2026-05-03 01:01:32.612456 [W:onnxruntime:, execution_frame.cc:870 VerifyOutputSizes] Expected shape from model of {} does not match actual shape of {2} for output output[m
[0;93m2026-05-03 01:01:32.653330 [W:onnxruntime:, execution_frame.cc:870 VerifyOutputSizes] Expected shape from model of {} does not match actual shape of {2} for output output[m
[0;93m2026-05-03 01:01:32.693431 [W:onnxruntime:, execution_frame.cc:870 VerifyOutputSizes] Expected shape from model of {} does not match actual shape of {2} for output output[m
  500/800
[0;93m2026-05-03 01:01:32.732114 [W:onnxruntime:, execution_frame.cc:870 VerifyOutputSizes] Expected shape from model of {} does not match actual shape of {2} for output output[m
[0;93m2026-05-03 01:01:32.756232 [W:onnxruntime:, execution_frame.cc:870 VerifyOutputSizes] Expected shape from model of {} does not match actual shape of {2} for output output[m
[0;93m2026-05-03 01:01:32.794680 [W:onnxruntime:, execution_frame.cc:870 VerifyOutputSizes] Expected shape from model of {} does not match actual shape of {2} for output output[m
[0;93m2026-05-03 01:01:32.833449 [W:onnxruntime:, execution_frame.cc:870 VerifyOutputSizes] Expected shape from model of {} does not match actual shape of {2} for output output[m
[0;93m2026-05-03 01:01:32.874481 [W:onnxruntime:, execution_frame.cc:870 VerifyOutputSizes] Expected shape from model of {} does not match actual shape of {2} for output output[m
[0;93m2026-05-03 01:01:32.916406 [W:onnxruntime:, execution_frame.cc:870 VerifyOutputSizes] Expected shape from model of {} does not match actual shape of {2} for output output[m
[0;93m2026-05-03 01:01:32.956441 [W:onnxruntime:, execution_frame.cc:870 VerifyOutputSizes] Expected shape from model of {} does not match actual shape of {2} for output output[m
[0;93m2026-05-03 01:01:32.981183 [W:onnxruntime:, execution_frame.cc:870 VerifyOutputSizes] Expected shape from model of {} does not match actual shape of {2} for output output[m
[0;93m2026-05-03 01:01:33.027165 [W:onnxruntime:, execution_frame.cc:870 VerifyOutputSizes] Expected shape from model of {} does not match actual shape of {2} for output output[m
[0;93m2026-05-03 01:01:33.070984 [W:onnxruntime:, execution_frame.cc:870 VerifyOutputSizes] Expected shape from model of {} does not match actual shape of {2} for output output[m
[0;93m2026-05-03 01:01:33.095548 [W:onnxruntime:, execution_frame.cc:870 VerifyOutputSizes] Expected shape from model of {} does not match actual shape of {2} for output output[m
[0;93m2026-05-03 01:01:33.118306 [W:onnxruntime:, execution_frame.cc:870 VerifyOutputSizes] Expected shape from model of {} does not match actual shape of {2} for output output[m
[0;93m2026-05-03 01:01:33.143589 [W:onnxruntime:, execution_frame.cc:870 VerifyOutputSizes] Expected shape from model of {} does not match actual shape of {2} for output output[m
[0;93m2026-05-03 01:01:33.168422 [W:onnxruntime:, execution_frame.cc:870 VerifyOutputSizes] Expected shape from model of {} does not match actual shape of {2} for output output[m
[0;93m2026-05-03 01:01:33.207802 [W:onnxruntime:, execution_frame.cc:870 VerifyOutputSizes] Expected shape from model of {} does not match actual shape of {2} for output output[m
[0;93m2026-05-03 01:01:33.248400 [W:onnxruntime:, execution_frame.cc:870 VerifyOutputSizes] Expected shape from model of {} does not match actual shape of {2} for output output[m
[0;93m2026-05-03 01:01:33.289739 [W:onnxruntime:, execution_frame.cc:870 VerifyOutputSizes] Expected shape from model of {} does not match actual shape of {2} for output output[m
[0;93m2026-05-03 01:01:33.329276 [W:onnxruntime:, execution_frame.cc:870 VerifyOutputSizes] Expected shape from model of {} does not match actual shape of {2} for output output[m
[0;93m2026-05-03 01:01:33.368971 [W:onnxruntime:, execution_frame.cc:870 VerifyOutputSizes] Expected shape from model of {} does not match actual shape of {2} for output output[m
[0;93m2026-05-03 01:01:33.412281 [W:onnxruntime:, execution_frame.cc:870 VerifyOutputSizes] Expected shape from model of {} does not match actual shape of {2} for output output[m
[0;93m2026-05-03 01:01:33.449585 [W:onnxruntime:, execution_frame.cc:870 VerifyOutputSizes] Expected shape from model of {} does not match actual shape of {2} for output output[m
[0;93m2026-05-03 01:01:33.473777 [W:onnxruntime:, execution_frame.cc:870 VerifyOutputSizes] Expected shape from model of {} does not match actual shape of {2} for output output[m
[0;93m2026-05-03 01:01:33.517437 [W:onnxruntime:, execution_frame.cc:870 VerifyOutputSizes] Expected shape from model of {} does not match actual shape of {2} for output output[m
[0;93m2026-05-03 01:01:33.559303 [W:onnxruntime:, execution_frame.cc:870 VerifyOutputSizes] Expected shape from model of {} does not match actual shape of {2} for output output[m
[0;93m2026-05-03 01:01:33.598986 [W:onnxruntime:, execution_frame.cc:870 VerifyOutputSizes] Expected shape from model of {} does not match actual shape of {2} for output output[m
[0;93m2026-05-03 01:01:33.621756 [W:onnxruntime:, execution_frame.cc:870 VerifyOutputSizes] Expected shape from model of {} does not match actual shape of {2} for output output[m
[0;93m2026-05-03 01:01:33.657679 [W:onnxruntime:, execution_frame.cc:870 VerifyOutputSizes] Expected shape from model of {} does not match actual shape of {2} for output output[m
[0;93m2026-05-03 01:01:33.698079 [W:onnxruntime:, execution_frame.cc:870 VerifyOutputSizes] Expected shape from model of {} does not match actual shape of {2} for output output[m
[0;93m2026-05-03 01:01:33.734480 [W:onnxruntime:, execution_frame.cc:870 VerifyOutputSizes] Expected shape from model of {} does not match actual shape of {2} for output output[m
[0;93m2026-05-03 01:01:33.756630 [W:onnxruntime:, execution_frame.cc:870 VerifyOutputSizes] Expected shape from model of {} does not match actual shape of {2} for output output[m
[0;93m2026-05-03 01:01:33.795058 [W:onnxruntime:, execution_frame.cc:870 VerifyOutputSizes] Expected shape from model of {} does not match actual shape of {2} for output output[m
[0;93m2026-05-03 01:01:33.832207 [W:onnxruntime:, execution_frame.cc:870 VerifyOutputSizes] Expected shape from model of {} does not match actual shape of {2} for output output[m
[0;93m2026-05-03 01:01:33.855739 [W:onnxruntime:, execution_frame.cc:870 VerifyOutputSizes] Expected shape from model of {} does not match actual shape of {2} for output output[m
[0;93m2026-05-03 01:01:33.894734 [W:onnxruntime:, execution_frame.cc:870 VerifyOutputSizes] Expected shape from model of {} does not match actual shape of {2} for output output[m
[0;93m2026-05-03 01:01:33.933353 [W:onnxruntime:, execution_frame.cc:870 VerifyOutputSizes] Expected shape from model of {} does not match actual shape of {2} for output output[m
[0;93m2026-05-03 01:01:33.969846 [W:onnxruntime:, execution_frame.cc:870 VerifyOutputSizes] Expected shape from model of {} does not match actual shape of {2} for output output[m
[0;93m2026-05-03 01:01:34.009920 [W:onnxruntime:, execution_frame.cc:870 VerifyOutputSizes] Expected shape from model of {} does not match actual shape of {2} for output output[m
[0;93m2026-05-03 01:01:34.049566 [W:onnxruntime:, execution_frame.cc:870 VerifyOutputSizes] Expected shape from model of {} does not match actual shape of {2} for output output[m
[0;93m2026-05-03 01:01:34.085598 [W:onnxruntime:, execution_frame.cc:870 VerifyOutputSizes] Expected shape from model of {} does not match actual shape of {2} for output output[m
[0;93m2026-05-03 01:01:34.108872 [W:onnxruntime:, execution_frame.cc:870 VerifyOutputSizes] Expected shape from model of {} does not match actual shape of {2} for output output[m
[0;93m2026-05-03 01:01:34.146140 [W:onnxruntime:, execution_frame.cc:870 VerifyOutputSizes] Expected shape from model of {} does not match actual shape of {2} for output output[m
[0;93m2026-05-03 01:01:34.186230 [W:onnxruntime:, execution_frame.cc:870 VerifyOutputSizes] Expected shape from model of {} does not match actual shape of {2} for output output[m
[0;93m2026-05-03 01:01:34.224771 [W:onnxruntime:, execution_frame.cc:870 VerifyOutputSizes] Expected shape from model of {} does not match actual shape of {2} for output output[m
[0;93m2026-05-03 01:01:34.263732 [W:onnxruntime:, execution_frame.cc:870 VerifyOutputSizes] Expected shape from model of {} does not match actual shape of {2} for output output[m
[0;93m2026-05-03 01:01:34.290003 [W:onnxruntime:, execution_frame.cc:870 VerifyOutputSizes] Expected shape from model of {} does not match actual shape of {2} for output output[m
[0;93m2026-05-03 01:01:34.330324 [W:onnxruntime:, execution_frame.cc:870 VerifyOutputSizes] Expected shape from model of {} does not match actual shape of {2} for output output[m
[0;93m2026-05-03 01:01:34.369484 [W:onnxruntime:, execution_frame.cc:870 VerifyOutputSizes] Expected shape from model of {} does not match actual shape of {2} for output output[m
[0;93m2026-05-03 01:01:34.407219 [W:onnxruntime:, execution_frame.cc:870 VerifyOutputSizes] Expected shape from model of {} does not match actual shape of {2} for output output[m
[0;93m2026-05-03 01:01:34.446165 [W:onnxruntime:, execution_frame.cc:870 VerifyOutputSizes] Expected shape from model of {} does not match actual shape of {2} for output output[m
[0;93m2026-05-03 01:01:34.485029 [W:onnxruntime:, execution_frame.cc:870 VerifyOutputSizes] Expected shape from model of {} does not match actual shape of {2} for output output[m
  550/800
[0;93m2026-05-03 01:01:34.523975 [W:onnxruntime:, execution_frame.cc:870 VerifyOutputSizes] Expected shape from model of {} does not match actual shape of {2} for output output[m
[0;93m2026-05-03 01:01:34.566448 [W:onnxruntime:, execution_frame.cc:870 VerifyOutputSizes] Expected shape from model of {} does not match actual shape of {2} for output output[m
[0;93m2026-05-03 01:01:34.605417 [W:onnxruntime:, execution_frame.cc:870 VerifyOutputSizes] Expected shape from model of {} does not match actual shape of {2} for output output[m
[0;93m2026-05-03 01:01:34.630309 [W:onnxruntime:, execution_frame.cc:870 VerifyOutputSizes] Expected shape from model of {} does not match actual shape of {2} for output output[m
[0;93m2026-05-03 01:01:34.670223 [W:onnxruntime:, execution_frame.cc:870 VerifyOutputSizes] Expected shape from model of {} does not match actual shape of {2} for output output[m
[0;93m2026-05-03 01:01:34.712376 [W:onnxruntime:, execution_frame.cc:870 VerifyOutputSizes] Expected shape from model of {} does not match actual shape of {2} for output output[m
[0;93m2026-05-03 01:01:34.753948 [W:onnxruntime:, execution_frame.cc:870 VerifyOutputSizes] Expected shape from model of {} does not match actual shape of {2} for output output[m
[0;93m2026-05-03 01:01:34.794853 [W:onnxruntime:, execution_frame.cc:870 VerifyOutputSizes] Expected shape from model of {} does not match actual shape of {2} for output output[m
[0;93m2026-05-03 01:01:34.818312 [W:onnxruntime:, execution_frame.cc:870 VerifyOutputSizes] Expected shape from model of {} does not match actual shape of {2} for output output[m
[0;93m2026-05-03 01:01:34.861745 [W:onnxruntime:, execution_frame.cc:870 VerifyOutputSizes] Expected shape from model of {} does not match actual shape of {2} for output output[m
[0;93m2026-05-03 01:01:34.901697 [W:onnxruntime:, execution_frame.cc:870 VerifyOutputSizes] Expected shape from model of {} does not match actual shape of {2} for output output[m
[0;93m2026-05-03 01:01:34.926818 [W:onnxruntime:, execution_frame.cc:870 VerifyOutputSizes] Expected shape from model of {} does not match actual shape of {2} for output output[m
[0;93m2026-05-03 01:01:34.949751 [W:onnxruntime:, execution_frame.cc:870 VerifyOutputSizes] Expected shape from model of {} does not match actual shape of {2} for output output[m
[0;93m2026-05-03 01:01:34.991366 [W:onnxruntime:, execution_frame.cc:870 VerifyOutputSizes] Expected shape from model of {} does not match actual shape of {2} for output output[m
[0;93m2026-05-03 01:01:35.031889 [W:onnxruntime:, execution_frame.cc:870 VerifyOutputSizes] Expected shape from model of {} does not match actual shape of {2} for output output[m
[0;93m2026-05-03 01:01:35.070933 [W:onnxruntime:, execution_frame.cc:870 VerifyOutputSizes] Expected shape from model of {} does not match actual shape of {2} for output output[m
[0;93m2026-05-03 01:01:35.103994 [W:onnxruntime:, execution_frame.cc:870 VerifyOutputSizes] Expected shape from model of {} does not match actual shape of {2} for output output[m
[0;93m2026-05-03 01:01:35.149189 [W:onnxruntime:, execution_frame.cc:870 VerifyOutputSizes] Expected shape from model of {} does not match actual shape of {2} for output output[m
[0;93m2026-05-03 01:01:35.186956 [W:onnxruntime:, execution_frame.cc:870 VerifyOutputSizes] Expected shape from model of {} does not match actual shape of {2} for output output[m
[0;93m2026-05-03 01:01:35.229802 [W:onnxruntime:, execution_frame.cc:870 VerifyOutputSizes] Expected shape from model of {} does not match actual shape of {2} for output output[m
[0;93m2026-05-03 01:01:35.272447 [W:onnxruntime:, execution_frame.cc:870 VerifyOutputSizes] Expected shape from model of {} does not match actual shape of {2} for output output[m
[0;93m2026-05-03 01:01:35.319220 [W:onnxruntime:, execution_frame.cc:870 VerifyOutputSizes] Expected shape from model of {} does not match actual shape of {2} for output output[m
[0;93m2026-05-03 01:01:35.359675 [W:onnxruntime:, execution_frame.cc:870 VerifyOutputSizes] Expected shape from model of {} does not match actual shape of {2} for output output[m
[0;93m2026-05-03 01:01:35.401263 [W:onnxruntime:, execution_frame.cc:870 VerifyOutputSizes] Expected shape from model of {} does not match actual shape of {2} for output output[m
[0;93m2026-05-03 01:01:35.423660 [W:onnxruntime:, execution_frame.cc:870 VerifyOutputSizes] Expected shape from model of {} does not match actual shape of {2} for output output[m
[0;93m2026-05-03 01:01:35.467167 [W:onnxruntime:, execution_frame.cc:870 VerifyOutputSizes] Expected shape from model of {} does not match actual shape of {2} for output output[m
[0;93m2026-05-03 01:01:35.508600 [W:onnxruntime:, execution_frame.cc:870 VerifyOutputSizes] Expected shape from model of {} does not match actual shape of {2} for output output[m
[0;93m2026-05-03 01:01:35.532085 [W:onnxruntime:, execution_frame.cc:870 VerifyOutputSizes] Expected shape from model of {} does not match actual shape of {2} for output output[m
[0;93m2026-05-03 01:01:35.570900 [W:onnxruntime:, execution_frame.cc:870 VerifyOutputSizes] Expected shape from model of {} does not match actual shape of {2} for output output[m
[0;93m2026-05-03 01:01:35.610283 [W:onnxruntime:, execution_frame.cc:870 VerifyOutputSizes] Expected shape from model of {} does not match actual shape of {2} for output output[m
[0;93m2026-05-03 01:01:35.647360 [W:onnxruntime:, execution_frame.cc:870 VerifyOutputSizes] Expected shape from model of {} does not match actual shape of {2} for output output[m
[0;93m2026-05-03 01:01:35.669982 [W:onnxruntime:, execution_frame.cc:870 VerifyOutputSizes] Expected shape from model of {} does not match actual shape of {2} for output output[m
[0;93m2026-05-03 01:01:35.708327 [W:onnxruntime:, execution_frame.cc:870 VerifyOutputSizes] Expected shape from model of {} does not match actual shape of {2} for output output[m
[0;93m2026-05-03 01:01:35.746923 [W:onnxruntime:, execution_frame.cc:870 VerifyOutputSizes] Expected shape from model of {} does not match actual shape of {2} for output output[m
[0;93m2026-05-03 01:01:35.784179 [W:onnxruntime:, execution_frame.cc:870 VerifyOutputSizes] Expected shape from model of {} does not match actual shape of {2} for output output[m
[0;93m2026-05-03 01:01:35.820252 [W:onnxruntime:, execution_frame.cc:870 VerifyOutputSizes] Expected shape from model of {} does not match actual shape of {2} for output output[m
[0;93m2026-05-03 01:01:35.842623 [W:onnxruntime:, execution_frame.cc:870 VerifyOutputSizes] Expected shape from model of {} does not match actual shape of {2} for output output[m
[0;93m2026-05-03 01:01:35.881465 [W:onnxruntime:, execution_frame.cc:870 VerifyOutputSizes] Expected shape from model of {} does not match actual shape of {2} for output output[m
[0;93m2026-05-03 01:01:35.919006 [W:onnxruntime:, execution_frame.cc:870 VerifyOutputSizes] Expected shape from model of {} does not match actual shape of {2} for output output[m
[0;93m2026-05-03 01:01:35.957789 [W:onnxruntime:, execution_frame.cc:870 VerifyOutputSizes] Expected shape from model of {} does not match actual shape of {2} for output output[m
[0;93m2026-05-03 01:01:35.994903 [W:onnxruntime:, execution_frame.cc:870 VerifyOutputSizes] Expected shape from model of {} does not match actual shape of {2} for output output[m
[0;93m2026-05-03 01:01:36.031706 [W:onnxruntime:, execution_frame.cc:870 VerifyOutputSizes] Expected shape from model of {} does not match actual shape of {2} for output output[m
[0;93m2026-05-03 01:01:36.056404 [W:onnxruntime:, execution_frame.cc:870 VerifyOutputSizes] Expected shape from model of {} does not match actual shape of {2} for output output[m
[0;93m2026-05-03 01:01:36.081518 [W:onnxruntime:, execution_frame.cc:870 VerifyOutputSizes] Expected shape from model of {} does not match actual shape of {2} for output output[m
[0;93m2026-05-03 01:01:36.120308 [W:onnxruntime:, execution_frame.cc:870 VerifyOutputSizes] Expected shape from model of {} does not match actual shape of {2} for output output[m
[0;93m2026-05-03 01:01:36.158829 [W:onnxruntime:, execution_frame.cc:870 VerifyOutputSizes] Expected shape from model of {} does not match actual shape of {2} for output output[m
[0;93m2026-05-03 01:01:36.185591 [W:onnxruntime:, execution_frame.cc:870 VerifyOutputSizes] Expected shape from model of {} does not match actual shape of {2} for output output[m
[0;93m2026-05-03 01:01:36.228651 [W:onnxruntime:, execution_frame.cc:870 VerifyOutputSizes] Expected shape from model of {} does not match actual shape of {2} for output output[m
[0;93m2026-05-03 01:01:36.267663 [W:onnxruntime:, execution_frame.cc:870 VerifyOutputSizes] Expected shape from model of {} does not match actual shape of {2} for output output[m
[0;93m2026-05-03 01:01:36.304556 [W:onnxruntime:, execution_frame.cc:870 VerifyOutputSizes] Expected shape from model of {} does not match actual shape of {2} for output output[m
  600/800
[0;93m2026-05-03 01:01:36.342589 [W:onnxruntime:, execution_frame.cc:870 VerifyOutputSizes] Expected shape from model of {} does not match actual shape of {2} for output output[m
[0;93m2026-05-03 01:01:36.385193 [W:onnxruntime:, execution_frame.cc:870 VerifyOutputSizes] Expected shape from model of {} does not match actual shape of {2} for output output[m
[0;93m2026-05-03 01:01:36.427548 [W:onnxruntime:, execution_frame.cc:870 VerifyOutputSizes] Expected shape from model of {} does not match actual shape of {2} for output output[m
[0;93m2026-05-03 01:01:36.466077 [W:onnxruntime:, execution_frame.cc:870 VerifyOutputSizes] Expected shape from model of {} does not match actual shape of {2} for output output[m
[0;93m2026-05-03 01:01:36.504115 [W:onnxruntime:, execution_frame.cc:870 VerifyOutputSizes] Expected shape from model of {} does not match actual shape of {2} for output output[m
[0;93m2026-05-03 01:01:36.546582 [W:onnxruntime:, execution_frame.cc:870 VerifyOutputSizes] Expected shape from model of {} does not match actual shape of {2} for output output[m
[0;93m2026-05-03 01:01:36.584941 [W:onnxruntime:, execution_frame.cc:870 VerifyOutputSizes] Expected shape from model of {} does not match actual shape of {2} for output output[m
[0;93m2026-05-03 01:01:36.625371 [W:onnxruntime:, execution_frame.cc:870 VerifyOutputSizes] Expected shape from model of {} does not match actual shape of {2} for output output[m
[0;93m2026-05-03 01:01:36.667478 [W:onnxruntime:, execution_frame.cc:870 VerifyOutputSizes] Expected shape from model of {} does not match actual shape of {2} for output output[m
[0;93m2026-05-03 01:01:36.708006 [W:onnxruntime:, execution_frame.cc:870 VerifyOutputSizes] Expected shape from model of {} does not match actual shape of {2} for output output[m
[0;93m2026-05-03 01:01:36.748429 [W:onnxruntime:, execution_frame.cc:870 VerifyOutputSizes] Expected shape from model of {} does not match actual shape of {2} for output output[m
[0;93m2026-05-03 01:01:36.788662 [W:onnxruntime:, execution_frame.cc:870 VerifyOutputSizes] Expected shape from model of {} does not match actual shape of {2} for output output[m
[0;93m2026-05-03 01:01:36.811097 [W:onnxruntime:, execution_frame.cc:870 VerifyOutputSizes] Expected shape from model of {} does not match actual shape of {2} for output output[m
[0;93m2026-05-03 01:01:36.852272 [W:onnxruntime:, execution_frame.cc:870 VerifyOutputSizes] Expected shape from model of {} does not match actual shape of {2} for output output[m
[0;93m2026-05-03 01:01:36.876240 [W:onnxruntime:, execution_frame.cc:870 VerifyOutputSizes] Expected shape from model of {} does not match actual shape of {2} for output output[m
[0;93m2026-05-03 01:01:36.919954 [W:onnxruntime:, execution_frame.cc:870 VerifyOutputSizes] Expected shape from model of {} does not match actual shape of {2} for output output[m
[0;93m2026-05-03 01:01:36.963223 [W:onnxruntime:, execution_frame.cc:870 VerifyOutputSizes] Expected shape from model of {} does not match actual shape of {2} for output output[m
[0;93m2026-05-03 01:01:37.007068 [W:onnxruntime:, execution_frame.cc:870 VerifyOutputSizes] Expected shape from model of {} does not match actual shape of {2} for output output[m
[0;93m2026-05-03 01:01:37.049729 [W:onnxruntime:, execution_frame.cc:870 VerifyOutputSizes] Expected shape from model of {} does not match actual shape of {2} for output output[m
[0;93m2026-05-03 01:01:37.093142 [W:onnxruntime:, execution_frame.cc:870 VerifyOutputSizes] Expected shape from model of {} does not match actual shape of {2} for output output[m
[0;93m2026-05-03 01:01:37.116901 [W:onnxruntime:, execution_frame.cc:870 VerifyOutputSizes] Expected shape from model of {} does not match actual shape of {2} for output output[m
[0;93m2026-05-03 01:01:37.160689 [W:onnxruntime:, execution_frame.cc:870 VerifyOutputSizes] Expected shape from model of {} does not match actual shape of {2} for output output[m
[0;93m2026-05-03 01:01:37.202854 [W:onnxruntime:, execution_frame.cc:870 VerifyOutputSizes] Expected shape from model of {} does not match actual shape of {2} for output output[m
[0;93m2026-05-03 01:01:37.251816 [W:onnxruntime:, execution_frame.cc:870 VerifyOutputSizes] Expected shape from model of {} does not match actual shape of {2} for output output[m
[0;93m2026-05-03 01:01:37.294180 [W:onnxruntime:, execution_frame.cc:870 VerifyOutputSizes] Expected shape from model of {} does not match actual shape of {2} for output output[m
[0;93m2026-05-03 01:01:37.335460 [W:onnxruntime:, execution_frame.cc:870 VerifyOutputSizes] Expected shape from model of {} does not match actual shape of {2} for output output[m
[0;93m2026-05-03 01:01:37.375367 [W:onnxruntime:, execution_frame.cc:870 VerifyOutputSizes] Expected shape from model of {} does not match actual shape of {2} for output output[m
[0;93m2026-05-03 01:01:37.399246 [W:onnxruntime:, execution_frame.cc:870 VerifyOutputSizes] Expected shape from model of {} does not match actual shape of {2} for output output[m
[0;93m2026-05-03 01:01:37.437168 [W:onnxruntime:, execution_frame.cc:870 VerifyOutputSizes] Expected shape from model of {} does not match actual shape of {2} for output output[m
[0;93m2026-05-03 01:01:37.475855 [W:onnxruntime:, execution_frame.cc:870 VerifyOutputSizes] Expected shape from model of {} does not match actual shape of {2} for output output[m
[0;93m2026-05-03 01:01:37.516819 [W:onnxruntime:, execution_frame.cc:870 VerifyOutputSizes] Expected shape from model of {} does not match actual shape of {2} for output output[m
[0;93m2026-05-03 01:01:37.557947 [W:onnxruntime:, execution_frame.cc:870 VerifyOutputSizes] Expected shape from model of {} does not match actual shape of {2} for output output[m
[0;93m2026-05-03 01:01:37.598714 [W:onnxruntime:, execution_frame.cc:870 VerifyOutputSizes] Expected shape from model of {} does not match actual shape of {2} for output output[m
[0;93m2026-05-03 01:01:37.622196 [W:onnxruntime:, execution_frame.cc:870 VerifyOutputSizes] Expected shape from model of {} does not match actual shape of {2} for output output[m
[0;93m2026-05-03 01:01:37.644483 [W:onnxruntime:, execution_frame.cc:870 VerifyOutputSizes] Expected shape from model of {} does not match actual shape of {2} for output output[m
[0;93m2026-05-03 01:01:37.680898 [W:onnxruntime:, execution_frame.cc:870 VerifyOutputSizes] Expected shape from model of {} does not match actual shape of {2} for output output[m
[0;93m2026-05-03 01:01:37.719239 [W:onnxruntime:, execution_frame.cc:870 VerifyOutputSizes] Expected shape from model of {} does not match actual shape of {2} for output output[m
[0;93m2026-05-03 01:01:37.756291 [W:onnxruntime:, execution_frame.cc:870 VerifyOutputSizes] Expected shape from model of {} does not match actual shape of {2} for output output[m
[0;93m2026-05-03 01:01:37.778909 [W:onnxruntime:, execution_frame.cc:870 VerifyOutputSizes] Expected shape from model of {} does not match actual shape of {2} for output output[m
[0;93m2026-05-03 01:01:37.815650 [W:onnxruntime:, execution_frame.cc:870 VerifyOutputSizes] Expected shape from model of {} does not match actual shape of {2} for output output[m
[0;93m2026-05-03 01:01:37.854736 [W:onnxruntime:, execution_frame.cc:870 VerifyOutputSizes] Expected shape from model of {} does not match actual shape of {2} for output output[m
[0;93m2026-05-03 01:01:37.893722 [W:onnxruntime:, execution_frame.cc:870 VerifyOutputSizes] Expected shape from model of {} does not match actual shape of {2} for output output[m
[0;93m2026-05-03 01:01:37.931940 [W:onnxruntime:, execution_frame.cc:870 VerifyOutputSizes] Expected shape from model of {} does not match actual shape of {2} for output output[m
[0;93m2026-05-03 01:01:37.968409 [W:onnxruntime:, execution_frame.cc:870 VerifyOutputSizes] Expected shape from model of {} does not match actual shape of {2} for output output[m
[0;93m2026-05-03 01:01:37.990511 [W:onnxruntime:, execution_frame.cc:870 VerifyOutputSizes] Expected shape from model of {} does not match actual shape of {2} for output output[m
[0;93m2026-05-03 01:01:38.012965 [W:onnxruntime:, execution_frame.cc:870 VerifyOutputSizes] Expected shape from model of {} does not match actual shape of {2} for output output[m
[0;93m2026-05-03 01:01:38.048849 [W:onnxruntime:, execution_frame.cc:870 VerifyOutputSizes] Expected shape from model of {} does not match actual shape of {2} for output output[m
[0;93m2026-05-03 01:01:38.071199 [W:onnxruntime:, execution_frame.cc:870 VerifyOutputSizes] Expected shape from model of {} does not match actual shape of {2} for output output[m
[0;93m2026-05-03 01:01:38.109530 [W:onnxruntime:, execution_frame.cc:870 VerifyOutputSizes] Expected shape from model of {} does not match actual shape of {2} for output output[m
[0;93m2026-05-03 01:01:38.149244 [W:onnxruntime:, execution_frame.cc:870 VerifyOutputSizes] Expected shape from model of {} does not match actual shape of {2} for output output[m
  650/800
[0;93m2026-05-03 01:01:38.188613 [W:onnxruntime:, execution_frame.cc:870 VerifyOutputSizes] Expected shape from model of {} does not match actual shape of {2} for output output[m
[0;93m2026-05-03 01:01:38.226947 [W:onnxruntime:, execution_frame.cc:870 VerifyOutputSizes] Expected shape from model of {} does not match actual shape of {2} for output output[m
[0;93m2026-05-03 01:01:38.267280 [W:onnxruntime:, execution_frame.cc:870 VerifyOutputSizes] Expected shape from model of {} does not match actual shape of {2} for output output[m
[0;93m2026-05-03 01:01:38.309019 [W:onnxruntime:, execution_frame.cc:870 VerifyOutputSizes] Expected shape from model of {} does not match actual shape of {2} for output output[m
[0;93m2026-05-03 01:01:38.352249 [W:onnxruntime:, execution_frame.cc:870 VerifyOutputSizes] Expected shape from model of {} does not match actual shape of {2} for output output[m
[0;93m2026-05-03 01:01:38.390722 [W:onnxruntime:, execution_frame.cc:870 VerifyOutputSizes] Expected shape from model of {} does not match actual shape of {2} for output output[m
[0;93m2026-05-03 01:01:38.414779 [W:onnxruntime:, execution_frame.cc:870 VerifyOutputSizes] Expected shape from model of {} does not match actual shape of {2} for output output[m
[0;93m2026-05-03 01:01:38.453811 [W:onnxruntime:, execution_frame.cc:870 VerifyOutputSizes] Expected shape from model of {} does not match actual shape of {2} for output output[m
[0;93m2026-05-03 01:01:38.497106 [W:onnxruntime:, execution_frame.cc:870 VerifyOutputSizes] Expected shape from model of {} does not match actual shape of {2} for output output[m
[0;93m2026-05-03 01:01:38.537061 [W:onnxruntime:, execution_frame.cc:870 VerifyOutputSizes] Expected shape from model of {} does not match actual shape of {2} for output output[m
[0;93m2026-05-03 01:01:38.560461 [W:onnxruntime:, execution_frame.cc:870 VerifyOutputSizes] Expected shape from model of {} does not match actual shape of {2} for output output[m
[0;93m2026-05-03 01:01:38.601700 [W:onnxruntime:, execution_frame.cc:870 VerifyOutputSizes] Expected shape from model of {} does not match actual shape of {2} for output output[m
[0;93m2026-05-03 01:01:38.647424 [W:onnxruntime:, execution_frame.cc:870 VerifyOutputSizes] Expected shape from model of {} does not match actual shape of {2} for output output[m
[0;93m2026-05-03 01:01:38.690519 [W:onnxruntime:, execution_frame.cc:870 VerifyOutputSizes] Expected shape from model of {} does not match actual shape of {2} for output output[m
[0;93m2026-05-03 01:01:38.734050 [W:onnxruntime:, execution_frame.cc:870 VerifyOutputSizes] Expected shape from model of {} does not match actual shape of {2} for output output[m
[0;93m2026-05-03 01:01:38.755835 [W:onnxruntime:, execution_frame.cc:870 VerifyOutputSizes] Expected shape from model of {} does not match actual shape of {2} for output output[m
[0;93m2026-05-03 01:01:38.795429 [W:onnxruntime:, execution_frame.cc:870 VerifyOutputSizes] Expected shape from model of {} does not match actual shape of {2} for output output[m
[0;93m2026-05-03 01:01:38.837534 [W:onnxruntime:, execution_frame.cc:870 VerifyOutputSizes] Expected shape from model of {} does not match actual shape of {2} for output output[m
[0;93m2026-05-03 01:01:38.879740 [W:onnxruntime:, execution_frame.cc:870 VerifyOutputSizes] Expected shape from model of {} does not match actual shape of {2} for output output[m
[0;93m2026-05-03 01:01:38.917799 [W:onnxruntime:, execution_frame.cc:870 VerifyOutputSizes] Expected shape from model of {} does not match actual shape of {2} for output output[m
[0;93m2026-05-03 01:01:38.942357 [W:onnxruntime:, execution_frame.cc:870 VerifyOutputSizes] Expected shape from model of {} does not match actual shape of {2} for output output[m
[0;93m2026-05-03 01:01:38.965766 [W:onnxruntime:, execution_frame.cc:870 VerifyOutputSizes] Expected shape from model of {} does not match actual shape of {2} for output output[m
[0;93m2026-05-03 01:01:39.002377 [W:onnxruntime:, execution_frame.cc:870 VerifyOutputSizes] Expected shape from model of {} does not match actual shape of {2} for output output[m
[0;93m2026-05-03 01:01:39.025656 [W:onnxruntime:, execution_frame.cc:870 VerifyOutputSizes] Expected shape from model of {} does not match actual shape of {2} for output output[m
[0;93m2026-05-03 01:01:39.049321 [W:onnxruntime:, execution_frame.cc:870 VerifyOutputSizes] Expected shape from model of {} does not match actual shape of {2} for output output[m
[0;93m2026-05-03 01:01:39.091257 [W:onnxruntime:, execution_frame.cc:870 VerifyOutputSizes] Expected shape from model of {} does not match actual shape of {2} for output output[m
[0;93m2026-05-03 01:01:39.137018 [W:onnxruntime:, execution_frame.cc:870 VerifyOutputSizes] Expected shape from model of {} does not match actual shape of {2} for output output[m
[0;93m2026-05-03 01:01:39.175258 [W:onnxruntime:, execution_frame.cc:870 VerifyOutputSizes] Expected shape from model of {} does not match actual shape of {2} for output output[m
[0;93m2026-05-03 01:01:39.198718 [W:onnxruntime:, execution_frame.cc:870 VerifyOutputSizes] Expected shape from model of {} does not match actual shape of {2} for output output[m
[0;93m2026-05-03 01:01:39.242744 [W:onnxruntime:, execution_frame.cc:870 VerifyOutputSizes] Expected shape from model of {} does not match actual shape of {2} for output output[m
[0;93m2026-05-03 01:01:39.285871 [W:onnxruntime:, execution_frame.cc:870 VerifyOutputSizes] Expected shape from model of {} does not match actual shape of {2} for output output[m
[0;93m2026-05-03 01:01:39.332610 [W:onnxruntime:, execution_frame.cc:870 VerifyOutputSizes] Expected shape from model of {} does not match actual shape of {2} for output output[m
[0;93m2026-05-03 01:01:39.376697 [W:onnxruntime:, execution_frame.cc:870 VerifyOutputSizes] Expected shape from model of {} does not match actual shape of {2} for output output[m
[0;93m2026-05-03 01:01:39.420084 [W:onnxruntime:, execution_frame.cc:870 VerifyOutputSizes] Expected shape from model of {} does not match actual shape of {2} for output output[m
[0;93m2026-05-03 01:01:39.444763 [W:onnxruntime:, execution_frame.cc:870 VerifyOutputSizes] Expected shape from model of {} does not match actual shape of {2} for output output[m
[0;93m2026-05-03 01:01:39.489140 [W:onnxruntime:, execution_frame.cc:870 VerifyOutputSizes] Expected shape from model of {} does not match actual shape of {2} for output output[m
[0;93m2026-05-03 01:01:39.538206 [W:onnxruntime:, execution_frame.cc:870 VerifyOutputSizes] Expected shape from model of {} does not match actual shape of {2} for output output[m
[0;93m2026-05-03 01:01:39.578493 [W:onnxruntime:, execution_frame.cc:870 VerifyOutputSizes] Expected shape from model of {} does not match actual shape of {2} for output output[m
[0;93m2026-05-03 01:01:39.621444 [W:onnxruntime:, execution_frame.cc:870 VerifyOutputSizes] Expected shape from model of {} does not match actual shape of {2} for output output[m
[0;93m2026-05-03 01:01:39.661574 [W:onnxruntime:, execution_frame.cc:870 VerifyOutputSizes] Expected shape from model of {} does not match actual shape of {2} for output output[m
[0;93m2026-05-03 01:01:39.698984 [W:onnxruntime:, execution_frame.cc:870 VerifyOutputSizes] Expected shape from model of {} does not match actual shape of {2} for output output[m
[0;93m2026-05-03 01:01:39.737479 [W:onnxruntime:, execution_frame.cc:870 VerifyOutputSizes] Expected shape from model of {} does not match actual shape of {2} for output output[m
[0;93m2026-05-03 01:01:39.777485 [W:onnxruntime:, execution_frame.cc:870 VerifyOutputSizes] Expected shape from model of {} does not match actual shape of {2} for output output[m
[0;93m2026-05-03 01:01:39.800123 [W:onnxruntime:, execution_frame.cc:870 VerifyOutputSizes] Expected shape from model of {} does not match actual shape of {2} for output output[m
[0;93m2026-05-03 01:01:39.838936 [W:onnxruntime:, execution_frame.cc:870 VerifyOutputSizes] Expected shape from model of {} does not match actual shape of {2} for output output[m
[0;93m2026-05-03 01:01:39.862715 [W:onnxruntime:, execution_frame.cc:870 VerifyOutputSizes] Expected shape from model of {} does not match actual shape of {2} for output output[m
[0;93m2026-05-03 01:01:39.901278 [W:onnxruntime:, execution_frame.cc:870 VerifyOutputSizes] Expected shape from model of {} does not match actual shape of {2} for output output[m
[0;93m2026-05-03 01:01:39.924617 [W:onnxruntime:, execution_frame.cc:870 VerifyOutputSizes] Expected shape from model of {} does not match actual shape of {2} for output output[m
[0;93m2026-05-03 01:01:39.960209 [W:onnxruntime:, execution_frame.cc:870 VerifyOutputSizes] Expected shape from model of {} does not match actual shape of {2} for output output[m
[0;93m2026-05-03 01:01:39.983419 [W:onnxruntime:, execution_frame.cc:870 VerifyOutputSizes] Expected shape from model of {} does not match actual shape of {2} for output output[m
  700/800
[0;93m2026-05-03 01:01:40.022285 [W:onnxruntime:, execution_frame.cc:870 VerifyOutputSizes] Expected shape from model of {} does not match actual shape of {2} for output output[m
[0;93m2026-05-03 01:01:40.061261 [W:onnxruntime:, execution_frame.cc:870 VerifyOutputSizes] Expected shape from model of {} does not match actual shape of {2} for output output[m
[0;93m2026-05-03 01:01:40.100375 [W:onnxruntime:, execution_frame.cc:870 VerifyOutputSizes] Expected shape from model of {} does not match actual shape of {2} for output output[m
[0;93m2026-05-03 01:01:40.138884 [W:onnxruntime:, execution_frame.cc:870 VerifyOutputSizes] Expected shape from model of {} does not match actual shape of {2} for output output[m
[0;93m2026-05-03 01:01:40.175324 [W:onnxruntime:, execution_frame.cc:870 VerifyOutputSizes] Expected shape from model of {} does not match actual shape of {2} for output output[m
[0;93m2026-05-03 01:01:40.220184 [W:onnxruntime:, execution_frame.cc:870 VerifyOutputSizes] Expected shape from model of {} does not match actual shape of {2} for output output[m
[0;93m2026-05-03 01:01:40.261713 [W:onnxruntime:, execution_frame.cc:870 VerifyOutputSizes] Expected shape from model of {} does not match actual shape of {2} for output output[m
[0;93m2026-05-03 01:01:40.303509 [W:onnxruntime:, execution_frame.cc:870 VerifyOutputSizes] Expected shape from model of {} does not match actual shape of {2} for output output[m
[0;93m2026-05-03 01:01:40.345648 [W:onnxruntime:, execution_frame.cc:870 VerifyOutputSizes] Expected shape from model of {} does not match actual shape of {2} for output output[m
[0;93m2026-05-03 01:01:40.390923 [W:onnxruntime:, execution_frame.cc:870 VerifyOutputSizes] Expected shape from model of {} does not match actual shape of {2} for output output[m
[0;93m2026-05-03 01:01:40.415258 [W:onnxruntime:, execution_frame.cc:870 VerifyOutputSizes] Expected shape from model of {} does not match actual shape of {2} for output output[m
[0;93m2026-05-03 01:01:40.455394 [W:onnxruntime:, execution_frame.cc:870 VerifyOutputSizes] Expected shape from model of {} does not match actual shape of {2} for output output[m
[0;93m2026-05-03 01:01:40.498473 [W:onnxruntime:, execution_frame.cc:870 VerifyOutputSizes] Expected shape from model of {} does not match actual shape of {2} for output output[m
[0;93m2026-05-03 01:01:40.536148 [W:onnxruntime:, execution_frame.cc:870 VerifyOutputSizes] Expected shape from model of {} does not match actual shape of {2} for output output[m
[0;93m2026-05-03 01:01:40.575351 [W:onnxruntime:, execution_frame.cc:870 VerifyOutputSizes] Expected shape from model of {} does not match actual shape of {2} for output output[m
[0;93m2026-05-03 01:01:40.598936 [W:onnxruntime:, execution_frame.cc:870 VerifyOutputSizes] Expected shape from model of {} does not match actual shape of {2} for output output[m
[0;93m2026-05-03 01:01:40.640463 [W:onnxruntime:, execution_frame.cc:870 VerifyOutputSizes] Expected shape from model of {} does not match actual shape of {2} for output output[m
[0;93m2026-05-03 01:01:40.684074 [W:onnxruntime:, execution_frame.cc:870 VerifyOutputSizes] Expected shape from model of {} does not match actual shape of {2} for output output[m
[0;93m2026-05-03 01:01:40.708741 [W:onnxruntime:, execution_frame.cc:870 VerifyOutputSizes] Expected shape from model of {} does not match actual shape of {2} for output output[m
[0;93m2026-05-03 01:01:40.746912 [W:onnxruntime:, execution_frame.cc:870 VerifyOutputSizes] Expected shape from model of {} does not match actual shape of {2} for output output[m
[0;93m2026-05-03 01:01:40.784330 [W:onnxruntime:, execution_frame.cc:870 VerifyOutputSizes] Expected shape from model of {} does not match actual shape of {2} for output output[m
[0;93m2026-05-03 01:01:40.828029 [W:onnxruntime:, execution_frame.cc:870 VerifyOutputSizes] Expected shape from model of {} does not match actual shape of {2} for output output[m
[0;93m2026-05-03 01:01:40.864515 [W:onnxruntime:, execution_frame.cc:870 VerifyOutputSizes] Expected shape from model of {} does not match actual shape of {2} for output output[m
[0;93m2026-05-03 01:01:40.906669 [W:onnxruntime:, execution_frame.cc:870 VerifyOutputSizes] Expected shape from model of {} does not match actual shape of {2} for output output[m
[0;93m2026-05-03 01:01:40.931984 [W:onnxruntime:, execution_frame.cc:870 VerifyOutputSizes] Expected shape from model of {} does not match actual shape of {2} for output output[m
[0;93m2026-05-03 01:01:40.974870 [W:onnxruntime:, execution_frame.cc:870 VerifyOutputSizes] Expected shape from model of {} does not match actual shape of {2} for output output[m
[0;93m2026-05-03 01:01:41.000057 [W:onnxruntime:, execution_frame.cc:870 VerifyOutputSizes] Expected shape from model of {} does not match actual shape of {2} for output output[m
[0;93m2026-05-03 01:01:41.045294 [W:onnxruntime:, execution_frame.cc:870 VerifyOutputSizes] Expected shape from model of {} does not match actual shape of {2} for output output[m
[0;93m2026-05-03 01:01:41.088765 [W:onnxruntime:, execution_frame.cc:870 VerifyOutputSizes] Expected shape from model of {} does not match actual shape of {2} for output output[m
[0;93m2026-05-03 01:01:41.128030 [W:onnxruntime:, execution_frame.cc:870 VerifyOutputSizes] Expected shape from model of {} does not match actual shape of {2} for output output[m
[0;93m2026-05-03 01:01:41.153925 [W:onnxruntime:, execution_frame.cc:870 VerifyOutputSizes] Expected shape from model of {} does not match actual shape of {2} for output output[m
[0;93m2026-05-03 01:01:41.199477 [W:onnxruntime:, execution_frame.cc:870 VerifyOutputSizes] Expected shape from model of {} does not match actual shape of {2} for output output[m
[0;93m2026-05-03 01:01:41.240186 [W:onnxruntime:, execution_frame.cc:870 VerifyOutputSizes] Expected shape from model of {} does not match actual shape of {2} for output output[m
[0;93m2026-05-03 01:01:41.278708 [W:onnxruntime:, execution_frame.cc:870 VerifyOutputSizes] Expected shape from model of {} does not match actual shape of {2} for output output[m
[0;93m2026-05-03 01:01:41.320493 [W:onnxruntime:, execution_frame.cc:870 VerifyOutputSizes] Expected shape from model of {} does not match actual shape of {2} for output output[m
[0;93m2026-05-03 01:01:41.364626 [W:onnxruntime:, execution_frame.cc:870 VerifyOutputSizes] Expected shape from model of {} does not match actual shape of {2} for output output[m
[0;93m2026-05-03 01:01:41.409353 [W:onnxruntime:, execution_frame.cc:870 VerifyOutputSizes] Expected shape from model of {} does not match actual shape of {2} for output output[m
[0;93m2026-05-03 01:01:41.454638 [W:onnxruntime:, execution_frame.cc:870 VerifyOutputSizes] Expected shape from model of {} does not match actual shape of {2} for output output[m
[0;93m2026-05-03 01:01:41.479914 [W:onnxruntime:, execution_frame.cc:870 VerifyOutputSizes] Expected shape from model of {} does not match actual shape of {2} for output output[m
[0;93m2026-05-03 01:01:41.520587 [W:onnxruntime:, execution_frame.cc:870 VerifyOutputSizes] Expected shape from model of {} does not match actual shape of {2} for output output[m
[0;93m2026-05-03 01:01:41.566268 [W:onnxruntime:, execution_frame.cc:870 VerifyOutputSizes] Expected shape from model of {} does not match actual shape of {2} for output output[m
[0;93m2026-05-03 01:01:41.607761 [W:onnxruntime:, execution_frame.cc:870 VerifyOutputSizes] Expected shape from model of {} does not match actual shape of {2} for output output[m
[0;93m2026-05-03 01:01:41.651168 [W:onnxruntime:, execution_frame.cc:870 VerifyOutputSizes] Expected shape from model of {} does not match actual shape of {2} for output output[m
[0;93m2026-05-03 01:01:41.690453 [W:onnxruntime:, execution_frame.cc:870 VerifyOutputSizes] Expected shape from model of {} does not match actual shape of {2} for output output[m
[0;93m2026-05-03 01:01:41.734952 [W:onnxruntime:, execution_frame.cc:870 VerifyOutputSizes] Expected shape from model of {} does not match actual shape of {2} for output output[m
[0;93m2026-05-03 01:01:41.773951 [W:onnxruntime:, execution_frame.cc:870 VerifyOutputSizes] Expected shape from model of {} does not match actual shape of {2} for output output[m
[0;93m2026-05-03 01:01:41.810701 [W:onnxruntime:, execution_frame.cc:870 VerifyOutputSizes] Expected shape from model of {} does not match actual shape of {2} for output output[m
[0;93m2026-05-03 01:01:41.834978 [W:onnxruntime:, execution_frame.cc:870 VerifyOutputSizes] Expected shape from model of {} does not match actual shape of {2} for output output[m
[0;93m2026-05-03 01:01:41.874014 [W:onnxruntime:, execution_frame.cc:870 VerifyOutputSizes] Expected shape from model of {} does not match actual shape of {2} for output output[m
[0;93m2026-05-03 01:01:41.912420 [W:onnxruntime:, execution_frame.cc:870 VerifyOutputSizes] Expected shape from model of {} does not match actual shape of {2} for output output[m
  750/800
[0;93m2026-05-03 01:01:41.949089 [W:onnxruntime:, execution_frame.cc:870 VerifyOutputSizes] Expected shape from model of {} does not match actual shape of {2} for output output[m
[0;93m2026-05-03 01:01:41.972393 [W:onnxruntime:, execution_frame.cc:870 VerifyOutputSizes] Expected shape from model of {} does not match actual shape of {2} for output output[m
[0;93m2026-05-03 01:01:42.011240 [W:onnxruntime:, execution_frame.cc:870 VerifyOutputSizes] Expected shape from model of {} does not match actual shape of {2} for output output[m
[0;93m2026-05-03 01:01:42.051059 [W:onnxruntime:, execution_frame.cc:870 VerifyOutputSizes] Expected shape from model of {} does not match actual shape of {2} for output output[m
[0;93m2026-05-03 01:01:42.089153 [W:onnxruntime:, execution_frame.cc:870 VerifyOutputSizes] Expected shape from model of {} does not match actual shape of {2} for output output[m
[0;93m2026-05-03 01:01:42.129219 [W:onnxruntime:, execution_frame.cc:870 VerifyOutputSizes] Expected shape from model of {} does not match actual shape of {2} for output output[m
[0;93m2026-05-03 01:01:42.152394 [W:onnxruntime:, execution_frame.cc:870 VerifyOutputSizes] Expected shape from model of {} does not match actual shape of {2} for output output[m
[0;93m2026-05-03 01:01:42.191616 [W:onnxruntime:, execution_frame.cc:870 VerifyOutputSizes] Expected shape from model of {} does not match actual shape of {2} for output output[m
[0;93m2026-05-03 01:01:42.230214 [W:onnxruntime:, execution_frame.cc:870 VerifyOutputSizes] Expected shape from model of {} does not match actual shape of {2} for output output[m
[0;93m2026-05-03 01:01:42.268880 [W:onnxruntime:, execution_frame.cc:870 VerifyOutputSizes] Expected shape from model of {} does not match actual shape of {2} for output output[m
[0;93m2026-05-03 01:01:42.311135 [W:onnxruntime:, execution_frame.cc:870 VerifyOutputSizes] Expected shape from model of {} does not match actual shape of {2} for output output[m
[0;93m2026-05-03 01:01:42.350043 [W:onnxruntime:, execution_frame.cc:870 VerifyOutputSizes] Expected shape from model of {} does not match actual shape of {2} for output output[m
[0;93m2026-05-03 01:01:42.390768 [W:onnxruntime:, execution_frame.cc:870 VerifyOutputSizes] Expected shape from model of {} does not match actual shape of {2} for output output[m
[0;93m2026-05-03 01:01:42.431806 [W:onnxruntime:, execution_frame.cc:870 VerifyOutputSizes] Expected shape from model of {} does not match actual shape of {2} for output output[m
[0;93m2026-05-03 01:01:42.469117 [W:onnxruntime:, execution_frame.cc:870 VerifyOutputSizes] Expected shape from model of {} does not match actual shape of {2} for output output[m
[0;93m2026-05-03 01:01:42.509335 [W:onnxruntime:, execution_frame.cc:870 VerifyOutputSizes] Expected shape from model of {} does not match actual shape of {2} for output output[m
[0;93m2026-05-03 01:01:42.532910 [W:onnxruntime:, execution_frame.cc:870 VerifyOutputSizes] Expected shape from model of {} does not match actual shape of {2} for output output[m
[0;93m2026-05-03 01:01:42.570717 [W:onnxruntime:, execution_frame.cc:870 VerifyOutputSizes] Expected shape from model of {} does not match actual shape of {2} for output output[m
[0;93m2026-05-03 01:01:42.596008 [W:onnxruntime:, execution_frame.cc:870 VerifyOutputSizes] Expected shape from model of {} does not match actual shape of {2} for output output[m
[0;93m2026-05-03 01:01:42.638937 [W:onnxruntime:, execution_frame.cc:870 VerifyOutputSizes] Expected shape from model of {} does not match actual shape of {2} for output output[m
[0;93m2026-05-03 01:01:42.677899 [W:onnxruntime:, execution_frame.cc:870 VerifyOutputSizes] Expected shape from model of {} does not match actual shape of {2} for output output[m
[0;93m2026-05-03 01:01:42.720998 [W:onnxruntime:, execution_frame.cc:870 VerifyOutputSizes] Expected shape from model of {} does not match actual shape of {2} for output output[m
[0;93m2026-05-03 01:01:42.762924 [W:onnxruntime:, execution_frame.cc:870 VerifyOutputSizes] Expected shape from model of {} does not match actual shape of {2} for output output[m
[0;93m2026-05-03 01:01:42.800650 [W:onnxruntime:, execution_frame.cc:870 VerifyOutputSizes] Expected shape from model of {} does not match actual shape of {2} for output output[m
[0;93m2026-05-03 01:01:42.840716 [W:onnxruntime:, execution_frame.cc:870 VerifyOutputSizes] Expected shape from model of {} does not match actual shape of {2} for output output[m
[0;93m2026-05-03 01:01:42.884093 [W:onnxruntime:, execution_frame.cc:870 VerifyOutputSizes] Expected shape from model of {} does not match actual shape of {2} for output output[m
[0;93m2026-05-03 01:01:42.930704 [W:onnxruntime:, execution_frame.cc:870 VerifyOutputSizes] Expected shape from model of {} does not match actual shape of {2} for output output[m
[0;93m2026-05-03 01:01:42.957616 [W:onnxruntime:, execution_frame.cc:870 VerifyOutputSizes] Expected shape from model of {} does not match actual shape of {2} for output output[m
[0;93m2026-05-03 01:01:42.982686 [W:onnxruntime:, execution_frame.cc:870 VerifyOutputSizes] Expected shape from model of {} does not match actual shape of {2} for output output[m
[0;93m2026-05-03 01:01:43.026148 [W:onnxruntime:, execution_frame.cc:870 VerifyOutputSizes] Expected shape from model of {} does not match actual shape of {2} for output output[m
[0;93m2026-05-03 01:01:43.067349 [W:onnxruntime:, execution_frame.cc:870 VerifyOutputSizes] Expected shape from model of {} does not match actual shape of {2} for output output[m
[0;93m2026-05-03 01:01:43.107692 [W:onnxruntime:, execution_frame.cc:870 VerifyOutputSizes] Expected shape from model of {} does not match actual shape of {2} for output output[m
[0;93m2026-05-03 01:01:43.151074 [W:onnxruntime:, execution_frame.cc:870 VerifyOutputSizes] Expected shape from model of {} does not match actual shape of {2} for output output[m
[0;93m2026-05-03 01:01:43.190940 [W:onnxruntime:, execution_frame.cc:870 VerifyOutputSizes] Expected shape from model of {} does not match actual shape of {2} for output output[m
[0;93m2026-05-03 01:01:43.233149 [W:onnxruntime:, execution_frame.cc:870 VerifyOutputSizes] Expected shape from model of {} does not match actual shape of {2} for output output[m
[0;93m2026-05-03 01:01:43.257215 [W:onnxruntime:, execution_frame.cc:870 VerifyOutputSizes] Expected shape from model of {} does not match actual shape of {2} for output output[m
[0;93m2026-05-03 01:01:43.282317 [W:onnxruntime:, execution_frame.cc:870 VerifyOutputSizes] Expected shape from model of {} does not match actual shape of {2} for output output[m
[0;93m2026-05-03 01:01:43.323321 [W:onnxruntime:, execution_frame.cc:870 VerifyOutputSizes] Expected shape from model of {} does not match actual shape of {2} for output output[m
[0;93m2026-05-03 01:01:43.368007 [W:onnxruntime:, execution_frame.cc:870 VerifyOutputSizes] Expected shape from model of {} does not match actual shape of {2} for output output[m
[0;93m2026-05-03 01:01:43.410238 [W:onnxruntime:, execution_frame.cc:870 VerifyOutputSizes] Expected shape from model of {} does not match actual shape of {2} for output output[m
[0;93m2026-05-03 01:01:43.434051 [W:onnxruntime:, execution_frame.cc:870 VerifyOutputSizes] Expected shape from model of {} does not match actual shape of {2} for output output[m
[0;93m2026-05-03 01:01:43.476487 [W:onnxruntime:, execution_frame.cc:870 VerifyOutputSizes] Expected shape from model of {} does not match actual shape of {2} for output output[m
[0;93m2026-05-03 01:01:43.519241 [W:onnxruntime:, execution_frame.cc:870 VerifyOutputSizes] Expected shape from model of {} does not match actual shape of {2} for output output[m
[0;93m2026-05-03 01:01:43.562949 [W:onnxruntime:, execution_frame.cc:870 VerifyOutputSizes] Expected shape from model of {} does not match actual shape of {2} for output output[m
[0;93m2026-05-03 01:01:43.587514 [W:onnxruntime:, execution_frame.cc:870 VerifyOutputSizes] Expected shape from model of {} does not match actual shape of {2} for output output[m
[0;93m2026-05-03 01:01:43.628071 [W:onnxruntime:, execution_frame.cc:870 VerifyOutputSizes] Expected shape from model of {} does not match actual shape of {2} for output output[m
[0;93m2026-05-03 01:01:43.652070 [W:onnxruntime:, execution_frame.cc:870 VerifyOutputSizes] Expected shape from model of {} does not match actual shape of {2} for output output[m
[0;93m2026-05-03 01:01:43.695383 [W:onnxruntime:, execution_frame.cc:870 VerifyOutputSizes] Expected shape from model of {} does not match actual shape of {2} for output output[m
[0;93m2026-05-03 01:01:43.738743 [W:onnxruntime:, execution_frame.cc:870 VerifyOutputSizes] Expected shape from model of {} does not match actual shape of {2} for output output[m
[0;93m2026-05-03 01:01:43.775888 [W:onnxruntime:, execution_frame.cc:870 VerifyOutputSizes] Expected shape from model of {} does not match actual shape of {2} for output output[m
  800/800
Wrote experiments/d2b_epc_hangover_once_conv_gated/scores.json + result.md
