[0;93m2026-05-02 17:08:43.514006 [W:onnxruntime:, graph.cc:109 MergeShapeInfo] Error merging shape info for output. 'output' source:{} target:{-1}. Falling back to lenient merge.[m
Scoring 800 cases...
[0;93m2026-05-02 17:08:44.591056 [W:onnxruntime:, execution_frame.cc:870 VerifyOutputSizes] Expected shape from model of {} does not match actual shape of {2} for output output[m
[0;93m2026-05-02 17:08:44.613553 [W:onnxruntime:, execution_frame.cc:870 VerifyOutputSizes] Expected shape from model of {} does not match actual shape of {2} for output output[m
[0;93m2026-05-02 17:08:44.637729 [W:onnxruntime:, execution_frame.cc:870 VerifyOutputSizes] Expected shape from model of {} does not match actual shape of {2} for output output[m
[0;93m2026-05-02 17:08:44.662385 [W:onnxruntime:, execution_frame.cc:870 VerifyOutputSizes] Expected shape from model of {} does not match actual shape of {2} for output output[m
[0;93m2026-05-02 17:08:44.685148 [W:onnxruntime:, execution_frame.cc:870 VerifyOutputSizes] Expected shape from model of {} does not match actual shape of {2} for output output[m
[0;93m2026-05-02 17:08:44.709283 [W:onnxruntime:, execution_frame.cc:870 VerifyOutputSizes] Expected shape from model of {} does not match actual shape of {2} for output output[m
[0;93m2026-05-02 17:08:44.732680 [W:onnxruntime:, execution_frame.cc:870 VerifyOutputSizes] Expected shape from model of {} does not match actual shape of {2} for output output[m
[0;93m2026-05-02 17:08:44.756666 [W:onnxruntime:, execution_frame.cc:870 VerifyOutputSizes] Expected shape from model of {} does not match actual shape of {2} for output output[m
[0;93m2026-05-02 17:08:44.780743 [W:onnxruntime:, execution_frame.cc:870 VerifyOutputSizes] Expected shape from model of {} does not match actual shape of {2} for output output[m
[0;93m2026-05-02 17:08:44.804630 [W:onnxruntime:, execution_frame.cc:870 VerifyOutputSizes] Expected shape from model of {} does not match actual shape of {2} for output output[m
[0;93m2026-05-02 17:08:44.849497 [W:onnxruntime:, execution_frame.cc:870 VerifyOutputSizes] Expected shape from model of {} does not match actual shape of {2} for output output[m
[0;93m2026-05-02 17:08:44.891854 [W:onnxruntime:, execution_frame.cc:870 VerifyOutputSizes] Expected shape from model of {} does not match actual shape of {2} for output output[m
[0;93m2026-05-02 17:08:44.930843 [W:onnxruntime:, execution_frame.cc:870 VerifyOutputSizes] Expected shape from model of {} does not match actual shape of {2} for output output[m
[0;93m2026-05-02 17:08:44.954511 [W:onnxruntime:, execution_frame.cc:870 VerifyOutputSizes] Expected shape from model of {} does not match actual shape of {2} for output output[m
[0;93m2026-05-02 17:08:44.976436 [W:onnxruntime:, execution_frame.cc:870 VerifyOutputSizes] Expected shape from model of {} does not match actual shape of {2} for output output[m
[0;93m2026-05-02 17:08:45.000922 [W:onnxruntime:, execution_frame.cc:870 VerifyOutputSizes] Expected shape from model of {} does not match actual shape of {2} for output output[m
[0;93m2026-05-02 17:08:45.038365 [W:onnxruntime:, execution_frame.cc:870 VerifyOutputSizes] Expected shape from model of {} does not match actual shape of {2} for output output[m
[0;93m2026-05-02 17:08:45.063697 [W:onnxruntime:, execution_frame.cc:870 VerifyOutputSizes] Expected shape from model of {} does not match actual shape of {2} for output output[m
[0;93m2026-05-02 17:08:45.101916 [W:onnxruntime:, execution_frame.cc:870 VerifyOutputSizes] Expected shape from model of {} does not match actual shape of {2} for output output[m
[0;93m2026-05-02 17:08:45.125785 [W:onnxruntime:, execution_frame.cc:870 VerifyOutputSizes] Expected shape from model of {} does not match actual shape of {2} for output output[m
[0;93m2026-05-02 17:08:45.149013 [W:onnxruntime:, execution_frame.cc:870 VerifyOutputSizes] Expected shape from model of {} does not match actual shape of {2} for output output[m
[0;93m2026-05-02 17:08:45.171396 [W:onnxruntime:, execution_frame.cc:870 VerifyOutputSizes] Expected shape from model of {} does not match actual shape of {2} for output output[m
[0;93m2026-05-02 17:08:45.193475 [W:onnxruntime:, execution_frame.cc:870 VerifyOutputSizes] Expected shape from model of {} does not match actual shape of {2} for output output[m
[0;93m2026-05-02 17:08:45.228860 [W:onnxruntime:, execution_frame.cc:870 VerifyOutputSizes] Expected shape from model of {} does not match actual shape of {2} for output output[m
[0;93m2026-05-02 17:08:45.251177 [W:onnxruntime:, execution_frame.cc:870 VerifyOutputSizes] Expected shape from model of {} does not match actual shape of {2} for output output[m
[0;93m2026-05-02 17:08:45.286564 [W:onnxruntime:, execution_frame.cc:870 VerifyOutputSizes] Expected shape from model of {} does not match actual shape of {2} for output output[m
[0;93m2026-05-02 17:08:45.325240 [W:onnxruntime:, execution_frame.cc:870 VerifyOutputSizes] Expected shape from model of {} does not match actual shape of {2} for output output[m
[0;93m2026-05-02 17:08:45.364385 [W:onnxruntime:, execution_frame.cc:870 VerifyOutputSizes] Expected shape from model of {} does not match actual shape of {2} for output output[m
[0;93m2026-05-02 17:08:45.400661 [W:onnxruntime:, execution_frame.cc:870 VerifyOutputSizes] Expected shape from model of {} does not match actual shape of {2} for output output[m
[0;93m2026-05-02 17:08:45.423209 [W:onnxruntime:, execution_frame.cc:870 VerifyOutputSizes] Expected shape from model of {} does not match actual shape of {2} for output output[m
[0;93m2026-05-02 17:08:45.445704 [W:onnxruntime:, execution_frame.cc:870 VerifyOutputSizes] Expected shape from model of {} does not match actual shape of {2} for output output[m
[0;93m2026-05-02 17:08:45.481106 [W:onnxruntime:, execution_frame.cc:870 VerifyOutputSizes] Expected shape from model of {} does not match actual shape of {2} for output output[m
[0;93m2026-05-02 17:08:45.503632 [W:onnxruntime:, execution_frame.cc:870 VerifyOutputSizes] Expected shape from model of {} does not match actual shape of {2} for output output[m
[0;93m2026-05-02 17:08:45.540208 [W:onnxruntime:, execution_frame.cc:870 VerifyOutputSizes] Expected shape from model of {} does not match actual shape of {2} for output output[m
[0;93m2026-05-02 17:08:45.563676 [W:onnxruntime:, execution_frame.cc:870 VerifyOutputSizes] Expected shape from model of {} does not match actual shape of {2} for output output[m
[0;93m2026-05-02 17:08:45.600398 [W:onnxruntime:, execution_frame.cc:870 VerifyOutputSizes] Expected shape from model of {} does not match actual shape of {2} for output output[m
[0;93m2026-05-02 17:08:45.623160 [W:onnxruntime:, execution_frame.cc:870 VerifyOutputSizes] Expected shape from model of {} does not match actual shape of {2} for output output[m
[0;93m2026-05-02 17:08:45.659737 [W:onnxruntime:, execution_frame.cc:870 VerifyOutputSizes] Expected shape from model of {} does not match actual shape of {2} for output output[m
[0;93m2026-05-02 17:08:45.682278 [W:onnxruntime:, execution_frame.cc:870 VerifyOutputSizes] Expected shape from model of {} does not match actual shape of {2} for output output[m
[0;93m2026-05-02 17:08:45.707512 [W:onnxruntime:, execution_frame.cc:870 VerifyOutputSizes] Expected shape from model of {} does not match actual shape of {2} for output output[m
[0;93m2026-05-02 17:08:45.734377 [W:onnxruntime:, execution_frame.cc:870 VerifyOutputSizes] Expected shape from model of {} does not match actual shape of {2} for output output[m
[0;93m2026-05-02 17:08:45.775202 [W:onnxruntime:, execution_frame.cc:870 VerifyOutputSizes] Expected shape from model of {} does not match actual shape of {2} for output output[m
[0;93m2026-05-02 17:08:45.814106 [W:onnxruntime:, execution_frame.cc:870 VerifyOutputSizes] Expected shape from model of {} does not match actual shape of {2} for output output[m
[0;93m2026-05-02 17:08:45.853093 [W:onnxruntime:, execution_frame.cc:870 VerifyOutputSizes] Expected shape from model of {} does not match actual shape of {2} for output output[m
[0;93m2026-05-02 17:08:45.876811 [W:onnxruntime:, execution_frame.cc:870 VerifyOutputSizes] Expected shape from model of {} does not match actual shape of {2} for output output[m
[0;93m2026-05-02 17:08:45.915296 [W:onnxruntime:, execution_frame.cc:870 VerifyOutputSizes] Expected shape from model of {} does not match actual shape of {2} for output output[m
[0;93m2026-05-02 17:08:45.939745 [W:onnxruntime:, execution_frame.cc:870 VerifyOutputSizes] Expected shape from model of {} does not match actual shape of {2} for output output[m
[0;93m2026-05-02 17:08:45.978032 [W:onnxruntime:, execution_frame.cc:870 VerifyOutputSizes] Expected shape from model of {} does not match actual shape of {2} for output output[m
[0;93m2026-05-02 17:08:46.002964 [W:onnxruntime:, execution_frame.cc:870 VerifyOutputSizes] Expected shape from model of {} does not match actual shape of {2} for output output[m
[0;93m2026-05-02 17:08:46.039783 [W:onnxruntime:, execution_frame.cc:870 VerifyOutputSizes] Expected shape from model of {} does not match actual shape of {2} for output output[m
  50/800
[0;93m2026-05-02 17:08:46.065440 [W:onnxruntime:, execution_frame.cc:870 VerifyOutputSizes] Expected shape from model of {} does not match actual shape of {2} for output output[m
[0;93m2026-05-02 17:08:46.087620 [W:onnxruntime:, execution_frame.cc:870 VerifyOutputSizes] Expected shape from model of {} does not match actual shape of {2} for output output[m
[0;93m2026-05-02 17:08:46.111418 [W:onnxruntime:, execution_frame.cc:870 VerifyOutputSizes] Expected shape from model of {} does not match actual shape of {2} for output output[m
[0;93m2026-05-02 17:08:46.168166 [W:onnxruntime:, execution_frame.cc:870 VerifyOutputSizes] Expected shape from model of {} does not match actual shape of {2} for output output[m
[0;93m2026-05-02 17:08:46.210179 [W:onnxruntime:, execution_frame.cc:870 VerifyOutputSizes] Expected shape from model of {} does not match actual shape of {2} for output output[m
[0;93m2026-05-02 17:08:46.235860 [W:onnxruntime:, execution_frame.cc:870 VerifyOutputSizes] Expected shape from model of {} does not match actual shape of {2} for output output[m
[0;93m2026-05-02 17:08:46.260045 [W:onnxruntime:, execution_frame.cc:870 VerifyOutputSizes] Expected shape from model of {} does not match actual shape of {2} for output output[m
[0;93m2026-05-02 17:08:46.286090 [W:onnxruntime:, execution_frame.cc:870 VerifyOutputSizes] Expected shape from model of {} does not match actual shape of {2} for output output[m
[0;93m2026-05-02 17:08:46.310905 [W:onnxruntime:, execution_frame.cc:870 VerifyOutputSizes] Expected shape from model of {} does not match actual shape of {2} for output output[m
[0;93m2026-05-02 17:08:46.348595 [W:onnxruntime:, execution_frame.cc:870 VerifyOutputSizes] Expected shape from model of {} does not match actual shape of {2} for output output[m
[0;93m2026-05-02 17:08:46.374163 [W:onnxruntime:, execution_frame.cc:870 VerifyOutputSizes] Expected shape from model of {} does not match actual shape of {2} for output output[m
[0;93m2026-05-02 17:08:46.416581 [W:onnxruntime:, execution_frame.cc:870 VerifyOutputSizes] Expected shape from model of {} does not match actual shape of {2} for output output[m
[0;93m2026-05-02 17:08:46.459556 [W:onnxruntime:, execution_frame.cc:870 VerifyOutputSizes] Expected shape from model of {} does not match actual shape of {2} for output output[m
[0;93m2026-05-02 17:08:46.484755 [W:onnxruntime:, execution_frame.cc:870 VerifyOutputSizes] Expected shape from model of {} does not match actual shape of {2} for output output[m
[0;93m2026-05-02 17:08:46.527029 [W:onnxruntime:, execution_frame.cc:870 VerifyOutputSizes] Expected shape from model of {} does not match actual shape of {2} for output output[m
[0;93m2026-05-02 17:08:46.590951 [W:onnxruntime:, execution_frame.cc:870 VerifyOutputSizes] Expected shape from model of {} does not match actual shape of {2} for output output[m
[0;93m2026-05-02 17:08:46.632320 [W:onnxruntime:, execution_frame.cc:870 VerifyOutputSizes] Expected shape from model of {} does not match actual shape of {2} for output output[m
[0;93m2026-05-02 17:08:46.671953 [W:onnxruntime:, execution_frame.cc:870 VerifyOutputSizes] Expected shape from model of {} does not match actual shape of {2} for output output[m
[0;93m2026-05-02 17:08:46.711835 [W:onnxruntime:, execution_frame.cc:870 VerifyOutputSizes] Expected shape from model of {} does not match actual shape of {2} for output output[m
[0;93m2026-05-02 17:08:46.753261 [W:onnxruntime:, execution_frame.cc:870 VerifyOutputSizes] Expected shape from model of {} does not match actual shape of {2} for output output[m
[0;93m2026-05-02 17:08:46.794866 [W:onnxruntime:, execution_frame.cc:870 VerifyOutputSizes] Expected shape from model of {} does not match actual shape of {2} for output output[m
[0;93m2026-05-02 17:08:46.820830 [W:onnxruntime:, execution_frame.cc:870 VerifyOutputSizes] Expected shape from model of {} does not match actual shape of {2} for output output[m
[0;93m2026-05-02 17:08:46.857601 [W:onnxruntime:, execution_frame.cc:870 VerifyOutputSizes] Expected shape from model of {} does not match actual shape of {2} for output output[m
[0;93m2026-05-02 17:08:46.902976 [W:onnxruntime:, execution_frame.cc:870 VerifyOutputSizes] Expected shape from model of {} does not match actual shape of {2} for output output[m
[0;93m2026-05-02 17:08:46.943764 [W:onnxruntime:, execution_frame.cc:870 VerifyOutputSizes] Expected shape from model of {} does not match actual shape of {2} for output output[m
[0;93m2026-05-02 17:08:46.982145 [W:onnxruntime:, execution_frame.cc:870 VerifyOutputSizes] Expected shape from model of {} does not match actual shape of {2} for output output[m
[0;93m2026-05-02 17:08:47.021767 [W:onnxruntime:, execution_frame.cc:870 VerifyOutputSizes] Expected shape from model of {} does not match actual shape of {2} for output output[m
[0;93m2026-05-02 17:08:47.062116 [W:onnxruntime:, execution_frame.cc:870 VerifyOutputSizes] Expected shape from model of {} does not match actual shape of {2} for output output[m
[0;93m2026-05-02 17:08:47.102933 [W:onnxruntime:, execution_frame.cc:870 VerifyOutputSizes] Expected shape from model of {} does not match actual shape of {2} for output output[m
[0;93m2026-05-02 17:08:47.125605 [W:onnxruntime:, execution_frame.cc:870 VerifyOutputSizes] Expected shape from model of {} does not match actual shape of {2} for output output[m
[0;93m2026-05-02 17:08:47.147862 [W:onnxruntime:, execution_frame.cc:870 VerifyOutputSizes] Expected shape from model of {} does not match actual shape of {2} for output output[m
[0;93m2026-05-02 17:08:47.190367 [W:onnxruntime:, execution_frame.cc:870 VerifyOutputSizes] Expected shape from model of {} does not match actual shape of {2} for output output[m
[0;93m2026-05-02 17:08:47.229856 [W:onnxruntime:, execution_frame.cc:870 VerifyOutputSizes] Expected shape from model of {} does not match actual shape of {2} for output output[m
[0;93m2026-05-02 17:08:47.254411 [W:onnxruntime:, execution_frame.cc:870 VerifyOutputSizes] Expected shape from model of {} does not match actual shape of {2} for output output[m
[0;93m2026-05-02 17:08:47.293933 [W:onnxruntime:, execution_frame.cc:870 VerifyOutputSizes] Expected shape from model of {} does not match actual shape of {2} for output output[m
[0;93m2026-05-02 17:08:47.320106 [W:onnxruntime:, execution_frame.cc:870 VerifyOutputSizes] Expected shape from model of {} does not match actual shape of {2} for output output[m
[0;93m2026-05-02 17:08:47.361562 [W:onnxruntime:, execution_frame.cc:870 VerifyOutputSizes] Expected shape from model of {} does not match actual shape of {2} for output output[m
[0;93m2026-05-02 17:08:47.401342 [W:onnxruntime:, execution_frame.cc:870 VerifyOutputSizes] Expected shape from model of {} does not match actual shape of {2} for output output[m
[0;93m2026-05-02 17:08:47.438687 [W:onnxruntime:, execution_frame.cc:870 VerifyOutputSizes] Expected shape from model of {} does not match actual shape of {2} for output output[m
[0;93m2026-05-02 17:08:47.463313 [W:onnxruntime:, execution_frame.cc:870 VerifyOutputSizes] Expected shape from model of {} does not match actual shape of {2} for output output[m
[0;93m2026-05-02 17:08:47.503898 [W:onnxruntime:, execution_frame.cc:870 VerifyOutputSizes] Expected shape from model of {} does not match actual shape of {2} for output output[m
[0;93m2026-05-02 17:08:47.547383 [W:onnxruntime:, execution_frame.cc:870 VerifyOutputSizes] Expected shape from model of {} does not match actual shape of {2} for output output[m
[0;93m2026-05-02 17:08:47.570001 [W:onnxruntime:, execution_frame.cc:870 VerifyOutputSizes] Expected shape from model of {} does not match actual shape of {2} for output output[m
[0;93m2026-05-02 17:08:47.608815 [W:onnxruntime:, execution_frame.cc:870 VerifyOutputSizes] Expected shape from model of {} does not match actual shape of {2} for output output[m
[0;93m2026-05-02 17:08:47.648754 [W:onnxruntime:, execution_frame.cc:870 VerifyOutputSizes] Expected shape from model of {} does not match actual shape of {2} for output output[m
[0;93m2026-05-02 17:08:47.685981 [W:onnxruntime:, execution_frame.cc:870 VerifyOutputSizes] Expected shape from model of {} does not match actual shape of {2} for output output[m
[0;93m2026-05-02 17:08:47.708905 [W:onnxruntime:, execution_frame.cc:870 VerifyOutputSizes] Expected shape from model of {} does not match actual shape of {2} for output output[m
[0;93m2026-05-02 17:08:47.746853 [W:onnxruntime:, execution_frame.cc:870 VerifyOutputSizes] Expected shape from model of {} does not match actual shape of {2} for output output[m
[0;93m2026-05-02 17:08:47.782636 [W:onnxruntime:, execution_frame.cc:870 VerifyOutputSizes] Expected shape from model of {} does not match actual shape of {2} for output output[m
[0;93m2026-05-02 17:08:47.806047 [W:onnxruntime:, execution_frame.cc:870 VerifyOutputSizes] Expected shape from model of {} does not match actual shape of {2} for output output[m
  100/800
[0;93m2026-05-02 17:08:47.843861 [W:onnxruntime:, execution_frame.cc:870 VerifyOutputSizes] Expected shape from model of {} does not match actual shape of {2} for output output[m
[0;93m2026-05-02 17:08:47.867229 [W:onnxruntime:, execution_frame.cc:870 VerifyOutputSizes] Expected shape from model of {} does not match actual shape of {2} for output output[m
[0;93m2026-05-02 17:08:47.904146 [W:onnxruntime:, execution_frame.cc:870 VerifyOutputSizes] Expected shape from model of {} does not match actual shape of {2} for output output[m
[0;93m2026-05-02 17:08:47.927411 [W:onnxruntime:, execution_frame.cc:870 VerifyOutputSizes] Expected shape from model of {} does not match actual shape of {2} for output output[m
[0;93m2026-05-02 17:08:47.964041 [W:onnxruntime:, execution_frame.cc:870 VerifyOutputSizes] Expected shape from model of {} does not match actual shape of {2} for output output[m
[0;93m2026-05-02 17:08:48.000485 [W:onnxruntime:, execution_frame.cc:870 VerifyOutputSizes] Expected shape from model of {} does not match actual shape of {2} for output output[m
[0;93m2026-05-02 17:08:48.040161 [W:onnxruntime:, execution_frame.cc:870 VerifyOutputSizes] Expected shape from model of {} does not match actual shape of {2} for output output[m
[0;93m2026-05-02 17:08:48.079537 [W:onnxruntime:, execution_frame.cc:870 VerifyOutputSizes] Expected shape from model of {} does not match actual shape of {2} for output output[m
[0;93m2026-05-02 17:08:48.116472 [W:onnxruntime:, execution_frame.cc:870 VerifyOutputSizes] Expected shape from model of {} does not match actual shape of {2} for output output[m
[0;93m2026-05-02 17:08:48.155154 [W:onnxruntime:, execution_frame.cc:870 VerifyOutputSizes] Expected shape from model of {} does not match actual shape of {2} for output output[m
[0;93m2026-05-02 17:08:48.193793 [W:onnxruntime:, execution_frame.cc:870 VerifyOutputSizes] Expected shape from model of {} does not match actual shape of {2} for output output[m
[0;93m2026-05-02 17:08:48.231436 [W:onnxruntime:, execution_frame.cc:870 VerifyOutputSizes] Expected shape from model of {} does not match actual shape of {2} for output output[m
[0;93m2026-05-02 17:08:48.260909 [W:onnxruntime:, execution_frame.cc:870 VerifyOutputSizes] Expected shape from model of {} does not match actual shape of {2} for output output[m
[0;93m2026-05-02 17:08:48.282929 [W:onnxruntime:, execution_frame.cc:870 VerifyOutputSizes] Expected shape from model of {} does not match actual shape of {2} for output output[m
[0;93m2026-05-02 17:08:48.321216 [W:onnxruntime:, execution_frame.cc:870 VerifyOutputSizes] Expected shape from model of {} does not match actual shape of {2} for output output[m
[0;93m2026-05-02 17:08:48.345417 [W:onnxruntime:, execution_frame.cc:870 VerifyOutputSizes] Expected shape from model of {} does not match actual shape of {2} for output output[m
[0;93m2026-05-02 17:08:48.386419 [W:onnxruntime:, execution_frame.cc:870 VerifyOutputSizes] Expected shape from model of {} does not match actual shape of {2} for output output[m
[0;93m2026-05-02 17:08:48.425354 [W:onnxruntime:, execution_frame.cc:870 VerifyOutputSizes] Expected shape from model of {} does not match actual shape of {2} for output output[m
[0;93m2026-05-02 17:08:48.463522 [W:onnxruntime:, execution_frame.cc:870 VerifyOutputSizes] Expected shape from model of {} does not match actual shape of {2} for output output[m
[0;93m2026-05-02 17:08:48.488147 [W:onnxruntime:, execution_frame.cc:870 VerifyOutputSizes] Expected shape from model of {} does not match actual shape of {2} for output output[m
[0;93m2026-05-02 17:08:48.510039 [W:onnxruntime:, execution_frame.cc:870 VerifyOutputSizes] Expected shape from model of {} does not match actual shape of {2} for output output[m
[0;93m2026-05-02 17:08:48.549263 [W:onnxruntime:, execution_frame.cc:870 VerifyOutputSizes] Expected shape from model of {} does not match actual shape of {2} for output output[m
[0;93m2026-05-02 17:08:48.589468 [W:onnxruntime:, execution_frame.cc:870 VerifyOutputSizes] Expected shape from model of {} does not match actual shape of {2} for output output[m
[0;93m2026-05-02 17:08:48.629291 [W:onnxruntime:, execution_frame.cc:870 VerifyOutputSizes] Expected shape from model of {} does not match actual shape of {2} for output output[m
[0;93m2026-05-02 17:08:48.672751 [W:onnxruntime:, execution_frame.cc:870 VerifyOutputSizes] Expected shape from model of {} does not match actual shape of {2} for output output[m
[0;93m2026-05-02 17:08:48.715589 [W:onnxruntime:, execution_frame.cc:870 VerifyOutputSizes] Expected shape from model of {} does not match actual shape of {2} for output output[m
[0;93m2026-05-02 17:08:48.754682 [W:onnxruntime:, execution_frame.cc:870 VerifyOutputSizes] Expected shape from model of {} does not match actual shape of {2} for output output[m
[0;93m2026-05-02 17:08:48.794705 [W:onnxruntime:, execution_frame.cc:870 VerifyOutputSizes] Expected shape from model of {} does not match actual shape of {2} for output output[m
[0;93m2026-05-02 17:08:48.833762 [W:onnxruntime:, execution_frame.cc:870 VerifyOutputSizes] Expected shape from model of {} does not match actual shape of {2} for output output[m
[0;93m2026-05-02 17:08:48.877973 [W:onnxruntime:, execution_frame.cc:870 VerifyOutputSizes] Expected shape from model of {} does not match actual shape of {2} for output output[m
[0;93m2026-05-02 17:08:48.902362 [W:onnxruntime:, execution_frame.cc:870 VerifyOutputSizes] Expected shape from model of {} does not match actual shape of {2} for output output[m
[0;93m2026-05-02 17:08:48.946731 [W:onnxruntime:, execution_frame.cc:870 VerifyOutputSizes] Expected shape from model of {} does not match actual shape of {2} for output output[m
[0;93m2026-05-02 17:08:48.986027 [W:onnxruntime:, execution_frame.cc:870 VerifyOutputSizes] Expected shape from model of {} does not match actual shape of {2} for output output[m
[0;93m2026-05-02 17:08:49.023945 [W:onnxruntime:, execution_frame.cc:870 VerifyOutputSizes] Expected shape from model of {} does not match actual shape of {2} for output output[m
[0;93m2026-05-02 17:08:49.053104 [W:onnxruntime:, execution_frame.cc:870 VerifyOutputSizes] Expected shape from model of {} does not match actual shape of {2} for output output[m
[0;93m2026-05-02 17:08:49.093660 [W:onnxruntime:, execution_frame.cc:870 VerifyOutputSizes] Expected shape from model of {} does not match actual shape of {2} for output output[m
[0;93m2026-05-02 17:08:49.135957 [W:onnxruntime:, execution_frame.cc:870 VerifyOutputSizes] Expected shape from model of {} does not match actual shape of {2} for output output[m
[0;93m2026-05-02 17:08:49.177491 [W:onnxruntime:, execution_frame.cc:870 VerifyOutputSizes] Expected shape from model of {} does not match actual shape of {2} for output output[m
[0;93m2026-05-02 17:08:49.201618 [W:onnxruntime:, execution_frame.cc:870 VerifyOutputSizes] Expected shape from model of {} does not match actual shape of {2} for output output[m
[0;93m2026-05-02 17:08:49.245959 [W:onnxruntime:, execution_frame.cc:870 VerifyOutputSizes] Expected shape from model of {} does not match actual shape of {2} for output output[m
[0;93m2026-05-02 17:08:49.290083 [W:onnxruntime:, execution_frame.cc:870 VerifyOutputSizes] Expected shape from model of {} does not match actual shape of {2} for output output[m
[0;93m2026-05-02 17:08:49.331153 [W:onnxruntime:, execution_frame.cc:870 VerifyOutputSizes] Expected shape from model of {} does not match actual shape of {2} for output output[m
[0;93m2026-05-02 17:08:49.373246 [W:onnxruntime:, execution_frame.cc:870 VerifyOutputSizes] Expected shape from model of {} does not match actual shape of {2} for output output[m
[0;93m2026-05-02 17:08:49.415757 [W:onnxruntime:, execution_frame.cc:870 VerifyOutputSizes] Expected shape from model of {} does not match actual shape of {2} for output output[m
[0;93m2026-05-02 17:08:49.439620 [W:onnxruntime:, execution_frame.cc:870 VerifyOutputSizes] Expected shape from model of {} does not match actual shape of {2} for output output[m
[0;93m2026-05-02 17:08:49.479791 [W:onnxruntime:, execution_frame.cc:870 VerifyOutputSizes] Expected shape from model of {} does not match actual shape of {2} for output output[m
[0;93m2026-05-02 17:08:49.519630 [W:onnxruntime:, execution_frame.cc:870 VerifyOutputSizes] Expected shape from model of {} does not match actual shape of {2} for output output[m
[0;93m2026-05-02 17:08:49.543261 [W:onnxruntime:, execution_frame.cc:870 VerifyOutputSizes] Expected shape from model of {} does not match actual shape of {2} for output output[m
[0;93m2026-05-02 17:08:49.584792 [W:onnxruntime:, execution_frame.cc:870 VerifyOutputSizes] Expected shape from model of {} does not match actual shape of {2} for output output[m
[0;93m2026-05-02 17:08:49.626514 [W:onnxruntime:, execution_frame.cc:870 VerifyOutputSizes] Expected shape from model of {} does not match actual shape of {2} for output output[m
  150/800
[0;93m2026-05-02 17:08:49.665351 [W:onnxruntime:, execution_frame.cc:870 VerifyOutputSizes] Expected shape from model of {} does not match actual shape of {2} for output output[m
[0;93m2026-05-02 17:08:49.704021 [W:onnxruntime:, execution_frame.cc:870 VerifyOutputSizes] Expected shape from model of {} does not match actual shape of {2} for output output[m
[0;93m2026-05-02 17:08:49.732719 [W:onnxruntime:, execution_frame.cc:870 VerifyOutputSizes] Expected shape from model of {} does not match actual shape of {2} for output output[m
[0;93m2026-05-02 17:08:49.772272 [W:onnxruntime:, execution_frame.cc:870 VerifyOutputSizes] Expected shape from model of {} does not match actual shape of {2} for output output[m
[0;93m2026-05-02 17:08:49.818179 [W:onnxruntime:, execution_frame.cc:870 VerifyOutputSizes] Expected shape from model of {} does not match actual shape of {2} for output output[m
[0;93m2026-05-02 17:08:49.857928 [W:onnxruntime:, execution_frame.cc:870 VerifyOutputSizes] Expected shape from model of {} does not match actual shape of {2} for output output[m
[0;93m2026-05-02 17:08:49.897177 [W:onnxruntime:, execution_frame.cc:870 VerifyOutputSizes] Expected shape from model of {} does not match actual shape of {2} for output output[m
[0;93m2026-05-02 17:08:49.935243 [W:onnxruntime:, execution_frame.cc:870 VerifyOutputSizes] Expected shape from model of {} does not match actual shape of {2} for output output[m
[0;93m2026-05-02 17:08:49.958488 [W:onnxruntime:, execution_frame.cc:870 VerifyOutputSizes] Expected shape from model of {} does not match actual shape of {2} for output output[m
[0;93m2026-05-02 17:08:49.996388 [W:onnxruntime:, execution_frame.cc:870 VerifyOutputSizes] Expected shape from model of {} does not match actual shape of {2} for output output[m
[0;93m2026-05-02 17:08:50.019441 [W:onnxruntime:, execution_frame.cc:870 VerifyOutputSizes] Expected shape from model of {} does not match actual shape of {2} for output output[m
[0;93m2026-05-02 17:08:50.055685 [W:onnxruntime:, execution_frame.cc:870 VerifyOutputSizes] Expected shape from model of {} does not match actual shape of {2} for output output[m
[0;93m2026-05-02 17:08:50.095069 [W:onnxruntime:, execution_frame.cc:870 VerifyOutputSizes] Expected shape from model of {} does not match actual shape of {2} for output output[m
[0;93m2026-05-02 17:08:50.131476 [W:onnxruntime:, execution_frame.cc:870 VerifyOutputSizes] Expected shape from model of {} does not match actual shape of {2} for output output[m
[0;93m2026-05-02 17:08:50.168440 [W:onnxruntime:, execution_frame.cc:870 VerifyOutputSizes] Expected shape from model of {} does not match actual shape of {2} for output output[m
[0;93m2026-05-02 17:08:50.191017 [W:onnxruntime:, execution_frame.cc:870 VerifyOutputSizes] Expected shape from model of {} does not match actual shape of {2} for output output[m
[0;93m2026-05-02 17:08:50.229601 [W:onnxruntime:, execution_frame.cc:870 VerifyOutputSizes] Expected shape from model of {} does not match actual shape of {2} for output output[m
[0;93m2026-05-02 17:08:50.267890 [W:onnxruntime:, execution_frame.cc:870 VerifyOutputSizes] Expected shape from model of {} does not match actual shape of {2} for output output[m
[0;93m2026-05-02 17:08:50.305025 [W:onnxruntime:, execution_frame.cc:870 VerifyOutputSizes] Expected shape from model of {} does not match actual shape of {2} for output output[m
[0;93m2026-05-02 17:08:50.327899 [W:onnxruntime:, execution_frame.cc:870 VerifyOutputSizes] Expected shape from model of {} does not match actual shape of {2} for output output[m
[0;93m2026-05-02 17:08:50.350497 [W:onnxruntime:, execution_frame.cc:870 VerifyOutputSizes] Expected shape from model of {} does not match actual shape of {2} for output output[m
[0;93m2026-05-02 17:08:50.389353 [W:onnxruntime:, execution_frame.cc:870 VerifyOutputSizes] Expected shape from model of {} does not match actual shape of {2} for output output[m
[0;93m2026-05-02 17:08:50.429315 [W:onnxruntime:, execution_frame.cc:870 VerifyOutputSizes] Expected shape from model of {} does not match actual shape of {2} for output output[m
[0;93m2026-05-02 17:08:50.451027 [W:onnxruntime:, execution_frame.cc:870 VerifyOutputSizes] Expected shape from model of {} does not match actual shape of {2} for output output[m
[0;93m2026-05-02 17:08:50.492411 [W:onnxruntime:, execution_frame.cc:870 VerifyOutputSizes] Expected shape from model of {} does not match actual shape of {2} for output output[m
[0;93m2026-05-02 17:08:50.531124 [W:onnxruntime:, execution_frame.cc:870 VerifyOutputSizes] Expected shape from model of {} does not match actual shape of {2} for output output[m
[0;93m2026-05-02 17:08:50.571025 [W:onnxruntime:, execution_frame.cc:870 VerifyOutputSizes] Expected shape from model of {} does not match actual shape of {2} for output output[m
[0;93m2026-05-02 17:08:50.612609 [W:onnxruntime:, execution_frame.cc:870 VerifyOutputSizes] Expected shape from model of {} does not match actual shape of {2} for output output[m
[0;93m2026-05-02 17:08:50.651033 [W:onnxruntime:, execution_frame.cc:870 VerifyOutputSizes] Expected shape from model of {} does not match actual shape of {2} for output output[m
[0;93m2026-05-02 17:08:50.677439 [W:onnxruntime:, execution_frame.cc:870 VerifyOutputSizes] Expected shape from model of {} does not match actual shape of {2} for output output[m
[0;93m2026-05-02 17:08:50.718057 [W:onnxruntime:, execution_frame.cc:870 VerifyOutputSizes] Expected shape from model of {} does not match actual shape of {2} for output output[m
[0;93m2026-05-02 17:08:50.754908 [W:onnxruntime:, execution_frame.cc:870 VerifyOutputSizes] Expected shape from model of {} does not match actual shape of {2} for output output[m
[0;93m2026-05-02 17:08:50.799021 [W:onnxruntime:, execution_frame.cc:870 VerifyOutputSizes] Expected shape from model of {} does not match actual shape of {2} for output output[m
[0;93m2026-05-02 17:08:50.837300 [W:onnxruntime:, execution_frame.cc:870 VerifyOutputSizes] Expected shape from model of {} does not match actual shape of {2} for output output[m
[0;93m2026-05-02 17:08:50.862119 [W:onnxruntime:, execution_frame.cc:870 VerifyOutputSizes] Expected shape from model of {} does not match actual shape of {2} for output output[m
[0;93m2026-05-02 17:08:50.886731 [W:onnxruntime:, execution_frame.cc:870 VerifyOutputSizes] Expected shape from model of {} does not match actual shape of {2} for output output[m
[0;93m2026-05-02 17:08:50.925267 [W:onnxruntime:, execution_frame.cc:870 VerifyOutputSizes] Expected shape from model of {} does not match actual shape of {2} for output output[m
[0;93m2026-05-02 17:08:50.968256 [W:onnxruntime:, execution_frame.cc:870 VerifyOutputSizes] Expected shape from model of {} does not match actual shape of {2} for output output[m
[0;93m2026-05-02 17:08:51.008532 [W:onnxruntime:, execution_frame.cc:870 VerifyOutputSizes] Expected shape from model of {} does not match actual shape of {2} for output output[m
[0;93m2026-05-02 17:08:51.045488 [W:onnxruntime:, execution_frame.cc:870 VerifyOutputSizes] Expected shape from model of {} does not match actual shape of {2} for output output[m
[0;93m2026-05-02 17:08:51.081222 [W:onnxruntime:, execution_frame.cc:870 VerifyOutputSizes] Expected shape from model of {} does not match actual shape of {2} for output output[m
[0;93m2026-05-02 17:08:51.107211 [W:onnxruntime:, execution_frame.cc:870 VerifyOutputSizes] Expected shape from model of {} does not match actual shape of {2} for output output[m
[0;93m2026-05-02 17:08:51.147539 [W:onnxruntime:, execution_frame.cc:870 VerifyOutputSizes] Expected shape from model of {} does not match actual shape of {2} for output output[m
[0;93m2026-05-02 17:08:51.189365 [W:onnxruntime:, execution_frame.cc:870 VerifyOutputSizes] Expected shape from model of {} does not match actual shape of {2} for output output[m
[0;93m2026-05-02 17:08:51.227706 [W:onnxruntime:, execution_frame.cc:870 VerifyOutputSizes] Expected shape from model of {} does not match actual shape of {2} for output output[m
[0;93m2026-05-02 17:08:51.251112 [W:onnxruntime:, execution_frame.cc:870 VerifyOutputSizes] Expected shape from model of {} does not match actual shape of {2} for output output[m
[0;93m2026-05-02 17:08:51.293121 [W:onnxruntime:, execution_frame.cc:870 VerifyOutputSizes] Expected shape from model of {} does not match actual shape of {2} for output output[m
[0;93m2026-05-02 17:08:51.332013 [W:onnxruntime:, execution_frame.cc:870 VerifyOutputSizes] Expected shape from model of {} does not match actual shape of {2} for output output[m
[0;93m2026-05-02 17:08:51.373339 [W:onnxruntime:, execution_frame.cc:870 VerifyOutputSizes] Expected shape from model of {} does not match actual shape of {2} for output output[m
[0;93m2026-05-02 17:08:51.399216 [W:onnxruntime:, execution_frame.cc:870 VerifyOutputSizes] Expected shape from model of {} does not match actual shape of {2} for output output[m
  200/800
[0;93m2026-05-02 17:08:51.442714 [W:onnxruntime:, execution_frame.cc:870 VerifyOutputSizes] Expected shape from model of {} does not match actual shape of {2} for output output[m
[0;93m2026-05-02 17:08:51.487370 [W:onnxruntime:, execution_frame.cc:870 VerifyOutputSizes] Expected shape from model of {} does not match actual shape of {2} for output output[m
[0;93m2026-05-02 17:08:51.510769 [W:onnxruntime:, execution_frame.cc:870 VerifyOutputSizes] Expected shape from model of {} does not match actual shape of {2} for output output[m
[0;93m2026-05-02 17:08:51.549241 [W:onnxruntime:, execution_frame.cc:870 VerifyOutputSizes] Expected shape from model of {} does not match actual shape of {2} for output output[m
[0;93m2026-05-02 17:08:51.586940 [W:onnxruntime:, execution_frame.cc:870 VerifyOutputSizes] Expected shape from model of {} does not match actual shape of {2} for output output[m
[0;93m2026-05-02 17:08:51.627966 [W:onnxruntime:, execution_frame.cc:870 VerifyOutputSizes] Expected shape from model of {} does not match actual shape of {2} for output output[m
[0;93m2026-05-02 17:08:51.668866 [W:onnxruntime:, execution_frame.cc:870 VerifyOutputSizes] Expected shape from model of {} does not match actual shape of {2} for output output[m
[0;93m2026-05-02 17:08:51.709744 [W:onnxruntime:, execution_frame.cc:870 VerifyOutputSizes] Expected shape from model of {} does not match actual shape of {2} for output output[m
[0;93m2026-05-02 17:08:51.747603 [W:onnxruntime:, execution_frame.cc:870 VerifyOutputSizes] Expected shape from model of {} does not match actual shape of {2} for output output[m
[0;93m2026-05-02 17:08:51.773617 [W:onnxruntime:, execution_frame.cc:870 VerifyOutputSizes] Expected shape from model of {} does not match actual shape of {2} for output output[m
[0;93m2026-05-02 17:08:51.796639 [W:onnxruntime:, execution_frame.cc:870 VerifyOutputSizes] Expected shape from model of {} does not match actual shape of {2} for output output[m
[0;93m2026-05-02 17:08:51.818609 [W:onnxruntime:, execution_frame.cc:870 VerifyOutputSizes] Expected shape from model of {} does not match actual shape of {2} for output output[m
[0;93m2026-05-02 17:08:51.866380 [W:onnxruntime:, execution_frame.cc:870 VerifyOutputSizes] Expected shape from model of {} does not match actual shape of {2} for output output[m
[0;93m2026-05-02 17:08:51.906288 [W:onnxruntime:, execution_frame.cc:870 VerifyOutputSizes] Expected shape from model of {} does not match actual shape of {2} for output output[m
[0;93m2026-05-02 17:08:51.929329 [W:onnxruntime:, execution_frame.cc:870 VerifyOutputSizes] Expected shape from model of {} does not match actual shape of {2} for output output[m
[0;93m2026-05-02 17:08:51.975171 [W:onnxruntime:, execution_frame.cc:870 VerifyOutputSizes] Expected shape from model of {} does not match actual shape of {2} for output output[m
[0;93m2026-05-02 17:08:52.016568 [W:onnxruntime:, execution_frame.cc:870 VerifyOutputSizes] Expected shape from model of {} does not match actual shape of {2} for output output[m
[0;93m2026-05-02 17:08:52.059717 [W:onnxruntime:, execution_frame.cc:870 VerifyOutputSizes] Expected shape from model of {} does not match actual shape of {2} for output output[m
[0;93m2026-05-02 17:08:52.098835 [W:onnxruntime:, execution_frame.cc:870 VerifyOutputSizes] Expected shape from model of {} does not match actual shape of {2} for output output[m
[0;93m2026-05-02 17:08:52.122342 [W:onnxruntime:, execution_frame.cc:870 VerifyOutputSizes] Expected shape from model of {} does not match actual shape of {2} for output output[m
[0;93m2026-05-02 17:08:52.160921 [W:onnxruntime:, execution_frame.cc:870 VerifyOutputSizes] Expected shape from model of {} does not match actual shape of {2} for output output[m
[0;93m2026-05-02 17:08:52.185703 [W:onnxruntime:, execution_frame.cc:870 VerifyOutputSizes] Expected shape from model of {} does not match actual shape of {2} for output output[m
[0;93m2026-05-02 17:08:52.231945 [W:onnxruntime:, execution_frame.cc:870 VerifyOutputSizes] Expected shape from model of {} does not match actual shape of {2} for output output[m
[0;93m2026-05-02 17:08:52.270591 [W:onnxruntime:, execution_frame.cc:870 VerifyOutputSizes] Expected shape from model of {} does not match actual shape of {2} for output output[m
[0;93m2026-05-02 17:08:52.308140 [W:onnxruntime:, execution_frame.cc:870 VerifyOutputSizes] Expected shape from model of {} does not match actual shape of {2} for output output[m
[0;93m2026-05-02 17:08:52.345505 [W:onnxruntime:, execution_frame.cc:870 VerifyOutputSizes] Expected shape from model of {} does not match actual shape of {2} for output output[m
[0;93m2026-05-02 17:08:52.368515 [W:onnxruntime:, execution_frame.cc:870 VerifyOutputSizes] Expected shape from model of {} does not match actual shape of {2} for output output[m
[0;93m2026-05-02 17:08:52.412621 [W:onnxruntime:, execution_frame.cc:870 VerifyOutputSizes] Expected shape from model of {} does not match actual shape of {2} for output output[m
[0;93m2026-05-02 17:08:52.451550 [W:onnxruntime:, execution_frame.cc:870 VerifyOutputSizes] Expected shape from model of {} does not match actual shape of {2} for output output[m
[0;93m2026-05-02 17:08:52.490375 [W:onnxruntime:, execution_frame.cc:870 VerifyOutputSizes] Expected shape from model of {} does not match actual shape of {2} for output output[m
[0;93m2026-05-02 17:08:52.526568 [W:onnxruntime:, execution_frame.cc:870 VerifyOutputSizes] Expected shape from model of {} does not match actual shape of {2} for output output[m
[0;93m2026-05-02 17:08:52.548662 [W:onnxruntime:, execution_frame.cc:870 VerifyOutputSizes] Expected shape from model of {} does not match actual shape of {2} for output output[m
[0;93m2026-05-02 17:08:52.584848 [W:onnxruntime:, execution_frame.cc:870 VerifyOutputSizes] Expected shape from model of {} does not match actual shape of {2} for output output[m
[0;93m2026-05-02 17:08:52.625115 [W:onnxruntime:, execution_frame.cc:870 VerifyOutputSizes] Expected shape from model of {} does not match actual shape of {2} for output output[m
[0;93m2026-05-02 17:08:52.665076 [W:onnxruntime:, execution_frame.cc:870 VerifyOutputSizes] Expected shape from model of {} does not match actual shape of {2} for output output[m
[0;93m2026-05-02 17:08:52.701844 [W:onnxruntime:, execution_frame.cc:870 VerifyOutputSizes] Expected shape from model of {} does not match actual shape of {2} for output output[m
[0;93m2026-05-02 17:08:52.738347 [W:onnxruntime:, execution_frame.cc:870 VerifyOutputSizes] Expected shape from model of {} does not match actual shape of {2} for output output[m
[0;93m2026-05-02 17:08:52.777040 [W:onnxruntime:, execution_frame.cc:870 VerifyOutputSizes] Expected shape from model of {} does not match actual shape of {2} for output output[m
[0;93m2026-05-02 17:08:52.813909 [W:onnxruntime:, execution_frame.cc:870 VerifyOutputSizes] Expected shape from model of {} does not match actual shape of {2} for output output[m
[0;93m2026-05-02 17:08:52.842212 [W:onnxruntime:, execution_frame.cc:870 VerifyOutputSizes] Expected shape from model of {} does not match actual shape of {2} for output output[m
[0;93m2026-05-02 17:08:52.881600 [W:onnxruntime:, execution_frame.cc:870 VerifyOutputSizes] Expected shape from model of {} does not match actual shape of {2} for output output[m
[0;93m2026-05-02 17:08:52.920337 [W:onnxruntime:, execution_frame.cc:870 VerifyOutputSizes] Expected shape from model of {} does not match actual shape of {2} for output output[m
[0;93m2026-05-02 17:08:52.945485 [W:onnxruntime:, execution_frame.cc:870 VerifyOutputSizes] Expected shape from model of {} does not match actual shape of {2} for output output[m
[0;93m2026-05-02 17:08:52.987518 [W:onnxruntime:, execution_frame.cc:870 VerifyOutputSizes] Expected shape from model of {} does not match actual shape of {2} for output output[m
[0;93m2026-05-02 17:08:53.026856 [W:onnxruntime:, execution_frame.cc:870 VerifyOutputSizes] Expected shape from model of {} does not match actual shape of {2} for output output[m
[0;93m2026-05-02 17:08:53.052039 [W:onnxruntime:, execution_frame.cc:870 VerifyOutputSizes] Expected shape from model of {} does not match actual shape of {2} for output output[m
[0;93m2026-05-02 17:08:53.092825 [W:onnxruntime:, execution_frame.cc:870 VerifyOutputSizes] Expected shape from model of {} does not match actual shape of {2} for output output[m
[0;93m2026-05-02 17:08:53.117272 [W:onnxruntime:, execution_frame.cc:870 VerifyOutputSizes] Expected shape from model of {} does not match actual shape of {2} for output output[m
[0;93m2026-05-02 17:08:53.157670 [W:onnxruntime:, execution_frame.cc:870 VerifyOutputSizes] Expected shape from model of {} does not match actual shape of {2} for output output[m
[0;93m2026-05-02 17:08:53.196047 [W:onnxruntime:, execution_frame.cc:870 VerifyOutputSizes] Expected shape from model of {} does not match actual shape of {2} for output output[m
  250/800
[0;93m2026-05-02 17:08:53.234523 [W:onnxruntime:, execution_frame.cc:870 VerifyOutputSizes] Expected shape from model of {} does not match actual shape of {2} for output output[m
[0;93m2026-05-02 17:08:53.257164 [W:onnxruntime:, execution_frame.cc:870 VerifyOutputSizes] Expected shape from model of {} does not match actual shape of {2} for output output[m
[0;93m2026-05-02 17:08:53.281967 [W:onnxruntime:, execution_frame.cc:870 VerifyOutputSizes] Expected shape from model of {} does not match actual shape of {2} for output output[m
[0;93m2026-05-02 17:08:53.322511 [W:onnxruntime:, execution_frame.cc:870 VerifyOutputSizes] Expected shape from model of {} does not match actual shape of {2} for output output[m
[0;93m2026-05-02 17:08:53.361648 [W:onnxruntime:, execution_frame.cc:870 VerifyOutputSizes] Expected shape from model of {} does not match actual shape of {2} for output output[m
[0;93m2026-05-02 17:08:53.386769 [W:onnxruntime:, execution_frame.cc:870 VerifyOutputSizes] Expected shape from model of {} does not match actual shape of {2} for output output[m
[0;93m2026-05-02 17:08:53.426649 [W:onnxruntime:, execution_frame.cc:870 VerifyOutputSizes] Expected shape from model of {} does not match actual shape of {2} for output output[m
[0;93m2026-05-02 17:08:53.468659 [W:onnxruntime:, execution_frame.cc:870 VerifyOutputSizes] Expected shape from model of {} does not match actual shape of {2} for output output[m
[0;93m2026-05-02 17:08:53.507070 [W:onnxruntime:, execution_frame.cc:870 VerifyOutputSizes] Expected shape from model of {} does not match actual shape of {2} for output output[m
[0;93m2026-05-02 17:08:53.545419 [W:onnxruntime:, execution_frame.cc:870 VerifyOutputSizes] Expected shape from model of {} does not match actual shape of {2} for output output[m
[0;93m2026-05-02 17:08:53.569519 [W:onnxruntime:, execution_frame.cc:870 VerifyOutputSizes] Expected shape from model of {} does not match actual shape of {2} for output output[m
[0;93m2026-05-02 17:08:53.594393 [W:onnxruntime:, execution_frame.cc:870 VerifyOutputSizes] Expected shape from model of {} does not match actual shape of {2} for output output[m
[0;93m2026-05-02 17:08:53.637071 [W:onnxruntime:, execution_frame.cc:870 VerifyOutputSizes] Expected shape from model of {} does not match actual shape of {2} for output output[m
[0;93m2026-05-02 17:08:53.679575 [W:onnxruntime:, execution_frame.cc:870 VerifyOutputSizes] Expected shape from model of {} does not match actual shape of {2} for output output[m
[0;93m2026-05-02 17:08:53.720463 [W:onnxruntime:, execution_frame.cc:870 VerifyOutputSizes] Expected shape from model of {} does not match actual shape of {2} for output output[m
[0;93m2026-05-02 17:08:53.747067 [W:onnxruntime:, execution_frame.cc:870 VerifyOutputSizes] Expected shape from model of {} does not match actual shape of {2} for output output[m
[0;93m2026-05-02 17:08:53.785332 [W:onnxruntime:, execution_frame.cc:870 VerifyOutputSizes] Expected shape from model of {} does not match actual shape of {2} for output output[m
[0;93m2026-05-02 17:08:53.827968 [W:onnxruntime:, execution_frame.cc:870 VerifyOutputSizes] Expected shape from model of {} does not match actual shape of {2} for output output[m
[0;93m2026-05-02 17:08:53.864050 [W:onnxruntime:, execution_frame.cc:870 VerifyOutputSizes] Expected shape from model of {} does not match actual shape of {2} for output output[m
[0;93m2026-05-02 17:08:53.890319 [W:onnxruntime:, execution_frame.cc:870 VerifyOutputSizes] Expected shape from model of {} does not match actual shape of {2} for output output[m
[0;93m2026-05-02 17:08:53.932626 [W:onnxruntime:, execution_frame.cc:870 VerifyOutputSizes] Expected shape from model of {} does not match actual shape of {2} for output output[m
[0;93m2026-05-02 17:08:53.973668 [W:onnxruntime:, execution_frame.cc:870 VerifyOutputSizes] Expected shape from model of {} does not match actual shape of {2} for output output[m
[0;93m2026-05-02 17:08:53.997565 [W:onnxruntime:, execution_frame.cc:870 VerifyOutputSizes] Expected shape from model of {} does not match actual shape of {2} for output output[m
[0;93m2026-05-02 17:08:54.041888 [W:onnxruntime:, execution_frame.cc:870 VerifyOutputSizes] Expected shape from model of {} does not match actual shape of {2} for output output[m
[0;93m2026-05-02 17:08:54.085519 [W:onnxruntime:, execution_frame.cc:870 VerifyOutputSizes] Expected shape from model of {} does not match actual shape of {2} for output output[m
[0;93m2026-05-02 17:08:54.130037 [W:onnxruntime:, execution_frame.cc:870 VerifyOutputSizes] Expected shape from model of {} does not match actual shape of {2} for output output[m
[0;93m2026-05-02 17:08:54.168608 [W:onnxruntime:, execution_frame.cc:870 VerifyOutputSizes] Expected shape from model of {} does not match actual shape of {2} for output output[m
[0;93m2026-05-02 17:08:54.194019 [W:onnxruntime:, execution_frame.cc:870 VerifyOutputSizes] Expected shape from model of {} does not match actual shape of {2} for output output[m
[0;93m2026-05-02 17:08:54.219891 [W:onnxruntime:, execution_frame.cc:870 VerifyOutputSizes] Expected shape from model of {} does not match actual shape of {2} for output output[m
[0;93m2026-05-02 17:08:54.257220 [W:onnxruntime:, execution_frame.cc:870 VerifyOutputSizes] Expected shape from model of {} does not match actual shape of {2} for output output[m
[0;93m2026-05-02 17:08:54.287327 [W:onnxruntime:, execution_frame.cc:870 VerifyOutputSizes] Expected shape from model of {} does not match actual shape of {2} for output output[m
[0;93m2026-05-02 17:08:54.315261 [W:onnxruntime:, execution_frame.cc:870 VerifyOutputSizes] Expected shape from model of {} does not match actual shape of {2} for output output[m
[0;93m2026-05-02 17:08:54.361669 [W:onnxruntime:, execution_frame.cc:870 VerifyOutputSizes] Expected shape from model of {} does not match actual shape of {2} for output output[m
[0;93m2026-05-02 17:08:54.405336 [W:onnxruntime:, execution_frame.cc:870 VerifyOutputSizes] Expected shape from model of {} does not match actual shape of {2} for output output[m
[0;93m2026-05-02 17:08:54.430537 [W:onnxruntime:, execution_frame.cc:870 VerifyOutputSizes] Expected shape from model of {} does not match actual shape of {2} for output output[m
[0;93m2026-05-02 17:08:54.475057 [W:onnxruntime:, execution_frame.cc:870 VerifyOutputSizes] Expected shape from model of {} does not match actual shape of {2} for output output[m
[0;93m2026-05-02 17:08:54.514255 [W:onnxruntime:, execution_frame.cc:870 VerifyOutputSizes] Expected shape from model of {} does not match actual shape of {2} for output output[m
[0;93m2026-05-02 17:08:54.536418 [W:onnxruntime:, execution_frame.cc:870 VerifyOutputSizes] Expected shape from model of {} does not match actual shape of {2} for output output[m
[0;93m2026-05-02 17:08:54.575287 [W:onnxruntime:, execution_frame.cc:870 VerifyOutputSizes] Expected shape from model of {} does not match actual shape of {2} for output output[m
[0;93m2026-05-02 17:08:54.619613 [W:onnxruntime:, execution_frame.cc:870 VerifyOutputSizes] Expected shape from model of {} does not match actual shape of {2} for output output[m
[0;93m2026-05-02 17:08:54.657244 [W:onnxruntime:, execution_frame.cc:870 VerifyOutputSizes] Expected shape from model of {} does not match actual shape of {2} for output output[m
[0;93m2026-05-02 17:08:54.694692 [W:onnxruntime:, execution_frame.cc:870 VerifyOutputSizes] Expected shape from model of {} does not match actual shape of {2} for output output[m
[0;93m2026-05-02 17:08:54.764458 [W:onnxruntime:, execution_frame.cc:870 VerifyOutputSizes] Expected shape from model of {} does not match actual shape of {2} for output output[m
[0;93m2026-05-02 17:08:54.843962 [W:onnxruntime:, execution_frame.cc:870 VerifyOutputSizes] Expected shape from model of {} does not match actual shape of {2} for output output[m
[0;93m2026-05-02 17:08:54.881467 [W:onnxruntime:, execution_frame.cc:870 VerifyOutputSizes] Expected shape from model of {} does not match actual shape of {2} for output output[m
[0;93m2026-05-02 17:08:54.904688 [W:onnxruntime:, execution_frame.cc:870 VerifyOutputSizes] Expected shape from model of {} does not match actual shape of {2} for output output[m
[0;93m2026-05-02 17:08:54.941450 [W:onnxruntime:, execution_frame.cc:870 VerifyOutputSizes] Expected shape from model of {} does not match actual shape of {2} for output output[m
[0;93m2026-05-02 17:08:54.977741 [W:onnxruntime:, execution_frame.cc:870 VerifyOutputSizes] Expected shape from model of {} does not match actual shape of {2} for output output[m
[0;93m2026-05-02 17:08:55.015115 [W:onnxruntime:, execution_frame.cc:870 VerifyOutputSizes] Expected shape from model of {} does not match actual shape of {2} for output output[m
[0;93m2026-05-02 17:08:55.054978 [W:onnxruntime:, execution_frame.cc:870 VerifyOutputSizes] Expected shape from model of {} does not match actual shape of {2} for output output[m
  300/800
[0;93m2026-05-02 17:08:55.092499 [W:onnxruntime:, execution_frame.cc:870 VerifyOutputSizes] Expected shape from model of {} does not match actual shape of {2} for output output[m
[0;93m2026-05-02 17:08:55.118635 [W:onnxruntime:, execution_frame.cc:870 VerifyOutputSizes] Expected shape from model of {} does not match actual shape of {2} for output output[m
[0;93m2026-05-02 17:08:55.159984 [W:onnxruntime:, execution_frame.cc:870 VerifyOutputSizes] Expected shape from model of {} does not match actual shape of {2} for output output[m
[0;93m2026-05-02 17:08:55.199709 [W:onnxruntime:, execution_frame.cc:870 VerifyOutputSizes] Expected shape from model of {} does not match actual shape of {2} for output output[m
[0;93m2026-05-02 17:08:55.237912 [W:onnxruntime:, execution_frame.cc:870 VerifyOutputSizes] Expected shape from model of {} does not match actual shape of {2} for output output[m
[0;93m2026-05-02 17:08:55.263155 [W:onnxruntime:, execution_frame.cc:870 VerifyOutputSizes] Expected shape from model of {} does not match actual shape of {2} for output output[m
[0;93m2026-05-02 17:08:55.305243 [W:onnxruntime:, execution_frame.cc:870 VerifyOutputSizes] Expected shape from model of {} does not match actual shape of {2} for output output[m
[0;93m2026-05-02 17:08:55.345275 [W:onnxruntime:, execution_frame.cc:870 VerifyOutputSizes] Expected shape from model of {} does not match actual shape of {2} for output output[m
[0;93m2026-05-02 17:08:55.383863 [W:onnxruntime:, execution_frame.cc:870 VerifyOutputSizes] Expected shape from model of {} does not match actual shape of {2} for output output[m
[0;93m2026-05-02 17:08:55.423155 [W:onnxruntime:, execution_frame.cc:870 VerifyOutputSizes] Expected shape from model of {} does not match actual shape of {2} for output output[m
[0;93m2026-05-02 17:08:55.448292 [W:onnxruntime:, execution_frame.cc:870 VerifyOutputSizes] Expected shape from model of {} does not match actual shape of {2} for output output[m
[0;93m2026-05-02 17:08:55.488545 [W:onnxruntime:, execution_frame.cc:870 VerifyOutputSizes] Expected shape from model of {} does not match actual shape of {2} for output output[m
[0;93m2026-05-02 17:08:55.529507 [W:onnxruntime:, execution_frame.cc:870 VerifyOutputSizes] Expected shape from model of {} does not match actual shape of {2} for output output[m
[0;93m2026-05-02 17:08:55.571957 [W:onnxruntime:, execution_frame.cc:870 VerifyOutputSizes] Expected shape from model of {} does not match actual shape of {2} for output output[m
[0;93m2026-05-02 17:08:55.614088 [W:onnxruntime:, execution_frame.cc:870 VerifyOutputSizes] Expected shape from model of {} does not match actual shape of {2} for output output[m
[0;93m2026-05-02 17:08:55.658848 [W:onnxruntime:, execution_frame.cc:870 VerifyOutputSizes] Expected shape from model of {} does not match actual shape of {2} for output output[m
[0;93m2026-05-02 17:08:55.698068 [W:onnxruntime:, execution_frame.cc:870 VerifyOutputSizes] Expected shape from model of {} does not match actual shape of {2} for output output[m
[0;93m2026-05-02 17:08:55.740802 [W:onnxruntime:, execution_frame.cc:870 VerifyOutputSizes] Expected shape from model of {} does not match actual shape of {2} for output output[m
[0;93m2026-05-02 17:08:55.784093 [W:onnxruntime:, execution_frame.cc:870 VerifyOutputSizes] Expected shape from model of {} does not match actual shape of {2} for output output[m
[0;93m2026-05-02 17:08:55.827242 [W:onnxruntime:, execution_frame.cc:870 VerifyOutputSizes] Expected shape from model of {} does not match actual shape of {2} for output output[m
[0;93m2026-05-02 17:08:55.869290 [W:onnxruntime:, execution_frame.cc:870 VerifyOutputSizes] Expected shape from model of {} does not match actual shape of {2} for output output[m
[0;93m2026-05-02 17:08:55.910646 [W:onnxruntime:, execution_frame.cc:870 VerifyOutputSizes] Expected shape from model of {} does not match actual shape of {2} for output output[m
[0;93m2026-05-02 17:08:55.956273 [W:onnxruntime:, execution_frame.cc:870 VerifyOutputSizes] Expected shape from model of {} does not match actual shape of {2} for output output[m
[0;93m2026-05-02 17:08:55.997618 [W:onnxruntime:, execution_frame.cc:870 VerifyOutputSizes] Expected shape from model of {} does not match actual shape of {2} for output output[m
[0;93m2026-05-02 17:08:56.024599 [W:onnxruntime:, execution_frame.cc:870 VerifyOutputSizes] Expected shape from model of {} does not match actual shape of {2} for output output[m
[0;93m2026-05-02 17:08:56.065847 [W:onnxruntime:, execution_frame.cc:870 VerifyOutputSizes] Expected shape from model of {} does not match actual shape of {2} for output output[m
[0;93m2026-05-02 17:08:56.104597 [W:onnxruntime:, execution_frame.cc:870 VerifyOutputSizes] Expected shape from model of {} does not match actual shape of {2} for output output[m
[0;93m2026-05-02 17:08:56.143683 [W:onnxruntime:, execution_frame.cc:870 VerifyOutputSizes] Expected shape from model of {} does not match actual shape of {2} for output output[m
[0;93m2026-05-02 17:08:56.169060 [W:onnxruntime:, execution_frame.cc:870 VerifyOutputSizes] Expected shape from model of {} does not match actual shape of {2} for output output[m
[0;93m2026-05-02 17:08:56.209757 [W:onnxruntime:, execution_frame.cc:870 VerifyOutputSizes] Expected shape from model of {} does not match actual shape of {2} for output output[m
[0;93m2026-05-02 17:08:56.257851 [W:onnxruntime:, execution_frame.cc:870 VerifyOutputSizes] Expected shape from model of {} does not match actual shape of {2} for output output[m
[0;93m2026-05-02 17:08:56.297369 [W:onnxruntime:, execution_frame.cc:870 VerifyOutputSizes] Expected shape from model of {} does not match actual shape of {2} for output output[m
[0;93m2026-05-02 17:08:56.340572 [W:onnxruntime:, execution_frame.cc:870 VerifyOutputSizes] Expected shape from model of {} does not match actual shape of {2} for output output[m
[0;93m2026-05-02 17:08:56.382849 [W:onnxruntime:, execution_frame.cc:870 VerifyOutputSizes] Expected shape from model of {} does not match actual shape of {2} for output output[m
[0;93m2026-05-02 17:08:56.407135 [W:onnxruntime:, execution_frame.cc:870 VerifyOutputSizes] Expected shape from model of {} does not match actual shape of {2} for output output[m
[0;93m2026-05-02 17:08:56.445581 [W:onnxruntime:, execution_frame.cc:870 VerifyOutputSizes] Expected shape from model of {} does not match actual shape of {2} for output output[m
[0;93m2026-05-02 17:08:56.485373 [W:onnxruntime:, execution_frame.cc:870 VerifyOutputSizes] Expected shape from model of {} does not match actual shape of {2} for output output[m
[0;93m2026-05-02 17:08:56.527590 [W:onnxruntime:, execution_frame.cc:870 VerifyOutputSizes] Expected shape from model of {} does not match actual shape of {2} for output output[m
[0;93m2026-05-02 17:08:56.567380 [W:onnxruntime:, execution_frame.cc:870 VerifyOutputSizes] Expected shape from model of {} does not match actual shape of {2} for output output[m
[0;93m2026-05-02 17:08:56.609561 [W:onnxruntime:, execution_frame.cc:870 VerifyOutputSizes] Expected shape from model of {} does not match actual shape of {2} for output output[m
[0;93m2026-05-02 17:08:56.650530 [W:onnxruntime:, execution_frame.cc:870 VerifyOutputSizes] Expected shape from model of {} does not match actual shape of {2} for output output[m
[0;93m2026-05-02 17:08:56.691922 [W:onnxruntime:, execution_frame.cc:870 VerifyOutputSizes] Expected shape from model of {} does not match actual shape of {2} for output output[m
[0;93m2026-05-02 17:08:56.734769 [W:onnxruntime:, execution_frame.cc:870 VerifyOutputSizes] Expected shape from model of {} does not match actual shape of {2} for output output[m
[0;93m2026-05-02 17:08:56.774641 [W:onnxruntime:, execution_frame.cc:870 VerifyOutputSizes] Expected shape from model of {} does not match actual shape of {2} for output output[m
[0;93m2026-05-02 17:08:56.801132 [W:onnxruntime:, execution_frame.cc:870 VerifyOutputSizes] Expected shape from model of {} does not match actual shape of {2} for output output[m
[0;93m2026-05-02 17:08:56.843178 [W:onnxruntime:, execution_frame.cc:870 VerifyOutputSizes] Expected shape from model of {} does not match actual shape of {2} for output output[m
[0;93m2026-05-02 17:08:56.886491 [W:onnxruntime:, execution_frame.cc:870 VerifyOutputSizes] Expected shape from model of {} does not match actual shape of {2} for output output[m
[0;93m2026-05-02 17:08:56.909982 [W:onnxruntime:, execution_frame.cc:870 VerifyOutputSizes] Expected shape from model of {} does not match actual shape of {2} for output output[m
[0;93m2026-05-02 17:08:56.949619 [W:onnxruntime:, execution_frame.cc:870 VerifyOutputSizes] Expected shape from model of {} does not match actual shape of {2} for output output[m
[0;93m2026-05-02 17:08:56.988315 [W:onnxruntime:, execution_frame.cc:870 VerifyOutputSizes] Expected shape from model of {} does not match actual shape of {2} for output output[m
  350/800
[0;93m2026-05-02 17:08:57.028557 [W:onnxruntime:, execution_frame.cc:870 VerifyOutputSizes] Expected shape from model of {} does not match actual shape of {2} for output output[m
[0;93m2026-05-02 17:08:57.067497 [W:onnxruntime:, execution_frame.cc:870 VerifyOutputSizes] Expected shape from model of {} does not match actual shape of {2} for output output[m
[0;93m2026-05-02 17:08:57.090491 [W:onnxruntime:, execution_frame.cc:870 VerifyOutputSizes] Expected shape from model of {} does not match actual shape of {2} for output output[m
[0;93m2026-05-02 17:08:57.126579 [W:onnxruntime:, execution_frame.cc:870 VerifyOutputSizes] Expected shape from model of {} does not match actual shape of {2} for output output[m
[0;93m2026-05-02 17:08:57.149894 [W:onnxruntime:, execution_frame.cc:870 VerifyOutputSizes] Expected shape from model of {} does not match actual shape of {2} for output output[m
[0;93m2026-05-02 17:08:57.189171 [W:onnxruntime:, execution_frame.cc:870 VerifyOutputSizes] Expected shape from model of {} does not match actual shape of {2} for output output[m
[0;93m2026-05-02 17:08:57.227352 [W:onnxruntime:, execution_frame.cc:870 VerifyOutputSizes] Expected shape from model of {} does not match actual shape of {2} for output output[m
[0;93m2026-05-02 17:08:57.266185 [W:onnxruntime:, execution_frame.cc:870 VerifyOutputSizes] Expected shape from model of {} does not match actual shape of {2} for output output[m
[0;93m2026-05-02 17:08:57.305513 [W:onnxruntime:, execution_frame.cc:870 VerifyOutputSizes] Expected shape from model of {} does not match actual shape of {2} for output output[m
[0;93m2026-05-02 17:08:57.329164 [W:onnxruntime:, execution_frame.cc:870 VerifyOutputSizes] Expected shape from model of {} does not match actual shape of {2} for output output[m
[0;93m2026-05-02 17:08:57.368141 [W:onnxruntime:, execution_frame.cc:870 VerifyOutputSizes] Expected shape from model of {} does not match actual shape of {2} for output output[m
[0;93m2026-05-02 17:08:57.406849 [W:onnxruntime:, execution_frame.cc:870 VerifyOutputSizes] Expected shape from model of {} does not match actual shape of {2} for output output[m
[0;93m2026-05-02 17:08:57.445379 [W:onnxruntime:, execution_frame.cc:870 VerifyOutputSizes] Expected shape from model of {} does not match actual shape of {2} for output output[m
[0;93m2026-05-02 17:08:57.484446 [W:onnxruntime:, execution_frame.cc:870 VerifyOutputSizes] Expected shape from model of {} does not match actual shape of {2} for output output[m
[0;93m2026-05-02 17:08:57.507986 [W:onnxruntime:, execution_frame.cc:870 VerifyOutputSizes] Expected shape from model of {} does not match actual shape of {2} for output output[m
[0;93m2026-05-02 17:08:57.549223 [W:onnxruntime:, execution_frame.cc:870 VerifyOutputSizes] Expected shape from model of {} does not match actual shape of {2} for output output[m
[0;93m2026-05-02 17:08:57.589521 [W:onnxruntime:, execution_frame.cc:870 VerifyOutputSizes] Expected shape from model of {} does not match actual shape of {2} for output output[m
[0;93m2026-05-02 17:08:57.629003 [W:onnxruntime:, execution_frame.cc:870 VerifyOutputSizes] Expected shape from model of {} does not match actual shape of {2} for output output[m
[0;93m2026-05-02 17:08:57.671573 [W:onnxruntime:, execution_frame.cc:870 VerifyOutputSizes] Expected shape from model of {} does not match actual shape of {2} for output output[m
[0;93m2026-05-02 17:08:57.717892 [W:onnxruntime:, execution_frame.cc:870 VerifyOutputSizes] Expected shape from model of {} does not match actual shape of {2} for output output[m
[0;93m2026-05-02 17:08:57.762210 [W:onnxruntime:, execution_frame.cc:870 VerifyOutputSizes] Expected shape from model of {} does not match actual shape of {2} for output output[m
[0;93m2026-05-02 17:08:57.801151 [W:onnxruntime:, execution_frame.cc:870 VerifyOutputSizes] Expected shape from model of {} does not match actual shape of {2} for output output[m
[0;93m2026-05-02 17:08:57.835330 [W:onnxruntime:, execution_frame.cc:870 VerifyOutputSizes] Expected shape from model of {} does not match actual shape of {2} for output output[m
[0;93m2026-05-02 17:08:57.857704 [W:onnxruntime:, execution_frame.cc:870 VerifyOutputSizes] Expected shape from model of {} does not match actual shape of {2} for output output[m
[0;93m2026-05-02 17:08:57.897709 [W:onnxruntime:, execution_frame.cc:870 VerifyOutputSizes] Expected shape from model of {} does not match actual shape of {2} for output output[m
[0;93m2026-05-02 17:08:57.937458 [W:onnxruntime:, execution_frame.cc:870 VerifyOutputSizes] Expected shape from model of {} does not match actual shape of {2} for output output[m
[0;93m2026-05-02 17:08:57.979039 [W:onnxruntime:, execution_frame.cc:870 VerifyOutputSizes] Expected shape from model of {} does not match actual shape of {2} for output output[m
[0;93m2026-05-02 17:08:58.018222 [W:onnxruntime:, execution_frame.cc:870 VerifyOutputSizes] Expected shape from model of {} does not match actual shape of {2} for output output[m
[0;93m2026-05-02 17:08:58.057635 [W:onnxruntime:, execution_frame.cc:870 VerifyOutputSizes] Expected shape from model of {} does not match actual shape of {2} for output output[m
[0;93m2026-05-02 17:08:58.081729 [W:onnxruntime:, execution_frame.cc:870 VerifyOutputSizes] Expected shape from model of {} does not match actual shape of {2} for output output[m
[0;93m2026-05-02 17:08:58.122348 [W:onnxruntime:, execution_frame.cc:870 VerifyOutputSizes] Expected shape from model of {} does not match actual shape of {2} for output output[m
[0;93m2026-05-02 17:08:58.163902 [W:onnxruntime:, execution_frame.cc:870 VerifyOutputSizes] Expected shape from model of {} does not match actual shape of {2} for output output[m
[0;93m2026-05-02 17:08:58.187853 [W:onnxruntime:, execution_frame.cc:870 VerifyOutputSizes] Expected shape from model of {} does not match actual shape of {2} for output output[m
[0;93m2026-05-02 17:08:58.231715 [W:onnxruntime:, execution_frame.cc:870 VerifyOutputSizes] Expected shape from model of {} does not match actual shape of {2} for output output[m
[0;93m2026-05-02 17:08:58.273135 [W:onnxruntime:, execution_frame.cc:870 VerifyOutputSizes] Expected shape from model of {} does not match actual shape of {2} for output output[m
[0;93m2026-05-02 17:08:58.297314 [W:onnxruntime:, execution_frame.cc:870 VerifyOutputSizes] Expected shape from model of {} does not match actual shape of {2} for output output[m
[0;93m2026-05-02 17:08:58.339937 [W:onnxruntime:, execution_frame.cc:870 VerifyOutputSizes] Expected shape from model of {} does not match actual shape of {2} for output output[m
[0;93m2026-05-02 17:08:58.382491 [W:onnxruntime:, execution_frame.cc:870 VerifyOutputSizes] Expected shape from model of {} does not match actual shape of {2} for output output[m
[0;93m2026-05-02 17:08:58.424716 [W:onnxruntime:, execution_frame.cc:870 VerifyOutputSizes] Expected shape from model of {} does not match actual shape of {2} for output output[m
[0;93m2026-05-02 17:08:58.464068 [W:onnxruntime:, execution_frame.cc:870 VerifyOutputSizes] Expected shape from model of {} does not match actual shape of {2} for output output[m
[0;93m2026-05-02 17:08:58.504303 [W:onnxruntime:, execution_frame.cc:870 VerifyOutputSizes] Expected shape from model of {} does not match actual shape of {2} for output output[m
[0;93m2026-05-02 17:08:58.545606 [W:onnxruntime:, execution_frame.cc:870 VerifyOutputSizes] Expected shape from model of {} does not match actual shape of {2} for output output[m
[0;93m2026-05-02 17:08:58.586135 [W:onnxruntime:, execution_frame.cc:870 VerifyOutputSizes] Expected shape from model of {} does not match actual shape of {2} for output output[m
[0;93m2026-05-02 17:08:58.626119 [W:onnxruntime:, execution_frame.cc:870 VerifyOutputSizes] Expected shape from model of {} does not match actual shape of {2} for output output[m
[0;93m2026-05-02 17:08:58.667129 [W:onnxruntime:, execution_frame.cc:870 VerifyOutputSizes] Expected shape from model of {} does not match actual shape of {2} for output output[m
[0;93m2026-05-02 17:08:58.707595 [W:onnxruntime:, execution_frame.cc:870 VerifyOutputSizes] Expected shape from model of {} does not match actual shape of {2} for output output[m
[0;93m2026-05-02 17:08:58.750215 [W:onnxruntime:, execution_frame.cc:870 VerifyOutputSizes] Expected shape from model of {} does not match actual shape of {2} for output output[m
[0;93m2026-05-02 17:08:58.789750 [W:onnxruntime:, execution_frame.cc:870 VerifyOutputSizes] Expected shape from model of {} does not match actual shape of {2} for output output[m
[0;93m2026-05-02 17:08:58.832535 [W:onnxruntime:, execution_frame.cc:870 VerifyOutputSizes] Expected shape from model of {} does not match actual shape of {2} for output output[m
[0;93m2026-05-02 17:08:58.874219 [W:onnxruntime:, execution_frame.cc:870 VerifyOutputSizes] Expected shape from model of {} does not match actual shape of {2} for output output[m
  400/800
[0;93m2026-05-02 17:08:58.901984 [W:onnxruntime:, execution_frame.cc:870 VerifyOutputSizes] Expected shape from model of {} does not match actual shape of {2} for output output[m
[0;93m2026-05-02 17:08:58.940659 [W:onnxruntime:, execution_frame.cc:870 VerifyOutputSizes] Expected shape from model of {} does not match actual shape of {2} for output output[m
[0;93m2026-05-02 17:08:58.989379 [W:onnxruntime:, execution_frame.cc:870 VerifyOutputSizes] Expected shape from model of {} does not match actual shape of {2} for output output[m
[0;93m2026-05-02 17:08:59.030389 [W:onnxruntime:, execution_frame.cc:870 VerifyOutputSizes] Expected shape from model of {} does not match actual shape of {2} for output output[m
[0;93m2026-05-02 17:08:59.070931 [W:onnxruntime:, execution_frame.cc:870 VerifyOutputSizes] Expected shape from model of {} does not match actual shape of {2} for output output[m
[0;93m2026-05-02 17:08:59.111063 [W:onnxruntime:, execution_frame.cc:870 VerifyOutputSizes] Expected shape from model of {} does not match actual shape of {2} for output output[m
[0;93m2026-05-02 17:08:59.152186 [W:onnxruntime:, execution_frame.cc:870 VerifyOutputSizes] Expected shape from model of {} does not match actual shape of {2} for output output[m
[0;93m2026-05-02 17:08:59.193979 [W:onnxruntime:, execution_frame.cc:870 VerifyOutputSizes] Expected shape from model of {} does not match actual shape of {2} for output output[m
[0;93m2026-05-02 17:08:59.234417 [W:onnxruntime:, execution_frame.cc:870 VerifyOutputSizes] Expected shape from model of {} does not match actual shape of {2} for output output[m
[0;93m2026-05-02 17:08:59.273299 [W:onnxruntime:, execution_frame.cc:870 VerifyOutputSizes] Expected shape from model of {} does not match actual shape of {2} for output output[m
[0;93m2026-05-02 17:08:59.300613 [W:onnxruntime:, execution_frame.cc:870 VerifyOutputSizes] Expected shape from model of {} does not match actual shape of {2} for output output[m
[0;93m2026-05-02 17:08:59.343815 [W:onnxruntime:, execution_frame.cc:870 VerifyOutputSizes] Expected shape from model of {} does not match actual shape of {2} for output output[m
[0;93m2026-05-02 17:08:59.384568 [W:onnxruntime:, execution_frame.cc:870 VerifyOutputSizes] Expected shape from model of {} does not match actual shape of {2} for output output[m
[0;93m2026-05-02 17:08:59.424505 [W:onnxruntime:, execution_frame.cc:870 VerifyOutputSizes] Expected shape from model of {} does not match actual shape of {2} for output output[m
[0;93m2026-05-02 17:08:59.449495 [W:onnxruntime:, execution_frame.cc:870 VerifyOutputSizes] Expected shape from model of {} does not match actual shape of {2} for output output[m
[0;93m2026-05-02 17:08:59.488410 [W:onnxruntime:, execution_frame.cc:870 VerifyOutputSizes] Expected shape from model of {} does not match actual shape of {2} for output output[m
[0;93m2026-05-02 17:08:59.524883 [W:onnxruntime:, execution_frame.cc:870 VerifyOutputSizes] Expected shape from model of {} does not match actual shape of {2} for output output[m
[0;93m2026-05-02 17:08:59.563208 [W:onnxruntime:, execution_frame.cc:870 VerifyOutputSizes] Expected shape from model of {} does not match actual shape of {2} for output output[m
[0;93m2026-05-02 17:08:59.600045 [W:onnxruntime:, execution_frame.cc:870 VerifyOutputSizes] Expected shape from model of {} does not match actual shape of {2} for output output[m
[0;93m2026-05-02 17:08:59.638607 [W:onnxruntime:, execution_frame.cc:870 VerifyOutputSizes] Expected shape from model of {} does not match actual shape of {2} for output output[m
[0;93m2026-05-02 17:08:59.676036 [W:onnxruntime:, execution_frame.cc:870 VerifyOutputSizes] Expected shape from model of {} does not match actual shape of {2} for output output[m
[0;93m2026-05-02 17:08:59.699560 [W:onnxruntime:, execution_frame.cc:870 VerifyOutputSizes] Expected shape from model of {} does not match actual shape of {2} for output output[m
[0;93m2026-05-02 17:08:59.722503 [W:onnxruntime:, execution_frame.cc:870 VerifyOutputSizes] Expected shape from model of {} does not match actual shape of {2} for output output[m
[0;93m2026-05-02 17:08:59.745187 [W:onnxruntime:, execution_frame.cc:870 VerifyOutputSizes] Expected shape from model of {} does not match actual shape of {2} for output output[m
[0;93m2026-05-02 17:08:59.781083 [W:onnxruntime:, execution_frame.cc:870 VerifyOutputSizes] Expected shape from model of {} does not match actual shape of {2} for output output[m
[0;93m2026-05-02 17:08:59.803367 [W:onnxruntime:, execution_frame.cc:870 VerifyOutputSizes] Expected shape from model of {} does not match actual shape of {2} for output output[m
[0;93m2026-05-02 17:08:59.844538 [W:onnxruntime:, execution_frame.cc:870 VerifyOutputSizes] Expected shape from model of {} does not match actual shape of {2} for output output[m
[0;93m2026-05-02 17:08:59.882698 [W:onnxruntime:, execution_frame.cc:870 VerifyOutputSizes] Expected shape from model of {} does not match actual shape of {2} for output output[m
[0;93m2026-05-02 17:08:59.919527 [W:onnxruntime:, execution_frame.cc:870 VerifyOutputSizes] Expected shape from model of {} does not match actual shape of {2} for output output[m
[0;93m2026-05-02 17:08:59.955719 [W:onnxruntime:, execution_frame.cc:870 VerifyOutputSizes] Expected shape from model of {} does not match actual shape of {2} for output output[m
[0;93m2026-05-02 17:08:59.993574 [W:onnxruntime:, execution_frame.cc:870 VerifyOutputSizes] Expected shape from model of {} does not match actual shape of {2} for output output[m
[0;93m2026-05-02 17:09:00.032723 [W:onnxruntime:, execution_frame.cc:870 VerifyOutputSizes] Expected shape from model of {} does not match actual shape of {2} for output output[m
[0;93m2026-05-02 17:09:00.073951 [W:onnxruntime:, execution_frame.cc:870 VerifyOutputSizes] Expected shape from model of {} does not match actual shape of {2} for output output[m
[0;93m2026-05-02 17:09:00.113550 [W:onnxruntime:, execution_frame.cc:870 VerifyOutputSizes] Expected shape from model of {} does not match actual shape of {2} for output output[m
[0;93m2026-05-02 17:09:00.151736 [W:onnxruntime:, execution_frame.cc:870 VerifyOutputSizes] Expected shape from model of {} does not match actual shape of {2} for output output[m
[0;93m2026-05-02 17:09:00.175468 [W:onnxruntime:, execution_frame.cc:870 VerifyOutputSizes] Expected shape from model of {} does not match actual shape of {2} for output output[m
[0;93m2026-05-02 17:09:00.215779 [W:onnxruntime:, execution_frame.cc:870 VerifyOutputSizes] Expected shape from model of {} does not match actual shape of {2} for output output[m
[0;93m2026-05-02 17:09:00.255378 [W:onnxruntime:, execution_frame.cc:870 VerifyOutputSizes] Expected shape from model of {} does not match actual shape of {2} for output output[m
[0;93m2026-05-02 17:09:00.291877 [W:onnxruntime:, execution_frame.cc:870 VerifyOutputSizes] Expected shape from model of {} does not match actual shape of {2} for output output[m
[0;93m2026-05-02 17:09:00.326071 [W:onnxruntime:, execution_frame.cc:870 VerifyOutputSizes] Expected shape from model of {} does not match actual shape of {2} for output output[m
[0;93m2026-05-02 17:09:00.369693 [W:onnxruntime:, execution_frame.cc:870 VerifyOutputSizes] Expected shape from model of {} does not match actual shape of {2} for output output[m
[0;93m2026-05-02 17:09:00.394221 [W:onnxruntime:, execution_frame.cc:870 VerifyOutputSizes] Expected shape from model of {} does not match actual shape of {2} for output output[m
[0;93m2026-05-02 17:09:00.437685 [W:onnxruntime:, execution_frame.cc:870 VerifyOutputSizes] Expected shape from model of {} does not match actual shape of {2} for output output[m
[0;93m2026-05-02 17:09:00.463054 [W:onnxruntime:, execution_frame.cc:870 VerifyOutputSizes] Expected shape from model of {} does not match actual shape of {2} for output output[m
[0;93m2026-05-02 17:09:00.502853 [W:onnxruntime:, execution_frame.cc:870 VerifyOutputSizes] Expected shape from model of {} does not match actual shape of {2} for output output[m
[0;93m2026-05-02 17:09:00.541628 [W:onnxruntime:, execution_frame.cc:870 VerifyOutputSizes] Expected shape from model of {} does not match actual shape of {2} for output output[m
[0;93m2026-05-02 17:09:00.582855 [W:onnxruntime:, execution_frame.cc:870 VerifyOutputSizes] Expected shape from model of {} does not match actual shape of {2} for output output[m
[0;93m2026-05-02 17:09:00.623113 [W:onnxruntime:, execution_frame.cc:870 VerifyOutputSizes] Expected shape from model of {} does not match actual shape of {2} for output output[m
[0;93m2026-05-02 17:09:00.664979 [W:onnxruntime:, execution_frame.cc:870 VerifyOutputSizes] Expected shape from model of {} does not match actual shape of {2} for output output[m
[0;93m2026-05-02 17:09:00.703092 [W:onnxruntime:, execution_frame.cc:870 VerifyOutputSizes] Expected shape from model of {} does not match actual shape of {2} for output output[m
  450/800
[0;93m2026-05-02 17:09:00.727660 [W:onnxruntime:, execution_frame.cc:870 VerifyOutputSizes] Expected shape from model of {} does not match actual shape of {2} for output output[m
[0;93m2026-05-02 17:09:00.753287 [W:onnxruntime:, execution_frame.cc:870 VerifyOutputSizes] Expected shape from model of {} does not match actual shape of {2} for output output[m
[0;93m2026-05-02 17:09:00.796570 [W:onnxruntime:, execution_frame.cc:870 VerifyOutputSizes] Expected shape from model of {} does not match actual shape of {2} for output output[m
[0;93m2026-05-02 17:09:00.839151 [W:onnxruntime:, execution_frame.cc:870 VerifyOutputSizes] Expected shape from model of {} does not match actual shape of {2} for output output[m
[0;93m2026-05-02 17:09:00.879873 [W:onnxruntime:, execution_frame.cc:870 VerifyOutputSizes] Expected shape from model of {} does not match actual shape of {2} for output output[m
[0;93m2026-05-02 17:09:00.906260 [W:onnxruntime:, execution_frame.cc:870 VerifyOutputSizes] Expected shape from model of {} does not match actual shape of {2} for output output[m
[0;93m2026-05-02 17:09:00.949445 [W:onnxruntime:, execution_frame.cc:870 VerifyOutputSizes] Expected shape from model of {} does not match actual shape of {2} for output output[m
[0;93m2026-05-02 17:09:00.992454 [W:onnxruntime:, execution_frame.cc:870 VerifyOutputSizes] Expected shape from model of {} does not match actual shape of {2} for output output[m
[0;93m2026-05-02 17:09:01.033899 [W:onnxruntime:, execution_frame.cc:870 VerifyOutputSizes] Expected shape from model of {} does not match actual shape of {2} for output output[m
[0;93m2026-05-02 17:09:01.058269 [W:onnxruntime:, execution_frame.cc:870 VerifyOutputSizes] Expected shape from model of {} does not match actual shape of {2} for output output[m
[0;93m2026-05-02 17:09:01.084111 [W:onnxruntime:, execution_frame.cc:870 VerifyOutputSizes] Expected shape from model of {} does not match actual shape of {2} for output output[m
[0;93m2026-05-02 17:09:01.125554 [W:onnxruntime:, execution_frame.cc:870 VerifyOutputSizes] Expected shape from model of {} does not match actual shape of {2} for output output[m
[0;93m2026-05-02 17:09:01.165418 [W:onnxruntime:, execution_frame.cc:870 VerifyOutputSizes] Expected shape from model of {} does not match actual shape of {2} for output output[m
[0;93m2026-05-02 17:09:01.205128 [W:onnxruntime:, execution_frame.cc:870 VerifyOutputSizes] Expected shape from model of {} does not match actual shape of {2} for output output[m
[0;93m2026-05-02 17:09:01.228337 [W:onnxruntime:, execution_frame.cc:870 VerifyOutputSizes] Expected shape from model of {} does not match actual shape of {2} for output output[m
[0;93m2026-05-02 17:09:01.269293 [W:onnxruntime:, execution_frame.cc:870 VerifyOutputSizes] Expected shape from model of {} does not match actual shape of {2} for output output[m
[0;93m2026-05-02 17:09:01.312178 [W:onnxruntime:, execution_frame.cc:870 VerifyOutputSizes] Expected shape from model of {} does not match actual shape of {2} for output output[m
[0;93m2026-05-02 17:09:01.355526 [W:onnxruntime:, execution_frame.cc:870 VerifyOutputSizes] Expected shape from model of {} does not match actual shape of {2} for output output[m
[0;93m2026-05-02 17:09:01.396499 [W:onnxruntime:, execution_frame.cc:870 VerifyOutputSizes] Expected shape from model of {} does not match actual shape of {2} for output output[m
[0;93m2026-05-02 17:09:01.434017 [W:onnxruntime:, execution_frame.cc:870 VerifyOutputSizes] Expected shape from model of {} does not match actual shape of {2} for output output[m
[0;93m2026-05-02 17:09:01.458791 [W:onnxruntime:, execution_frame.cc:870 VerifyOutputSizes] Expected shape from model of {} does not match actual shape of {2} for output output[m
[0;93m2026-05-02 17:09:01.500774 [W:onnxruntime:, execution_frame.cc:870 VerifyOutputSizes] Expected shape from model of {} does not match actual shape of {2} for output output[m
[0;93m2026-05-02 17:09:01.542583 [W:onnxruntime:, execution_frame.cc:870 VerifyOutputSizes] Expected shape from model of {} does not match actual shape of {2} for output output[m
[0;93m2026-05-02 17:09:01.585152 [W:onnxruntime:, execution_frame.cc:870 VerifyOutputSizes] Expected shape from model of {} does not match actual shape of {2} for output output[m
[0;93m2026-05-02 17:09:01.624128 [W:onnxruntime:, execution_frame.cc:870 VerifyOutputSizes] Expected shape from model of {} does not match actual shape of {2} for output output[m
[0;93m2026-05-02 17:09:01.666673 [W:onnxruntime:, execution_frame.cc:870 VerifyOutputSizes] Expected shape from model of {} does not match actual shape of {2} for output output[m
[0;93m2026-05-02 17:09:01.709659 [W:onnxruntime:, execution_frame.cc:870 VerifyOutputSizes] Expected shape from model of {} does not match actual shape of {2} for output output[m
[0;93m2026-05-02 17:09:01.749239 [W:onnxruntime:, execution_frame.cc:870 VerifyOutputSizes] Expected shape from model of {} does not match actual shape of {2} for output output[m
[0;93m2026-05-02 17:09:01.788341 [W:onnxruntime:, execution_frame.cc:870 VerifyOutputSizes] Expected shape from model of {} does not match actual shape of {2} for output output[m
[0;93m2026-05-02 17:09:01.828051 [W:onnxruntime:, execution_frame.cc:870 VerifyOutputSizes] Expected shape from model of {} does not match actual shape of {2} for output output[m
[0;93m2026-05-02 17:09:01.865118 [W:onnxruntime:, execution_frame.cc:870 VerifyOutputSizes] Expected shape from model of {} does not match actual shape of {2} for output output[m
[0;93m2026-05-02 17:09:01.902081 [W:onnxruntime:, execution_frame.cc:870 VerifyOutputSizes] Expected shape from model of {} does not match actual shape of {2} for output output[m
[0;93m2026-05-02 17:09:01.925192 [W:onnxruntime:, execution_frame.cc:870 VerifyOutputSizes] Expected shape from model of {} does not match actual shape of {2} for output output[m
[0;93m2026-05-02 17:09:01.960930 [W:onnxruntime:, execution_frame.cc:870 VerifyOutputSizes] Expected shape from model of {} does not match actual shape of {2} for output output[m
[0;93m2026-05-02 17:09:01.997347 [W:onnxruntime:, execution_frame.cc:870 VerifyOutputSizes] Expected shape from model of {} does not match actual shape of {2} for output output[m
[0;93m2026-05-02 17:09:02.035917 [W:onnxruntime:, execution_frame.cc:870 VerifyOutputSizes] Expected shape from model of {} does not match actual shape of {2} for output output[m
[0;93m2026-05-02 17:09:02.072762 [W:onnxruntime:, execution_frame.cc:870 VerifyOutputSizes] Expected shape from model of {} does not match actual shape of {2} for output output[m
[0;93m2026-05-02 17:09:02.111870 [W:onnxruntime:, execution_frame.cc:870 VerifyOutputSizes] Expected shape from model of {} does not match actual shape of {2} for output output[m
[0;93m2026-05-02 17:09:02.150122 [W:onnxruntime:, execution_frame.cc:870 VerifyOutputSizes] Expected shape from model of {} does not match actual shape of {2} for output output[m
[0;93m2026-05-02 17:09:02.186997 [W:onnxruntime:, execution_frame.cc:870 VerifyOutputSizes] Expected shape from model of {} does not match actual shape of {2} for output output[m
[0;93m2026-05-02 17:09:02.212532 [W:onnxruntime:, execution_frame.cc:870 VerifyOutputSizes] Expected shape from model of {} does not match actual shape of {2} for output output[m
[0;93m2026-05-02 17:09:02.235543 [W:onnxruntime:, execution_frame.cc:870 VerifyOutputSizes] Expected shape from model of {} does not match actual shape of {2} for output output[m
[0;93m2026-05-02 17:09:02.271901 [W:onnxruntime:, execution_frame.cc:870 VerifyOutputSizes] Expected shape from model of {} does not match actual shape of {2} for output output[m
[0;93m2026-05-02 17:09:02.313833 [W:onnxruntime:, execution_frame.cc:870 VerifyOutputSizes] Expected shape from model of {} does not match actual shape of {2} for output output[m
[0;93m2026-05-02 17:09:02.355992 [W:onnxruntime:, execution_frame.cc:870 VerifyOutputSizes] Expected shape from model of {} does not match actual shape of {2} for output output[m
[0;93m2026-05-02 17:09:02.393424 [W:onnxruntime:, execution_frame.cc:870 VerifyOutputSizes] Expected shape from model of {} does not match actual shape of {2} for output output[m
[0;93m2026-05-02 17:09:02.433257 [W:onnxruntime:, execution_frame.cc:870 VerifyOutputSizes] Expected shape from model of {} does not match actual shape of {2} for output output[m
[0;93m2026-05-02 17:09:02.475562 [W:onnxruntime:, execution_frame.cc:870 VerifyOutputSizes] Expected shape from model of {} does not match actual shape of {2} for output output[m
[0;93m2026-05-02 17:09:02.515574 [W:onnxruntime:, execution_frame.cc:870 VerifyOutputSizes] Expected shape from model of {} does not match actual shape of {2} for output output[m
[0;93m2026-05-02 17:09:02.557364 [W:onnxruntime:, execution_frame.cc:870 VerifyOutputSizes] Expected shape from model of {} does not match actual shape of {2} for output output[m
  500/800
[0;93m2026-05-02 17:09:02.595930 [W:onnxruntime:, execution_frame.cc:870 VerifyOutputSizes] Expected shape from model of {} does not match actual shape of {2} for output output[m
[0;93m2026-05-02 17:09:02.618832 [W:onnxruntime:, execution_frame.cc:870 VerifyOutputSizes] Expected shape from model of {} does not match actual shape of {2} for output output[m
[0;93m2026-05-02 17:09:02.656786 [W:onnxruntime:, execution_frame.cc:870 VerifyOutputSizes] Expected shape from model of {} does not match actual shape of {2} for output output[m
[0;93m2026-05-02 17:09:02.694355 [W:onnxruntime:, execution_frame.cc:870 VerifyOutputSizes] Expected shape from model of {} does not match actual shape of {2} for output output[m
[0;93m2026-05-02 17:09:02.734788 [W:onnxruntime:, execution_frame.cc:870 VerifyOutputSizes] Expected shape from model of {} does not match actual shape of {2} for output output[m
[0;93m2026-05-02 17:09:02.777663 [W:onnxruntime:, execution_frame.cc:870 VerifyOutputSizes] Expected shape from model of {} does not match actual shape of {2} for output output[m
[0;93m2026-05-02 17:09:02.815389 [W:onnxruntime:, execution_frame.cc:870 VerifyOutputSizes] Expected shape from model of {} does not match actual shape of {2} for output output[m
[0;93m2026-05-02 17:09:02.838619 [W:onnxruntime:, execution_frame.cc:870 VerifyOutputSizes] Expected shape from model of {} does not match actual shape of {2} for output output[m
[0;93m2026-05-02 17:09:02.881159 [W:onnxruntime:, execution_frame.cc:870 VerifyOutputSizes] Expected shape from model of {} does not match actual shape of {2} for output output[m
[0;93m2026-05-02 17:09:02.920803 [W:onnxruntime:, execution_frame.cc:870 VerifyOutputSizes] Expected shape from model of {} does not match actual shape of {2} for output output[m
[0;93m2026-05-02 17:09:02.944988 [W:onnxruntime:, execution_frame.cc:870 VerifyOutputSizes] Expected shape from model of {} does not match actual shape of {2} for output output[m
[0;93m2026-05-02 17:09:02.968964 [W:onnxruntime:, execution_frame.cc:870 VerifyOutputSizes] Expected shape from model of {} does not match actual shape of {2} for output output[m
[0;93m2026-05-02 17:09:02.993768 [W:onnxruntime:, execution_frame.cc:870 VerifyOutputSizes] Expected shape from model of {} does not match actual shape of {2} for output output[m
[0;93m2026-05-02 17:09:03.017518 [W:onnxruntime:, execution_frame.cc:870 VerifyOutputSizes] Expected shape from model of {} does not match actual shape of {2} for output output[m
[0;93m2026-05-02 17:09:03.057237 [W:onnxruntime:, execution_frame.cc:870 VerifyOutputSizes] Expected shape from model of {} does not match actual shape of {2} for output output[m
[0;93m2026-05-02 17:09:03.101116 [W:onnxruntime:, execution_frame.cc:870 VerifyOutputSizes] Expected shape from model of {} does not match actual shape of {2} for output output[m
[0;93m2026-05-02 17:09:03.140469 [W:onnxruntime:, execution_frame.cc:870 VerifyOutputSizes] Expected shape from model of {} does not match actual shape of {2} for output output[m
[0;93m2026-05-02 17:09:03.178931 [W:onnxruntime:, execution_frame.cc:870 VerifyOutputSizes] Expected shape from model of {} does not match actual shape of {2} for output output[m
[0;93m2026-05-02 17:09:03.218289 [W:onnxruntime:, execution_frame.cc:870 VerifyOutputSizes] Expected shape from model of {} does not match actual shape of {2} for output output[m
[0;93m2026-05-02 17:09:03.260130 [W:onnxruntime:, execution_frame.cc:870 VerifyOutputSizes] Expected shape from model of {} does not match actual shape of {2} for output output[m
[0;93m2026-05-02 17:09:03.298078 [W:onnxruntime:, execution_frame.cc:870 VerifyOutputSizes] Expected shape from model of {} does not match actual shape of {2} for output output[m
[0;93m2026-05-02 17:09:03.320026 [W:onnxruntime:, execution_frame.cc:870 VerifyOutputSizes] Expected shape from model of {} does not match actual shape of {2} for output output[m
[0;93m2026-05-02 17:09:03.362891 [W:onnxruntime:, execution_frame.cc:870 VerifyOutputSizes] Expected shape from model of {} does not match actual shape of {2} for output output[m
[0;93m2026-05-02 17:09:03.403685 [W:onnxruntime:, execution_frame.cc:870 VerifyOutputSizes] Expected shape from model of {} does not match actual shape of {2} for output output[m
[0;93m2026-05-02 17:09:03.443419 [W:onnxruntime:, execution_frame.cc:870 VerifyOutputSizes] Expected shape from model of {} does not match actual shape of {2} for output output[m
[0;93m2026-05-02 17:09:03.467346 [W:onnxruntime:, execution_frame.cc:870 VerifyOutputSizes] Expected shape from model of {} does not match actual shape of {2} for output output[m
[0;93m2026-05-02 17:09:03.507630 [W:onnxruntime:, execution_frame.cc:870 VerifyOutputSizes] Expected shape from model of {} does not match actual shape of {2} for output output[m
[0;93m2026-05-02 17:09:03.549114 [W:onnxruntime:, execution_frame.cc:870 VerifyOutputSizes] Expected shape from model of {} does not match actual shape of {2} for output output[m
[0;93m2026-05-02 17:09:03.592738 [W:onnxruntime:, execution_frame.cc:870 VerifyOutputSizes] Expected shape from model of {} does not match actual shape of {2} for output output[m
[0;93m2026-05-02 17:09:03.615651 [W:onnxruntime:, execution_frame.cc:870 VerifyOutputSizes] Expected shape from model of {} does not match actual shape of {2} for output output[m
[0;93m2026-05-02 17:09:03.659577 [W:onnxruntime:, execution_frame.cc:870 VerifyOutputSizes] Expected shape from model of {} does not match actual shape of {2} for output output[m
[0;93m2026-05-02 17:09:03.697414 [W:onnxruntime:, execution_frame.cc:870 VerifyOutputSizes] Expected shape from model of {} does not match actual shape of {2} for output output[m
[0;93m2026-05-02 17:09:03.719602 [W:onnxruntime:, execution_frame.cc:870 VerifyOutputSizes] Expected shape from model of {} does not match actual shape of {2} for output output[m
[0;93m2026-05-02 17:09:03.763125 [W:onnxruntime:, execution_frame.cc:870 VerifyOutputSizes] Expected shape from model of {} does not match actual shape of {2} for output output[m
[0;93m2026-05-02 17:09:03.804359 [W:onnxruntime:, execution_frame.cc:870 VerifyOutputSizes] Expected shape from model of {} does not match actual shape of {2} for output output[m
[0;93m2026-05-02 17:09:03.843848 [W:onnxruntime:, execution_frame.cc:870 VerifyOutputSizes] Expected shape from model of {} does not match actual shape of {2} for output output[m
[0;93m2026-05-02 17:09:03.887011 [W:onnxruntime:, execution_frame.cc:870 VerifyOutputSizes] Expected shape from model of {} does not match actual shape of {2} for output output[m
[0;93m2026-05-02 17:09:03.923790 [W:onnxruntime:, execution_frame.cc:870 VerifyOutputSizes] Expected shape from model of {} does not match actual shape of {2} for output output[m
[0;93m2026-05-02 17:09:03.965749 [W:onnxruntime:, execution_frame.cc:870 VerifyOutputSizes] Expected shape from model of {} does not match actual shape of {2} for output output[m
[0;93m2026-05-02 17:09:03.990221 [W:onnxruntime:, execution_frame.cc:870 VerifyOutputSizes] Expected shape from model of {} does not match actual shape of {2} for output output[m
[0;93m2026-05-02 17:09:04.029374 [W:onnxruntime:, execution_frame.cc:870 VerifyOutputSizes] Expected shape from model of {} does not match actual shape of {2} for output output[m
[0;93m2026-05-02 17:09:04.071484 [W:onnxruntime:, execution_frame.cc:870 VerifyOutputSizes] Expected shape from model of {} does not match actual shape of {2} for output output[m
[0;93m2026-05-02 17:09:04.112410 [W:onnxruntime:, execution_frame.cc:870 VerifyOutputSizes] Expected shape from model of {} does not match actual shape of {2} for output output[m
[0;93m2026-05-02 17:09:04.153094 [W:onnxruntime:, execution_frame.cc:870 VerifyOutputSizes] Expected shape from model of {} does not match actual shape of {2} for output output[m
[0;93m2026-05-02 17:09:04.176563 [W:onnxruntime:, execution_frame.cc:870 VerifyOutputSizes] Expected shape from model of {} does not match actual shape of {2} for output output[m
[0;93m2026-05-02 17:09:04.215015 [W:onnxruntime:, execution_frame.cc:870 VerifyOutputSizes] Expected shape from model of {} does not match actual shape of {2} for output output[m
[0;93m2026-05-02 17:09:04.251430 [W:onnxruntime:, execution_frame.cc:870 VerifyOutputSizes] Expected shape from model of {} does not match actual shape of {2} for output output[m
[0;93m2026-05-02 17:09:04.290202 [W:onnxruntime:, execution_frame.cc:870 VerifyOutputSizes] Expected shape from model of {} does not match actual shape of {2} for output output[m
[0;93m2026-05-02 17:09:04.327665 [W:onnxruntime:, execution_frame.cc:870 VerifyOutputSizes] Expected shape from model of {} does not match actual shape of {2} for output output[m
[0;93m2026-05-02 17:09:04.365121 [W:onnxruntime:, execution_frame.cc:870 VerifyOutputSizes] Expected shape from model of {} does not match actual shape of {2} for output output[m
  550/800
[0;93m2026-05-02 17:09:04.401731 [W:onnxruntime:, execution_frame.cc:870 VerifyOutputSizes] Expected shape from model of {} does not match actual shape of {2} for output output[m
[0;93m2026-05-02 17:09:04.440245 [W:onnxruntime:, execution_frame.cc:870 VerifyOutputSizes] Expected shape from model of {} does not match actual shape of {2} for output output[m
[0;93m2026-05-02 17:09:04.477481 [W:onnxruntime:, execution_frame.cc:870 VerifyOutputSizes] Expected shape from model of {} does not match actual shape of {2} for output output[m
[0;93m2026-05-02 17:09:04.501210 [W:onnxruntime:, execution_frame.cc:870 VerifyOutputSizes] Expected shape from model of {} does not match actual shape of {2} for output output[m
[0;93m2026-05-02 17:09:04.537772 [W:onnxruntime:, execution_frame.cc:870 VerifyOutputSizes] Expected shape from model of {} does not match actual shape of {2} for output output[m
[0;93m2026-05-02 17:09:04.576223 [W:onnxruntime:, execution_frame.cc:870 VerifyOutputSizes] Expected shape from model of {} does not match actual shape of {2} for output output[m
[0;93m2026-05-02 17:09:04.612958 [W:onnxruntime:, execution_frame.cc:870 VerifyOutputSizes] Expected shape from model of {} does not match actual shape of {2} for output output[m
[0;93m2026-05-02 17:09:04.650437 [W:onnxruntime:, execution_frame.cc:870 VerifyOutputSizes] Expected shape from model of {} does not match actual shape of {2} for output output[m
[0;93m2026-05-02 17:09:04.673855 [W:onnxruntime:, execution_frame.cc:870 VerifyOutputSizes] Expected shape from model of {} does not match actual shape of {2} for output output[m
[0;93m2026-05-02 17:09:04.713120 [W:onnxruntime:, execution_frame.cc:870 VerifyOutputSizes] Expected shape from model of {} does not match actual shape of {2} for output output[m
[0;93m2026-05-02 17:09:04.752933 [W:onnxruntime:, execution_frame.cc:870 VerifyOutputSizes] Expected shape from model of {} does not match actual shape of {2} for output output[m
[0;93m2026-05-02 17:09:04.776454 [W:onnxruntime:, execution_frame.cc:870 VerifyOutputSizes] Expected shape from model of {} does not match actual shape of {2} for output output[m
[0;93m2026-05-02 17:09:04.799625 [W:onnxruntime:, execution_frame.cc:870 VerifyOutputSizes] Expected shape from model of {} does not match actual shape of {2} for output output[m
[0;93m2026-05-02 17:09:04.841088 [W:onnxruntime:, execution_frame.cc:870 VerifyOutputSizes] Expected shape from model of {} does not match actual shape of {2} for output output[m
[0;93m2026-05-02 17:09:04.879614 [W:onnxruntime:, execution_frame.cc:870 VerifyOutputSizes] Expected shape from model of {} does not match actual shape of {2} for output output[m
[0;93m2026-05-02 17:09:04.918564 [W:onnxruntime:, execution_frame.cc:870 VerifyOutputSizes] Expected shape from model of {} does not match actual shape of {2} for output output[m
[0;93m2026-05-02 17:09:04.950806 [W:onnxruntime:, execution_frame.cc:870 VerifyOutputSizes] Expected shape from model of {} does not match actual shape of {2} for output output[m
[0;93m2026-05-02 17:09:04.986232 [W:onnxruntime:, execution_frame.cc:870 VerifyOutputSizes] Expected shape from model of {} does not match actual shape of {2} for output output[m
[0;93m2026-05-02 17:09:05.022625 [W:onnxruntime:, execution_frame.cc:870 VerifyOutputSizes] Expected shape from model of {} does not match actual shape of {2} for output output[m
[0;93m2026-05-02 17:09:05.066039 [W:onnxruntime:, execution_frame.cc:870 VerifyOutputSizes] Expected shape from model of {} does not match actual shape of {2} for output output[m
[0;93m2026-05-02 17:09:05.108522 [W:onnxruntime:, execution_frame.cc:870 VerifyOutputSizes] Expected shape from model of {} does not match actual shape of {2} for output output[m
[0;93m2026-05-02 17:09:05.151521 [W:onnxruntime:, execution_frame.cc:870 VerifyOutputSizes] Expected shape from model of {} does not match actual shape of {2} for output output[m
[0;93m2026-05-02 17:09:05.189126 [W:onnxruntime:, execution_frame.cc:870 VerifyOutputSizes] Expected shape from model of {} does not match actual shape of {2} for output output[m
[0;93m2026-05-02 17:09:05.228432 [W:onnxruntime:, execution_frame.cc:870 VerifyOutputSizes] Expected shape from model of {} does not match actual shape of {2} for output output[m
[0;93m2026-05-02 17:09:05.252390 [W:onnxruntime:, execution_frame.cc:870 VerifyOutputSizes] Expected shape from model of {} does not match actual shape of {2} for output output[m
[0;93m2026-05-02 17:09:05.292698 [W:onnxruntime:, execution_frame.cc:870 VerifyOutputSizes] Expected shape from model of {} does not match actual shape of {2} for output output[m
[0;93m2026-05-02 17:09:05.331207 [W:onnxruntime:, execution_frame.cc:870 VerifyOutputSizes] Expected shape from model of {} does not match actual shape of {2} for output output[m
[0;93m2026-05-02 17:09:05.354258 [W:onnxruntime:, execution_frame.cc:870 VerifyOutputSizes] Expected shape from model of {} does not match actual shape of {2} for output output[m
[0;93m2026-05-02 17:09:05.394463 [W:onnxruntime:, execution_frame.cc:870 VerifyOutputSizes] Expected shape from model of {} does not match actual shape of {2} for output output[m
[0;93m2026-05-02 17:09:05.435189 [W:onnxruntime:, execution_frame.cc:870 VerifyOutputSizes] Expected shape from model of {} does not match actual shape of {2} for output output[m
[0;93m2026-05-02 17:09:05.475864 [W:onnxruntime:, execution_frame.cc:870 VerifyOutputSizes] Expected shape from model of {} does not match actual shape of {2} for output output[m
[0;93m2026-05-02 17:09:05.500553 [W:onnxruntime:, execution_frame.cc:870 VerifyOutputSizes] Expected shape from model of {} does not match actual shape of {2} for output output[m
[0;93m2026-05-02 17:09:05.543668 [W:onnxruntime:, execution_frame.cc:870 VerifyOutputSizes] Expected shape from model of {} does not match actual shape of {2} for output output[m
[0;93m2026-05-02 17:09:05.586874 [W:onnxruntime:, execution_frame.cc:870 VerifyOutputSizes] Expected shape from model of {} does not match actual shape of {2} for output output[m
[0;93m2026-05-02 17:09:05.627114 [W:onnxruntime:, execution_frame.cc:870 VerifyOutputSizes] Expected shape from model of {} does not match actual shape of {2} for output output[m
[0;93m2026-05-02 17:09:05.669147 [W:onnxruntime:, execution_frame.cc:870 VerifyOutputSizes] Expected shape from model of {} does not match actual shape of {2} for output output[m
[0;93m2026-05-02 17:09:05.696429 [W:onnxruntime:, execution_frame.cc:870 VerifyOutputSizes] Expected shape from model of {} does not match actual shape of {2} for output output[m
[0;93m2026-05-02 17:09:05.740102 [W:onnxruntime:, execution_frame.cc:870 VerifyOutputSizes] Expected shape from model of {} does not match actual shape of {2} for output output[m
[0;93m2026-05-02 17:09:05.779661 [W:onnxruntime:, execution_frame.cc:870 VerifyOutputSizes] Expected shape from model of {} does not match actual shape of {2} for output output[m
[0;93m2026-05-02 17:09:05.820573 [W:onnxruntime:, execution_frame.cc:870 VerifyOutputSizes] Expected shape from model of {} does not match actual shape of {2} for output output[m
[0;93m2026-05-02 17:09:05.861980 [W:onnxruntime:, execution_frame.cc:870 VerifyOutputSizes] Expected shape from model of {} does not match actual shape of {2} for output output[m
[0;93m2026-05-02 17:09:05.901809 [W:onnxruntime:, execution_frame.cc:870 VerifyOutputSizes] Expected shape from model of {} does not match actual shape of {2} for output output[m
[0;93m2026-05-02 17:09:05.925626 [W:onnxruntime:, execution_frame.cc:870 VerifyOutputSizes] Expected shape from model of {} does not match actual shape of {2} for output output[m
[0;93m2026-05-02 17:09:05.949383 [W:onnxruntime:, execution_frame.cc:870 VerifyOutputSizes] Expected shape from model of {} does not match actual shape of {2} for output output[m
[0;93m2026-05-02 17:09:05.993654 [W:onnxruntime:, execution_frame.cc:870 VerifyOutputSizes] Expected shape from model of {} does not match actual shape of {2} for output output[m
[0;93m2026-05-02 17:09:06.036438 [W:onnxruntime:, execution_frame.cc:870 VerifyOutputSizes] Expected shape from model of {} does not match actual shape of {2} for output output[m
[0;93m2026-05-02 17:09:06.061716 [W:onnxruntime:, execution_frame.cc:870 VerifyOutputSizes] Expected shape from model of {} does not match actual shape of {2} for output output[m
[0;93m2026-05-02 17:09:06.104488 [W:onnxruntime:, execution_frame.cc:870 VerifyOutputSizes] Expected shape from model of {} does not match actual shape of {2} for output output[m
[0;93m2026-05-02 17:09:06.149186 [W:onnxruntime:, execution_frame.cc:870 VerifyOutputSizes] Expected shape from model of {} does not match actual shape of {2} for output output[m
[0;93m2026-05-02 17:09:06.188393 [W:onnxruntime:, execution_frame.cc:870 VerifyOutputSizes] Expected shape from model of {} does not match actual shape of {2} for output output[m
  600/800
[0;93m2026-05-02 17:09:06.228041 [W:onnxruntime:, execution_frame.cc:870 VerifyOutputSizes] Expected shape from model of {} does not match actual shape of {2} for output output[m
[0;93m2026-05-02 17:09:06.266329 [W:onnxruntime:, execution_frame.cc:870 VerifyOutputSizes] Expected shape from model of {} does not match actual shape of {2} for output output[m
[0;93m2026-05-02 17:09:06.305335 [W:onnxruntime:, execution_frame.cc:870 VerifyOutputSizes] Expected shape from model of {} does not match actual shape of {2} for output output[m
[0;93m2026-05-02 17:09:06.342176 [W:onnxruntime:, execution_frame.cc:870 VerifyOutputSizes] Expected shape from model of {} does not match actual shape of {2} for output output[m
[0;93m2026-05-02 17:09:06.380906 [W:onnxruntime:, execution_frame.cc:870 VerifyOutputSizes] Expected shape from model of {} does not match actual shape of {2} for output output[m
[0;93m2026-05-02 17:09:06.421160 [W:onnxruntime:, execution_frame.cc:870 VerifyOutputSizes] Expected shape from model of {} does not match actual shape of {2} for output output[m
[0;93m2026-05-02 17:09:06.456743 [W:onnxruntime:, execution_frame.cc:870 VerifyOutputSizes] Expected shape from model of {} does not match actual shape of {2} for output output[m
[0;93m2026-05-02 17:09:06.492982 [W:onnxruntime:, execution_frame.cc:870 VerifyOutputSizes] Expected shape from model of {} does not match actual shape of {2} for output output[m
[0;93m2026-05-02 17:09:06.532020 [W:onnxruntime:, execution_frame.cc:870 VerifyOutputSizes] Expected shape from model of {} does not match actual shape of {2} for output output[m
[0;93m2026-05-02 17:09:06.568202 [W:onnxruntime:, execution_frame.cc:870 VerifyOutputSizes] Expected shape from model of {} does not match actual shape of {2} for output output[m
[0;93m2026-05-02 17:09:06.607634 [W:onnxruntime:, execution_frame.cc:870 VerifyOutputSizes] Expected shape from model of {} does not match actual shape of {2} for output output[m
[0;93m2026-05-02 17:09:06.644000 [W:onnxruntime:, execution_frame.cc:870 VerifyOutputSizes] Expected shape from model of {} does not match actual shape of {2} for output output[m
[0;93m2026-05-02 17:09:06.666530 [W:onnxruntime:, execution_frame.cc:870 VerifyOutputSizes] Expected shape from model of {} does not match actual shape of {2} for output output[m
[0;93m2026-05-02 17:09:06.702288 [W:onnxruntime:, execution_frame.cc:870 VerifyOutputSizes] Expected shape from model of {} does not match actual shape of {2} for output output[m
[0;93m2026-05-02 17:09:06.725105 [W:onnxruntime:, execution_frame.cc:870 VerifyOutputSizes] Expected shape from model of {} does not match actual shape of {2} for output output[m
[0;93m2026-05-02 17:09:06.765035 [W:onnxruntime:, execution_frame.cc:870 VerifyOutputSizes] Expected shape from model of {} does not match actual shape of {2} for output output[m
[0;93m2026-05-02 17:09:06.806651 [W:onnxruntime:, execution_frame.cc:870 VerifyOutputSizes] Expected shape from model of {} does not match actual shape of {2} for output output[m
[0;93m2026-05-02 17:09:06.846772 [W:onnxruntime:, execution_frame.cc:870 VerifyOutputSizes] Expected shape from model of {} does not match actual shape of {2} for output output[m
[0;93m2026-05-02 17:09:06.883910 [W:onnxruntime:, execution_frame.cc:870 VerifyOutputSizes] Expected shape from model of {} does not match actual shape of {2} for output output[m
[0;93m2026-05-02 17:09:06.924279 [W:onnxruntime:, execution_frame.cc:870 VerifyOutputSizes] Expected shape from model of {} does not match actual shape of {2} for output output[m
[0;93m2026-05-02 17:09:06.949078 [W:onnxruntime:, execution_frame.cc:870 VerifyOutputSizes] Expected shape from model of {} does not match actual shape of {2} for output output[m
[0;93m2026-05-02 17:09:06.990811 [W:onnxruntime:, execution_frame.cc:870 VerifyOutputSizes] Expected shape from model of {} does not match actual shape of {2} for output output[m
[0;93m2026-05-02 17:09:07.027795 [W:onnxruntime:, execution_frame.cc:870 VerifyOutputSizes] Expected shape from model of {} does not match actual shape of {2} for output output[m
[0;93m2026-05-02 17:09:07.068278 [W:onnxruntime:, execution_frame.cc:870 VerifyOutputSizes] Expected shape from model of {} does not match actual shape of {2} for output output[m
[0;93m2026-05-02 17:09:07.110566 [W:onnxruntime:, execution_frame.cc:870 VerifyOutputSizes] Expected shape from model of {} does not match actual shape of {2} for output output[m
[0;93m2026-05-02 17:09:07.153000 [W:onnxruntime:, execution_frame.cc:870 VerifyOutputSizes] Expected shape from model of {} does not match actual shape of {2} for output output[m
[0;93m2026-05-02 17:09:07.190363 [W:onnxruntime:, execution_frame.cc:870 VerifyOutputSizes] Expected shape from model of {} does not match actual shape of {2} for output output[m
[0;93m2026-05-02 17:09:07.213787 [W:onnxruntime:, execution_frame.cc:870 VerifyOutputSizes] Expected shape from model of {} does not match actual shape of {2} for output output[m
[0;93m2026-05-02 17:09:07.253003 [W:onnxruntime:, execution_frame.cc:870 VerifyOutputSizes] Expected shape from model of {} does not match actual shape of {2} for output output[m
[0;93m2026-05-02 17:09:07.296420 [W:onnxruntime:, execution_frame.cc:870 VerifyOutputSizes] Expected shape from model of {} does not match actual shape of {2} for output output[m
[0;93m2026-05-02 17:09:07.338433 [W:onnxruntime:, execution_frame.cc:870 VerifyOutputSizes] Expected shape from model of {} does not match actual shape of {2} for output output[m
[0;93m2026-05-02 17:09:07.381585 [W:onnxruntime:, execution_frame.cc:870 VerifyOutputSizes] Expected shape from model of {} does not match actual shape of {2} for output output[m
[0;93m2026-05-02 17:09:07.424802 [W:onnxruntime:, execution_frame.cc:870 VerifyOutputSizes] Expected shape from model of {} does not match actual shape of {2} for output output[m
[0;93m2026-05-02 17:09:07.448347 [W:onnxruntime:, execution_frame.cc:870 VerifyOutputSizes] Expected shape from model of {} does not match actual shape of {2} for output output[m
[0;93m2026-05-02 17:09:07.474226 [W:onnxruntime:, execution_frame.cc:870 VerifyOutputSizes] Expected shape from model of {} does not match actual shape of {2} for output output[m
[0;93m2026-05-02 17:09:07.514389 [W:onnxruntime:, execution_frame.cc:870 VerifyOutputSizes] Expected shape from model of {} does not match actual shape of {2} for output output[m
[0;93m2026-05-02 17:09:07.559011 [W:onnxruntime:, execution_frame.cc:870 VerifyOutputSizes] Expected shape from model of {} does not match actual shape of {2} for output output[m
[0;93m2026-05-02 17:09:07.598390 [W:onnxruntime:, execution_frame.cc:870 VerifyOutputSizes] Expected shape from model of {} does not match actual shape of {2} for output output[m
[0;93m2026-05-02 17:09:07.622886 [W:onnxruntime:, execution_frame.cc:870 VerifyOutputSizes] Expected shape from model of {} does not match actual shape of {2} for output output[m
[0;93m2026-05-02 17:09:07.663502 [W:onnxruntime:, execution_frame.cc:870 VerifyOutputSizes] Expected shape from model of {} does not match actual shape of {2} for output output[m
[0;93m2026-05-02 17:09:07.707044 [W:onnxruntime:, execution_frame.cc:870 VerifyOutputSizes] Expected shape from model of {} does not match actual shape of {2} for output output[m
[0;93m2026-05-02 17:09:07.751266 [W:onnxruntime:, execution_frame.cc:870 VerifyOutputSizes] Expected shape from model of {} does not match actual shape of {2} for output output[m
[0;93m2026-05-02 17:09:07.788985 [W:onnxruntime:, execution_frame.cc:870 VerifyOutputSizes] Expected shape from model of {} does not match actual shape of {2} for output output[m
[0;93m2026-05-02 17:09:07.828375 [W:onnxruntime:, execution_frame.cc:870 VerifyOutputSizes] Expected shape from model of {} does not match actual shape of {2} for output output[m
[0;93m2026-05-02 17:09:07.852744 [W:onnxruntime:, execution_frame.cc:870 VerifyOutputSizes] Expected shape from model of {} does not match actual shape of {2} for output output[m
[0;93m2026-05-02 17:09:07.877748 [W:onnxruntime:, execution_frame.cc:870 VerifyOutputSizes] Expected shape from model of {} does not match actual shape of {2} for output output[m
[0;93m2026-05-02 17:09:07.917741 [W:onnxruntime:, execution_frame.cc:870 VerifyOutputSizes] Expected shape from model of {} does not match actual shape of {2} for output output[m
[0;93m2026-05-02 17:09:07.942006 [W:onnxruntime:, execution_frame.cc:870 VerifyOutputSizes] Expected shape from model of {} does not match actual shape of {2} for output output[m
[0;93m2026-05-02 17:09:07.985415 [W:onnxruntime:, execution_frame.cc:870 VerifyOutputSizes] Expected shape from model of {} does not match actual shape of {2} for output output[m
[0;93m2026-05-02 17:09:08.025428 [W:onnxruntime:, execution_frame.cc:870 VerifyOutputSizes] Expected shape from model of {} does not match actual shape of {2} for output output[m
  650/800
[0;93m2026-05-02 17:09:08.064416 [W:onnxruntime:, execution_frame.cc:870 VerifyOutputSizes] Expected shape from model of {} does not match actual shape of {2} for output output[m
[0;93m2026-05-02 17:09:08.102120 [W:onnxruntime:, execution_frame.cc:870 VerifyOutputSizes] Expected shape from model of {} does not match actual shape of {2} for output output[m
[0;93m2026-05-02 17:09:08.142357 [W:onnxruntime:, execution_frame.cc:870 VerifyOutputSizes] Expected shape from model of {} does not match actual shape of {2} for output output[m
[0;93m2026-05-02 17:09:08.184342 [W:onnxruntime:, execution_frame.cc:870 VerifyOutputSizes] Expected shape from model of {} does not match actual shape of {2} for output output[m
[0;93m2026-05-02 17:09:08.224752 [W:onnxruntime:, execution_frame.cc:870 VerifyOutputSizes] Expected shape from model of {} does not match actual shape of {2} for output output[m
[0;93m2026-05-02 17:09:08.265969 [W:onnxruntime:, execution_frame.cc:870 VerifyOutputSizes] Expected shape from model of {} does not match actual shape of {2} for output output[m
[0;93m2026-05-02 17:09:08.291855 [W:onnxruntime:, execution_frame.cc:870 VerifyOutputSizes] Expected shape from model of {} does not match actual shape of {2} for output output[m
[0;93m2026-05-02 17:09:08.333519 [W:onnxruntime:, execution_frame.cc:870 VerifyOutputSizes] Expected shape from model of {} does not match actual shape of {2} for output output[m
[0;93m2026-05-02 17:09:08.371637 [W:onnxruntime:, execution_frame.cc:870 VerifyOutputSizes] Expected shape from model of {} does not match actual shape of {2} for output output[m
[0;93m2026-05-02 17:09:08.413142 [W:onnxruntime:, execution_frame.cc:870 VerifyOutputSizes] Expected shape from model of {} does not match actual shape of {2} for output output[m
[0;93m2026-05-02 17:09:08.437208 [W:onnxruntime:, execution_frame.cc:870 VerifyOutputSizes] Expected shape from model of {} does not match actual shape of {2} for output output[m
[0;93m2026-05-02 17:09:08.478111 [W:onnxruntime:, execution_frame.cc:870 VerifyOutputSizes] Expected shape from model of {} does not match actual shape of {2} for output output[m
[0;93m2026-05-02 17:09:08.518573 [W:onnxruntime:, execution_frame.cc:870 VerifyOutputSizes] Expected shape from model of {} does not match actual shape of {2} for output output[m
[0;93m2026-05-02 17:09:08.557453 [W:onnxruntime:, execution_frame.cc:870 VerifyOutputSizes] Expected shape from model of {} does not match actual shape of {2} for output output[m
[0;93m2026-05-02 17:09:08.594083 [W:onnxruntime:, execution_frame.cc:870 VerifyOutputSizes] Expected shape from model of {} does not match actual shape of {2} for output output[m
[0;93m2026-05-02 17:09:08.616078 [W:onnxruntime:, execution_frame.cc:870 VerifyOutputSizes] Expected shape from model of {} does not match actual shape of {2} for output output[m
[0;93m2026-05-02 17:09:08.652584 [W:onnxruntime:, execution_frame.cc:870 VerifyOutputSizes] Expected shape from model of {} does not match actual shape of {2} for output output[m
[0;93m2026-05-02 17:09:08.689451 [W:onnxruntime:, execution_frame.cc:870 VerifyOutputSizes] Expected shape from model of {} does not match actual shape of {2} for output output[m
[0;93m2026-05-02 17:09:08.728466 [W:onnxruntime:, execution_frame.cc:870 VerifyOutputSizes] Expected shape from model of {} does not match actual shape of {2} for output output[m
[0;93m2026-05-02 17:09:08.766258 [W:onnxruntime:, execution_frame.cc:870 VerifyOutputSizes] Expected shape from model of {} does not match actual shape of {2} for output output[m
[0;93m2026-05-02 17:09:08.789614 [W:onnxruntime:, execution_frame.cc:870 VerifyOutputSizes] Expected shape from model of {} does not match actual shape of {2} for output output[m
[0;93m2026-05-02 17:09:08.812538 [W:onnxruntime:, execution_frame.cc:870 VerifyOutputSizes] Expected shape from model of {} does not match actual shape of {2} for output output[m
[0;93m2026-05-02 17:09:08.848903 [W:onnxruntime:, execution_frame.cc:870 VerifyOutputSizes] Expected shape from model of {} does not match actual shape of {2} for output output[m
[0;93m2026-05-02 17:09:08.872394 [W:onnxruntime:, execution_frame.cc:870 VerifyOutputSizes] Expected shape from model of {} does not match actual shape of {2} for output output[m
[0;93m2026-05-02 17:09:08.895299 [W:onnxruntime:, execution_frame.cc:870 VerifyOutputSizes] Expected shape from model of {} does not match actual shape of {2} for output output[m
[0;93m2026-05-02 17:09:08.933535 [W:onnxruntime:, execution_frame.cc:870 VerifyOutputSizes] Expected shape from model of {} does not match actual shape of {2} for output output[m
[0;93m2026-05-02 17:09:08.973307 [W:onnxruntime:, execution_frame.cc:870 VerifyOutputSizes] Expected shape from model of {} does not match actual shape of {2} for output output[m
[0;93m2026-05-02 17:09:09.017714 [W:onnxruntime:, execution_frame.cc:870 VerifyOutputSizes] Expected shape from model of {} does not match actual shape of {2} for output output[m
[0;93m2026-05-02 17:09:09.040474 [W:onnxruntime:, execution_frame.cc:870 VerifyOutputSizes] Expected shape from model of {} does not match actual shape of {2} for output output[m
[0;93m2026-05-02 17:09:09.083610 [W:onnxruntime:, execution_frame.cc:870 VerifyOutputSizes] Expected shape from model of {} does not match actual shape of {2} for output output[m
[0;93m2026-05-02 17:09:09.124356 [W:onnxruntime:, execution_frame.cc:870 VerifyOutputSizes] Expected shape from model of {} does not match actual shape of {2} for output output[m
[0;93m2026-05-02 17:09:09.163490 [W:onnxruntime:, execution_frame.cc:870 VerifyOutputSizes] Expected shape from model of {} does not match actual shape of {2} for output output[m
[0;93m2026-05-02 17:09:09.205389 [W:onnxruntime:, execution_frame.cc:870 VerifyOutputSizes] Expected shape from model of {} does not match actual shape of {2} for output output[m
[0;93m2026-05-02 17:09:09.244228 [W:onnxruntime:, execution_frame.cc:870 VerifyOutputSizes] Expected shape from model of {} does not match actual shape of {2} for output output[m
[0;93m2026-05-02 17:09:09.269713 [W:onnxruntime:, execution_frame.cc:870 VerifyOutputSizes] Expected shape from model of {} does not match actual shape of {2} for output output[m
[0;93m2026-05-02 17:09:09.309213 [W:onnxruntime:, execution_frame.cc:870 VerifyOutputSizes] Expected shape from model of {} does not match actual shape of {2} for output output[m
[0;93m2026-05-02 17:09:09.346894 [W:onnxruntime:, execution_frame.cc:870 VerifyOutputSizes] Expected shape from model of {} does not match actual shape of {2} for output output[m
[0;93m2026-05-02 17:09:09.385454 [W:onnxruntime:, execution_frame.cc:870 VerifyOutputSizes] Expected shape from model of {} does not match actual shape of {2} for output output[m
[0;93m2026-05-02 17:09:09.426537 [W:onnxruntime:, execution_frame.cc:870 VerifyOutputSizes] Expected shape from model of {} does not match actual shape of {2} for output output[m
[0;93m2026-05-02 17:09:09.467140 [W:onnxruntime:, execution_frame.cc:870 VerifyOutputSizes] Expected shape from model of {} does not match actual shape of {2} for output output[m
[0;93m2026-05-02 17:09:09.508079 [W:onnxruntime:, execution_frame.cc:870 VerifyOutputSizes] Expected shape from model of {} does not match actual shape of {2} for output output[m
[0;93m2026-05-02 17:09:09.548690 [W:onnxruntime:, execution_frame.cc:870 VerifyOutputSizes] Expected shape from model of {} does not match actual shape of {2} for output output[m
[0;93m2026-05-02 17:09:09.589664 [W:onnxruntime:, execution_frame.cc:870 VerifyOutputSizes] Expected shape from model of {} does not match actual shape of {2} for output output[m
[0;93m2026-05-02 17:09:09.613408 [W:onnxruntime:, execution_frame.cc:870 VerifyOutputSizes] Expected shape from model of {} does not match actual shape of {2} for output output[m
[0;93m2026-05-02 17:09:09.655575 [W:onnxruntime:, execution_frame.cc:870 VerifyOutputSizes] Expected shape from model of {} does not match actual shape of {2} for output output[m
[0;93m2026-05-02 17:09:09.681054 [W:onnxruntime:, execution_frame.cc:870 VerifyOutputSizes] Expected shape from model of {} does not match actual shape of {2} for output output[m
[0;93m2026-05-02 17:09:09.724382 [W:onnxruntime:, execution_frame.cc:870 VerifyOutputSizes] Expected shape from model of {} does not match actual shape of {2} for output output[m
[0;93m2026-05-02 17:09:09.749278 [W:onnxruntime:, execution_frame.cc:870 VerifyOutputSizes] Expected shape from model of {} does not match actual shape of {2} for output output[m
[0;93m2026-05-02 17:09:09.788858 [W:onnxruntime:, execution_frame.cc:870 VerifyOutputSizes] Expected shape from model of {} does not match actual shape of {2} for output output[m
[0;93m2026-05-02 17:09:09.813825 [W:onnxruntime:, execution_frame.cc:870 VerifyOutputSizes] Expected shape from model of {} does not match actual shape of {2} for output output[m
  700/800
[0;93m2026-05-02 17:09:09.855182 [W:onnxruntime:, execution_frame.cc:870 VerifyOutputSizes] Expected shape from model of {} does not match actual shape of {2} for output output[m
[0;93m2026-05-02 17:09:09.899594 [W:onnxruntime:, execution_frame.cc:870 VerifyOutputSizes] Expected shape from model of {} does not match actual shape of {2} for output output[m
[0;93m2026-05-02 17:09:09.937982 [W:onnxruntime:, execution_frame.cc:870 VerifyOutputSizes] Expected shape from model of {} does not match actual shape of {2} for output output[m
[0;93m2026-05-02 17:09:09.979865 [W:onnxruntime:, execution_frame.cc:870 VerifyOutputSizes] Expected shape from model of {} does not match actual shape of {2} for output output[m
[0;93m2026-05-02 17:09:10.020846 [W:onnxruntime:, execution_frame.cc:870 VerifyOutputSizes] Expected shape from model of {} does not match actual shape of {2} for output output[m
[0;93m2026-05-02 17:09:10.064234 [W:onnxruntime:, execution_frame.cc:870 VerifyOutputSizes] Expected shape from model of {} does not match actual shape of {2} for output output[m
[0;93m2026-05-02 17:09:10.104555 [W:onnxruntime:, execution_frame.cc:870 VerifyOutputSizes] Expected shape from model of {} does not match actual shape of {2} for output output[m
[0;93m2026-05-02 17:09:10.144811 [W:onnxruntime:, execution_frame.cc:870 VerifyOutputSizes] Expected shape from model of {} does not match actual shape of {2} for output output[m
[0;93m2026-05-02 17:09:10.186500 [W:onnxruntime:, execution_frame.cc:870 VerifyOutputSizes] Expected shape from model of {} does not match actual shape of {2} for output output[m
[0;93m2026-05-02 17:09:10.228576 [W:onnxruntime:, execution_frame.cc:870 VerifyOutputSizes] Expected shape from model of {} does not match actual shape of {2} for output output[m
[0;93m2026-05-02 17:09:10.254331 [W:onnxruntime:, execution_frame.cc:870 VerifyOutputSizes] Expected shape from model of {} does not match actual shape of {2} for output output[m
[0;93m2026-05-02 17:09:10.297831 [W:onnxruntime:, execution_frame.cc:870 VerifyOutputSizes] Expected shape from model of {} does not match actual shape of {2} for output output[m
[0;93m2026-05-02 17:09:10.339154 [W:onnxruntime:, execution_frame.cc:870 VerifyOutputSizes] Expected shape from model of {} does not match actual shape of {2} for output output[m
[0;93m2026-05-02 17:09:10.380088 [W:onnxruntime:, execution_frame.cc:870 VerifyOutputSizes] Expected shape from model of {} does not match actual shape of {2} for output output[m
[0;93m2026-05-02 17:09:10.420581 [W:onnxruntime:, execution_frame.cc:870 VerifyOutputSizes] Expected shape from model of {} does not match actual shape of {2} for output output[m
[0;93m2026-05-02 17:09:10.445934 [W:onnxruntime:, execution_frame.cc:870 VerifyOutputSizes] Expected shape from model of {} does not match actual shape of {2} for output output[m
[0;93m2026-05-02 17:09:10.486831 [W:onnxruntime:, execution_frame.cc:870 VerifyOutputSizes] Expected shape from model of {} does not match actual shape of {2} for output output[m
[0;93m2026-05-02 17:09:10.526864 [W:onnxruntime:, execution_frame.cc:870 VerifyOutputSizes] Expected shape from model of {} does not match actual shape of {2} for output output[m
[0;93m2026-05-02 17:09:10.551734 [W:onnxruntime:, execution_frame.cc:870 VerifyOutputSizes] Expected shape from model of {} does not match actual shape of {2} for output output[m
[0;93m2026-05-02 17:09:10.590799 [W:onnxruntime:, execution_frame.cc:870 VerifyOutputSizes] Expected shape from model of {} does not match actual shape of {2} for output output[m
[0;93m2026-05-02 17:09:10.630647 [W:onnxruntime:, execution_frame.cc:870 VerifyOutputSizes] Expected shape from model of {} does not match actual shape of {2} for output output[m
[0;93m2026-05-02 17:09:10.671662 [W:onnxruntime:, execution_frame.cc:870 VerifyOutputSizes] Expected shape from model of {} does not match actual shape of {2} for output output[m
[0;93m2026-05-02 17:09:10.706410 [W:onnxruntime:, execution_frame.cc:870 VerifyOutputSizes] Expected shape from model of {} does not match actual shape of {2} for output output[m
[0;93m2026-05-02 17:09:10.749687 [W:onnxruntime:, execution_frame.cc:870 VerifyOutputSizes] Expected shape from model of {} does not match actual shape of {2} for output output[m
[0;93m2026-05-02 17:09:10.774364 [W:onnxruntime:, execution_frame.cc:870 VerifyOutputSizes] Expected shape from model of {} does not match actual shape of {2} for output output[m
[0;93m2026-05-02 17:09:10.813529 [W:onnxruntime:, execution_frame.cc:870 VerifyOutputSizes] Expected shape from model of {} does not match actual shape of {2} for output output[m
[0;93m2026-05-02 17:09:10.839749 [W:onnxruntime:, execution_frame.cc:870 VerifyOutputSizes] Expected shape from model of {} does not match actual shape of {2} for output output[m
[0;93m2026-05-02 17:09:10.878064 [W:onnxruntime:, execution_frame.cc:870 VerifyOutputSizes] Expected shape from model of {} does not match actual shape of {2} for output output[m
[0;93m2026-05-02 17:09:10.917090 [W:onnxruntime:, execution_frame.cc:870 VerifyOutputSizes] Expected shape from model of {} does not match actual shape of {2} for output output[m
[0;93m2026-05-02 17:09:10.954781 [W:onnxruntime:, execution_frame.cc:870 VerifyOutputSizes] Expected shape from model of {} does not match actual shape of {2} for output output[m
[0;93m2026-05-02 17:09:10.977635 [W:onnxruntime:, execution_frame.cc:870 VerifyOutputSizes] Expected shape from model of {} does not match actual shape of {2} for output output[m
[0;93m2026-05-02 17:09:11.015001 [W:onnxruntime:, execution_frame.cc:870 VerifyOutputSizes] Expected shape from model of {} does not match actual shape of {2} for output output[m
[0;93m2026-05-02 17:09:11.050326 [W:onnxruntime:, execution_frame.cc:870 VerifyOutputSizes] Expected shape from model of {} does not match actual shape of {2} for output output[m
[0;93m2026-05-02 17:09:11.084896 [W:onnxruntime:, execution_frame.cc:870 VerifyOutputSizes] Expected shape from model of {} does not match actual shape of {2} for output output[m
[0;93m2026-05-02 17:09:11.122345 [W:onnxruntime:, execution_frame.cc:870 VerifyOutputSizes] Expected shape from model of {} does not match actual shape of {2} for output output[m
[0;93m2026-05-02 17:09:11.158747 [W:onnxruntime:, execution_frame.cc:870 VerifyOutputSizes] Expected shape from model of {} does not match actual shape of {2} for output output[m
[0;93m2026-05-02 17:09:11.194844 [W:onnxruntime:, execution_frame.cc:870 VerifyOutputSizes] Expected shape from model of {} does not match actual shape of {2} for output output[m
[0;93m2026-05-02 17:09:11.228994 [W:onnxruntime:, execution_frame.cc:870 VerifyOutputSizes] Expected shape from model of {} does not match actual shape of {2} for output output[m
[0;93m2026-05-02 17:09:11.249731 [W:onnxruntime:, execution_frame.cc:870 VerifyOutputSizes] Expected shape from model of {} does not match actual shape of {2} for output output[m
[0;93m2026-05-02 17:09:11.285661 [W:onnxruntime:, execution_frame.cc:870 VerifyOutputSizes] Expected shape from model of {} does not match actual shape of {2} for output output[m
[0;93m2026-05-02 17:09:11.322571 [W:onnxruntime:, execution_frame.cc:870 VerifyOutputSizes] Expected shape from model of {} does not match actual shape of {2} for output output[m
[0;93m2026-05-02 17:09:11.361517 [W:onnxruntime:, execution_frame.cc:870 VerifyOutputSizes] Expected shape from model of {} does not match actual shape of {2} for output output[m
[0;93m2026-05-02 17:09:11.404592 [W:onnxruntime:, execution_frame.cc:870 VerifyOutputSizes] Expected shape from model of {} does not match actual shape of {2} for output output[m
[0;93m2026-05-02 17:09:11.443574 [W:onnxruntime:, execution_frame.cc:870 VerifyOutputSizes] Expected shape from model of {} does not match actual shape of {2} for output output[m
[0;93m2026-05-02 17:09:11.486144 [W:onnxruntime:, execution_frame.cc:870 VerifyOutputSizes] Expected shape from model of {} does not match actual shape of {2} for output output[m
[0;93m2026-05-02 17:09:11.526984 [W:onnxruntime:, execution_frame.cc:870 VerifyOutputSizes] Expected shape from model of {} does not match actual shape of {2} for output output[m
[0;93m2026-05-02 17:09:11.564798 [W:onnxruntime:, execution_frame.cc:870 VerifyOutputSizes] Expected shape from model of {} does not match actual shape of {2} for output output[m
[0;93m2026-05-02 17:09:11.590682 [W:onnxruntime:, execution_frame.cc:870 VerifyOutputSizes] Expected shape from model of {} does not match actual shape of {2} for output output[m
[0;93m2026-05-02 17:09:11.631386 [W:onnxruntime:, execution_frame.cc:870 VerifyOutputSizes] Expected shape from model of {} does not match actual shape of {2} for output output[m
[0;93m2026-05-02 17:09:11.674693 [W:onnxruntime:, execution_frame.cc:870 VerifyOutputSizes] Expected shape from model of {} does not match actual shape of {2} for output output[m
  750/800
[0;93m2026-05-02 17:09:11.712255 [W:onnxruntime:, execution_frame.cc:870 VerifyOutputSizes] Expected shape from model of {} does not match actual shape of {2} for output output[m
[0;93m2026-05-02 17:09:11.736995 [W:onnxruntime:, execution_frame.cc:870 VerifyOutputSizes] Expected shape from model of {} does not match actual shape of {2} for output output[m
[0;93m2026-05-02 17:09:11.780243 [W:onnxruntime:, execution_frame.cc:870 VerifyOutputSizes] Expected shape from model of {} does not match actual shape of {2} for output output[m
[0;93m2026-05-02 17:09:11.820695 [W:onnxruntime:, execution_frame.cc:870 VerifyOutputSizes] Expected shape from model of {} does not match actual shape of {2} for output output[m
[0;93m2026-05-02 17:09:11.859874 [W:onnxruntime:, execution_frame.cc:870 VerifyOutputSizes] Expected shape from model of {} does not match actual shape of {2} for output output[m
[0;93m2026-05-02 17:09:11.903074 [W:onnxruntime:, execution_frame.cc:870 VerifyOutputSizes] Expected shape from model of {} does not match actual shape of {2} for output output[m
[0;93m2026-05-02 17:09:11.926789 [W:onnxruntime:, execution_frame.cc:870 VerifyOutputSizes] Expected shape from model of {} does not match actual shape of {2} for output output[m
[0;93m2026-05-02 17:09:11.967530 [W:onnxruntime:, execution_frame.cc:870 VerifyOutputSizes] Expected shape from model of {} does not match actual shape of {2} for output output[m
[0;93m2026-05-02 17:09:12.009259 [W:onnxruntime:, execution_frame.cc:870 VerifyOutputSizes] Expected shape from model of {} does not match actual shape of {2} for output output[m
[0;93m2026-05-02 17:09:12.048892 [W:onnxruntime:, execution_frame.cc:870 VerifyOutputSizes] Expected shape from model of {} does not match actual shape of {2} for output output[m
[0;93m2026-05-02 17:09:12.091431 [W:onnxruntime:, execution_frame.cc:870 VerifyOutputSizes] Expected shape from model of {} does not match actual shape of {2} for output output[m
[0;93m2026-05-02 17:09:12.133124 [W:onnxruntime:, execution_frame.cc:870 VerifyOutputSizes] Expected shape from model of {} does not match actual shape of {2} for output output[m
[0;93m2026-05-02 17:09:12.175441 [W:onnxruntime:, execution_frame.cc:870 VerifyOutputSizes] Expected shape from model of {} does not match actual shape of {2} for output output[m
[0;93m2026-05-02 17:09:12.219199 [W:onnxruntime:, execution_frame.cc:870 VerifyOutputSizes] Expected shape from model of {} does not match actual shape of {2} for output output[m
[0;93m2026-05-02 17:09:12.262522 [W:onnxruntime:, execution_frame.cc:870 VerifyOutputSizes] Expected shape from model of {} does not match actual shape of {2} for output output[m
[0;93m2026-05-02 17:09:12.299421 [W:onnxruntime:, execution_frame.cc:870 VerifyOutputSizes] Expected shape from model of {} does not match actual shape of {2} for output output[m
[0;93m2026-05-02 17:09:12.326026 [W:onnxruntime:, execution_frame.cc:870 VerifyOutputSizes] Expected shape from model of {} does not match actual shape of {2} for output output[m
[0;93m2026-05-02 17:09:12.365714 [W:onnxruntime:, execution_frame.cc:870 VerifyOutputSizes] Expected shape from model of {} does not match actual shape of {2} for output output[m
[0;93m2026-05-02 17:09:12.388747 [W:onnxruntime:, execution_frame.cc:870 VerifyOutputSizes] Expected shape from model of {} does not match actual shape of {2} for output output[m
[0;93m2026-05-02 17:09:12.431490 [W:onnxruntime:, execution_frame.cc:870 VerifyOutputSizes] Expected shape from model of {} does not match actual shape of {2} for output output[m
[0;93m2026-05-02 17:09:12.472985 [W:onnxruntime:, execution_frame.cc:870 VerifyOutputSizes] Expected shape from model of {} does not match actual shape of {2} for output output[m
[0;93m2026-05-02 17:09:12.514637 [W:onnxruntime:, execution_frame.cc:870 VerifyOutputSizes] Expected shape from model of {} does not match actual shape of {2} for output output[m
[0;93m2026-05-02 17:09:12.557241 [W:onnxruntime:, execution_frame.cc:870 VerifyOutputSizes] Expected shape from model of {} does not match actual shape of {2} for output output[m
[0;93m2026-05-02 17:09:12.596569 [W:onnxruntime:, execution_frame.cc:870 VerifyOutputSizes] Expected shape from model of {} does not match actual shape of {2} for output output[m
[0;93m2026-05-02 17:09:12.638308 [W:onnxruntime:, execution_frame.cc:870 VerifyOutputSizes] Expected shape from model of {} does not match actual shape of {2} for output output[m
[0;93m2026-05-02 17:09:12.677034 [W:onnxruntime:, execution_frame.cc:870 VerifyOutputSizes] Expected shape from model of {} does not match actual shape of {2} for output output[m
[0;93m2026-05-02 17:09:12.718306 [W:onnxruntime:, execution_frame.cc:870 VerifyOutputSizes] Expected shape from model of {} does not match actual shape of {2} for output output[m
[0;93m2026-05-02 17:09:12.746629 [W:onnxruntime:, execution_frame.cc:870 VerifyOutputSizes] Expected shape from model of {} does not match actual shape of {2} for output output[m
[0;93m2026-05-02 17:09:12.774239 [W:onnxruntime:, execution_frame.cc:870 VerifyOutputSizes] Expected shape from model of {} does not match actual shape of {2} for output output[m
[0;93m2026-05-02 17:09:12.812156 [W:onnxruntime:, execution_frame.cc:870 VerifyOutputSizes] Expected shape from model of {} does not match actual shape of {2} for output output[m
[0;93m2026-05-02 17:09:12.852663 [W:onnxruntime:, execution_frame.cc:870 VerifyOutputSizes] Expected shape from model of {} does not match actual shape of {2} for output output[m
[0;93m2026-05-02 17:09:12.891673 [W:onnxruntime:, execution_frame.cc:870 VerifyOutputSizes] Expected shape from model of {} does not match actual shape of {2} for output output[m
[0;93m2026-05-02 17:09:12.932124 [W:onnxruntime:, execution_frame.cc:870 VerifyOutputSizes] Expected shape from model of {} does not match actual shape of {2} for output output[m
[0;93m2026-05-02 17:09:12.971930 [W:onnxruntime:, execution_frame.cc:870 VerifyOutputSizes] Expected shape from model of {} does not match actual shape of {2} for output output[m
[0;93m2026-05-02 17:09:13.010883 [W:onnxruntime:, execution_frame.cc:870 VerifyOutputSizes] Expected shape from model of {} does not match actual shape of {2} for output output[m
[0;93m2026-05-02 17:09:13.038533 [W:onnxruntime:, execution_frame.cc:870 VerifyOutputSizes] Expected shape from model of {} does not match actual shape of {2} for output output[m
[0;93m2026-05-02 17:09:13.063931 [W:onnxruntime:, execution_frame.cc:870 VerifyOutputSizes] Expected shape from model of {} does not match actual shape of {2} for output output[m
[0;93m2026-05-02 17:09:13.102400 [W:onnxruntime:, execution_frame.cc:870 VerifyOutputSizes] Expected shape from model of {} does not match actual shape of {2} for output output[m
[0;93m2026-05-02 17:09:13.144687 [W:onnxruntime:, execution_frame.cc:870 VerifyOutputSizes] Expected shape from model of {} does not match actual shape of {2} for output output[m
[0;93m2026-05-02 17:09:13.183537 [W:onnxruntime:, execution_frame.cc:870 VerifyOutputSizes] Expected shape from model of {} does not match actual shape of {2} for output output[m
[0;93m2026-05-02 17:09:13.208805 [W:onnxruntime:, execution_frame.cc:870 VerifyOutputSizes] Expected shape from model of {} does not match actual shape of {2} for output output[m
[0;93m2026-05-02 17:09:13.249520 [W:onnxruntime:, execution_frame.cc:870 VerifyOutputSizes] Expected shape from model of {} does not match actual shape of {2} for output output[m
[0;93m2026-05-02 17:09:13.288474 [W:onnxruntime:, execution_frame.cc:870 VerifyOutputSizes] Expected shape from model of {} does not match actual shape of {2} for output output[m
[0;93m2026-05-02 17:09:13.324619 [W:onnxruntime:, execution_frame.cc:870 VerifyOutputSizes] Expected shape from model of {} does not match actual shape of {2} for output output[m
[0;93m2026-05-02 17:09:13.348335 [W:onnxruntime:, execution_frame.cc:870 VerifyOutputSizes] Expected shape from model of {} does not match actual shape of {2} for output output[m
[0;93m2026-05-02 17:09:13.386047 [W:onnxruntime:, execution_frame.cc:870 VerifyOutputSizes] Expected shape from model of {} does not match actual shape of {2} for output output[m
[0;93m2026-05-02 17:09:13.410281 [W:onnxruntime:, execution_frame.cc:870 VerifyOutputSizes] Expected shape from model of {} does not match actual shape of {2} for output output[m
[0;93m2026-05-02 17:09:13.448533 [W:onnxruntime:, execution_frame.cc:870 VerifyOutputSizes] Expected shape from model of {} does not match actual shape of {2} for output output[m
[0;93m2026-05-02 17:09:13.487328 [W:onnxruntime:, execution_frame.cc:870 VerifyOutputSizes] Expected shape from model of {} does not match actual shape of {2} for output output[m
[0;93m2026-05-02 17:09:13.524873 [W:onnxruntime:, execution_frame.cc:870 VerifyOutputSizes] Expected shape from model of {} does not match actual shape of {2} for output output[m
  800/800
Wrote experiments/f1-initial-dt-guard/scores.json + result.md
