[0;93m2026-05-02 20:48:20.896314 [W:onnxruntime:, graph.cc:109 MergeShapeInfo] Error merging shape info for output. 'output' source:{} target:{-1}. Falling back to lenient merge.[m
Scoring 800 cases...
[0;93m2026-05-02 20:48:21.943867 [W:onnxruntime:, execution_frame.cc:870 VerifyOutputSizes] Expected shape from model of {} does not match actual shape of {2} for output output[m
[0;93m2026-05-02 20:48:21.966166 [W:onnxruntime:, execution_frame.cc:870 VerifyOutputSizes] Expected shape from model of {} does not match actual shape of {2} for output output[m
[0;93m2026-05-02 20:48:21.989400 [W:onnxruntime:, execution_frame.cc:870 VerifyOutputSizes] Expected shape from model of {} does not match actual shape of {2} for output output[m
[0;93m2026-05-02 20:48:22.012802 [W:onnxruntime:, execution_frame.cc:870 VerifyOutputSizes] Expected shape from model of {} does not match actual shape of {2} for output output[m
[0;93m2026-05-02 20:48:22.035044 [W:onnxruntime:, execution_frame.cc:870 VerifyOutputSizes] Expected shape from model of {} does not match actual shape of {2} for output output[m
[0;93m2026-05-02 20:48:22.057618 [W:onnxruntime:, execution_frame.cc:870 VerifyOutputSizes] Expected shape from model of {} does not match actual shape of {2} for output output[m
[0;93m2026-05-02 20:48:22.082952 [W:onnxruntime:, execution_frame.cc:870 VerifyOutputSizes] Expected shape from model of {} does not match actual shape of {2} for output output[m
[0;93m2026-05-02 20:48:22.106232 [W:onnxruntime:, execution_frame.cc:870 VerifyOutputSizes] Expected shape from model of {} does not match actual shape of {2} for output output[m
[0;93m2026-05-02 20:48:22.131177 [W:onnxruntime:, execution_frame.cc:870 VerifyOutputSizes] Expected shape from model of {} does not match actual shape of {2} for output output[m
[0;93m2026-05-02 20:48:22.154831 [W:onnxruntime:, execution_frame.cc:870 VerifyOutputSizes] Expected shape from model of {} does not match actual shape of {2} for output output[m
[0;93m2026-05-02 20:48:22.201691 [W:onnxruntime:, execution_frame.cc:870 VerifyOutputSizes] Expected shape from model of {} does not match actual shape of {2} for output output[m
[0;93m2026-05-02 20:48:22.239542 [W:onnxruntime:, execution_frame.cc:870 VerifyOutputSizes] Expected shape from model of {} does not match actual shape of {2} for output output[m
[0;93m2026-05-02 20:48:22.277179 [W:onnxruntime:, execution_frame.cc:870 VerifyOutputSizes] Expected shape from model of {} does not match actual shape of {2} for output output[m
[0;93m2026-05-02 20:48:22.300288 [W:onnxruntime:, execution_frame.cc:870 VerifyOutputSizes] Expected shape from model of {} does not match actual shape of {2} for output output[m
[0;93m2026-05-02 20:48:22.323131 [W:onnxruntime:, execution_frame.cc:870 VerifyOutputSizes] Expected shape from model of {} does not match actual shape of {2} for output output[m
[0;93m2026-05-02 20:48:22.345702 [W:onnxruntime:, execution_frame.cc:870 VerifyOutputSizes] Expected shape from model of {} does not match actual shape of {2} for output output[m
[0;93m2026-05-02 20:48:22.383954 [W:onnxruntime:, execution_frame.cc:870 VerifyOutputSizes] Expected shape from model of {} does not match actual shape of {2} for output output[m
[0;93m2026-05-02 20:48:22.408968 [W:onnxruntime:, execution_frame.cc:870 VerifyOutputSizes] Expected shape from model of {} does not match actual shape of {2} for output output[m
[0;93m2026-05-02 20:48:22.444380 [W:onnxruntime:, execution_frame.cc:870 VerifyOutputSizes] Expected shape from model of {} does not match actual shape of {2} for output output[m
[0;93m2026-05-02 20:48:22.467536 [W:onnxruntime:, execution_frame.cc:870 VerifyOutputSizes] Expected shape from model of {} does not match actual shape of {2} for output output[m
[0;93m2026-05-02 20:48:22.490314 [W:onnxruntime:, execution_frame.cc:870 VerifyOutputSizes] Expected shape from model of {} does not match actual shape of {2} for output output[m
[0;93m2026-05-02 20:48:22.513649 [W:onnxruntime:, execution_frame.cc:870 VerifyOutputSizes] Expected shape from model of {} does not match actual shape of {2} for output output[m
[0;93m2026-05-02 20:48:22.537573 [W:onnxruntime:, execution_frame.cc:870 VerifyOutputSizes] Expected shape from model of {} does not match actual shape of {2} for output output[m
[0;93m2026-05-02 20:48:22.576852 [W:onnxruntime:, execution_frame.cc:870 VerifyOutputSizes] Expected shape from model of {} does not match actual shape of {2} for output output[m
[0;93m2026-05-02 20:48:22.598777 [W:onnxruntime:, execution_frame.cc:870 VerifyOutputSizes] Expected shape from model of {} does not match actual shape of {2} for output output[m
[0;93m2026-05-02 20:48:22.635389 [W:onnxruntime:, execution_frame.cc:870 VerifyOutputSizes] Expected shape from model of {} does not match actual shape of {2} for output output[m
[0;93m2026-05-02 20:48:22.678078 [W:onnxruntime:, execution_frame.cc:870 VerifyOutputSizes] Expected shape from model of {} does not match actual shape of {2} for output output[m
[0;93m2026-05-02 20:48:22.720893 [W:onnxruntime:, execution_frame.cc:870 VerifyOutputSizes] Expected shape from model of {} does not match actual shape of {2} for output output[m
[0;93m2026-05-02 20:48:22.759732 [W:onnxruntime:, execution_frame.cc:870 VerifyOutputSizes] Expected shape from model of {} does not match actual shape of {2} for output output[m
[0;93m2026-05-02 20:48:22.782720 [W:onnxruntime:, execution_frame.cc:870 VerifyOutputSizes] Expected shape from model of {} does not match actual shape of {2} for output output[m
[0;93m2026-05-02 20:48:22.807357 [W:onnxruntime:, execution_frame.cc:870 VerifyOutputSizes] Expected shape from model of {} does not match actual shape of {2} for output output[m
[0;93m2026-05-02 20:48:22.848710 [W:onnxruntime:, execution_frame.cc:870 VerifyOutputSizes] Expected shape from model of {} does not match actual shape of {2} for output output[m
[0;93m2026-05-02 20:48:22.871906 [W:onnxruntime:, execution_frame.cc:870 VerifyOutputSizes] Expected shape from model of {} does not match actual shape of {2} for output output[m
[0;93m2026-05-02 20:48:22.909003 [W:onnxruntime:, execution_frame.cc:870 VerifyOutputSizes] Expected shape from model of {} does not match actual shape of {2} for output output[m
[0;93m2026-05-02 20:48:22.933672 [W:onnxruntime:, execution_frame.cc:870 VerifyOutputSizes] Expected shape from model of {} does not match actual shape of {2} for output output[m
[0;93m2026-05-02 20:48:22.972889 [W:onnxruntime:, execution_frame.cc:870 VerifyOutputSizes] Expected shape from model of {} does not match actual shape of {2} for output output[m
[0;93m2026-05-02 20:48:22.996278 [W:onnxruntime:, execution_frame.cc:870 VerifyOutputSizes] Expected shape from model of {} does not match actual shape of {2} for output output[m
[0;93m2026-05-02 20:48:23.035268 [W:onnxruntime:, execution_frame.cc:870 VerifyOutputSizes] Expected shape from model of {} does not match actual shape of {2} for output output[m
[0;93m2026-05-02 20:48:23.060420 [W:onnxruntime:, execution_frame.cc:870 VerifyOutputSizes] Expected shape from model of {} does not match actual shape of {2} for output output[m
[0;93m2026-05-02 20:48:23.084772 [W:onnxruntime:, execution_frame.cc:870 VerifyOutputSizes] Expected shape from model of {} does not match actual shape of {2} for output output[m
[0;93m2026-05-02 20:48:23.108966 [W:onnxruntime:, execution_frame.cc:870 VerifyOutputSizes] Expected shape from model of {} does not match actual shape of {2} for output output[m
[0;93m2026-05-02 20:48:23.153002 [W:onnxruntime:, execution_frame.cc:870 VerifyOutputSizes] Expected shape from model of {} does not match actual shape of {2} for output output[m
[0;93m2026-05-02 20:48:23.195219 [W:onnxruntime:, execution_frame.cc:870 VerifyOutputSizes] Expected shape from model of {} does not match actual shape of {2} for output output[m
[0;93m2026-05-02 20:48:23.233407 [W:onnxruntime:, execution_frame.cc:870 VerifyOutputSizes] Expected shape from model of {} does not match actual shape of {2} for output output[m
[0;93m2026-05-02 20:48:23.258396 [W:onnxruntime:, execution_frame.cc:870 VerifyOutputSizes] Expected shape from model of {} does not match actual shape of {2} for output output[m
[0;93m2026-05-02 20:48:23.298397 [W:onnxruntime:, execution_frame.cc:870 VerifyOutputSizes] Expected shape from model of {} does not match actual shape of {2} for output output[m
[0;93m2026-05-02 20:48:23.323013 [W:onnxruntime:, execution_frame.cc:870 VerifyOutputSizes] Expected shape from model of {} does not match actual shape of {2} for output output[m
[0;93m2026-05-02 20:48:23.363431 [W:onnxruntime:, execution_frame.cc:870 VerifyOutputSizes] Expected shape from model of {} does not match actual shape of {2} for output output[m
[0;93m2026-05-02 20:48:23.386982 [W:onnxruntime:, execution_frame.cc:870 VerifyOutputSizes] Expected shape from model of {} does not match actual shape of {2} for output output[m
[0;93m2026-05-02 20:48:23.423856 [W:onnxruntime:, execution_frame.cc:870 VerifyOutputSizes] Expected shape from model of {} does not match actual shape of {2} for output output[m
  50/800
[0;93m2026-05-02 20:48:23.447194 [W:onnxruntime:, execution_frame.cc:870 VerifyOutputSizes] Expected shape from model of {} does not match actual shape of {2} for output output[m
[0;93m2026-05-02 20:48:23.470175 [W:onnxruntime:, execution_frame.cc:870 VerifyOutputSizes] Expected shape from model of {} does not match actual shape of {2} for output output[m
[0;93m2026-05-02 20:48:23.492504 [W:onnxruntime:, execution_frame.cc:870 VerifyOutputSizes] Expected shape from model of {} does not match actual shape of {2} for output output[m
[0;93m2026-05-02 20:48:23.543927 [W:onnxruntime:, execution_frame.cc:870 VerifyOutputSizes] Expected shape from model of {} does not match actual shape of {2} for output output[m
[0;93m2026-05-02 20:48:23.581006 [W:onnxruntime:, execution_frame.cc:870 VerifyOutputSizes] Expected shape from model of {} does not match actual shape of {2} for output output[m
[0;93m2026-05-02 20:48:23.604756 [W:onnxruntime:, execution_frame.cc:870 VerifyOutputSizes] Expected shape from model of {} does not match actual shape of {2} for output output[m
[0;93m2026-05-02 20:48:23.627058 [W:onnxruntime:, execution_frame.cc:870 VerifyOutputSizes] Expected shape from model of {} does not match actual shape of {2} for output output[m
[0;93m2026-05-02 20:48:23.649174 [W:onnxruntime:, execution_frame.cc:870 VerifyOutputSizes] Expected shape from model of {} does not match actual shape of {2} for output output[m
[0;93m2026-05-02 20:48:23.671993 [W:onnxruntime:, execution_frame.cc:870 VerifyOutputSizes] Expected shape from model of {} does not match actual shape of {2} for output output[m
[0;93m2026-05-02 20:48:23.708485 [W:onnxruntime:, execution_frame.cc:870 VerifyOutputSizes] Expected shape from model of {} does not match actual shape of {2} for output output[m
[0;93m2026-05-02 20:48:23.728670 [W:onnxruntime:, execution_frame.cc:870 VerifyOutputSizes] Expected shape from model of {} does not match actual shape of {2} for output output[m
[0;93m2026-05-02 20:48:23.765659 [W:onnxruntime:, execution_frame.cc:870 VerifyOutputSizes] Expected shape from model of {} does not match actual shape of {2} for output output[m
[0;93m2026-05-02 20:48:23.802257 [W:onnxruntime:, execution_frame.cc:870 VerifyOutputSizes] Expected shape from model of {} does not match actual shape of {2} for output output[m
[0;93m2026-05-02 20:48:23.823711 [W:onnxruntime:, execution_frame.cc:870 VerifyOutputSizes] Expected shape from model of {} does not match actual shape of {2} for output output[m
[0;93m2026-05-02 20:48:23.860524 [W:onnxruntime:, execution_frame.cc:870 VerifyOutputSizes] Expected shape from model of {} does not match actual shape of {2} for output output[m
[0;93m2026-05-02 20:48:23.901424 [W:onnxruntime:, execution_frame.cc:870 VerifyOutputSizes] Expected shape from model of {} does not match actual shape of {2} for output output[m
[0;93m2026-05-02 20:48:23.941184 [W:onnxruntime:, execution_frame.cc:870 VerifyOutputSizes] Expected shape from model of {} does not match actual shape of {2} for output output[m
[0;93m2026-05-02 20:48:23.978015 [W:onnxruntime:, execution_frame.cc:870 VerifyOutputSizes] Expected shape from model of {} does not match actual shape of {2} for output output[m
[0;93m2026-05-02 20:48:24.017843 [W:onnxruntime:, execution_frame.cc:870 VerifyOutputSizes] Expected shape from model of {} does not match actual shape of {2} for output output[m
[0;93m2026-05-02 20:48:24.057086 [W:onnxruntime:, execution_frame.cc:870 VerifyOutputSizes] Expected shape from model of {} does not match actual shape of {2} for output output[m
[0;93m2026-05-02 20:48:24.096798 [W:onnxruntime:, execution_frame.cc:870 VerifyOutputSizes] Expected shape from model of {} does not match actual shape of {2} for output output[m
[0;93m2026-05-02 20:48:24.121070 [W:onnxruntime:, execution_frame.cc:870 VerifyOutputSizes] Expected shape from model of {} does not match actual shape of {2} for output output[m
[0;93m2026-05-02 20:48:24.156996 [W:onnxruntime:, execution_frame.cc:870 VerifyOutputSizes] Expected shape from model of {} does not match actual shape of {2} for output output[m
[0;93m2026-05-02 20:48:24.198100 [W:onnxruntime:, execution_frame.cc:870 VerifyOutputSizes] Expected shape from model of {} does not match actual shape of {2} for output output[m
[0;93m2026-05-02 20:48:24.241489 [W:onnxruntime:, execution_frame.cc:870 VerifyOutputSizes] Expected shape from model of {} does not match actual shape of {2} for output output[m
[0;93m2026-05-02 20:48:24.280747 [W:onnxruntime:, execution_frame.cc:870 VerifyOutputSizes] Expected shape from model of {} does not match actual shape of {2} for output output[m
[0;93m2026-05-02 20:48:24.319443 [W:onnxruntime:, execution_frame.cc:870 VerifyOutputSizes] Expected shape from model of {} does not match actual shape of {2} for output output[m
[0;93m2026-05-02 20:48:24.359224 [W:onnxruntime:, execution_frame.cc:870 VerifyOutputSizes] Expected shape from model of {} does not match actual shape of {2} for output output[m
[0;93m2026-05-02 20:48:24.398689 [W:onnxruntime:, execution_frame.cc:870 VerifyOutputSizes] Expected shape from model of {} does not match actual shape of {2} for output output[m
[0;93m2026-05-02 20:48:24.419903 [W:onnxruntime:, execution_frame.cc:870 VerifyOutputSizes] Expected shape from model of {} does not match actual shape of {2} for output output[m
[0;93m2026-05-02 20:48:24.444898 [W:onnxruntime:, execution_frame.cc:870 VerifyOutputSizes] Expected shape from model of {} does not match actual shape of {2} for output output[m
[0;93m2026-05-02 20:48:24.486383 [W:onnxruntime:, execution_frame.cc:870 VerifyOutputSizes] Expected shape from model of {} does not match actual shape of {2} for output output[m
[0;93m2026-05-02 20:48:24.524122 [W:onnxruntime:, execution_frame.cc:870 VerifyOutputSizes] Expected shape from model of {} does not match actual shape of {2} for output output[m
[0;93m2026-05-02 20:48:24.549535 [W:onnxruntime:, execution_frame.cc:870 VerifyOutputSizes] Expected shape from model of {} does not match actual shape of {2} for output output[m
[0;93m2026-05-02 20:48:24.587729 [W:onnxruntime:, execution_frame.cc:870 VerifyOutputSizes] Expected shape from model of {} does not match actual shape of {2} for output output[m
[0;93m2026-05-02 20:48:24.612626 [W:onnxruntime:, execution_frame.cc:870 VerifyOutputSizes] Expected shape from model of {} does not match actual shape of {2} for output output[m
[0;93m2026-05-02 20:48:24.657205 [W:onnxruntime:, execution_frame.cc:870 VerifyOutputSizes] Expected shape from model of {} does not match actual shape of {2} for output output[m
[0;93m2026-05-02 20:48:24.696889 [W:onnxruntime:, execution_frame.cc:870 VerifyOutputSizes] Expected shape from model of {} does not match actual shape of {2} for output output[m
[0;93m2026-05-02 20:48:24.736037 [W:onnxruntime:, execution_frame.cc:870 VerifyOutputSizes] Expected shape from model of {} does not match actual shape of {2} for output output[m
[0;93m2026-05-02 20:48:24.761383 [W:onnxruntime:, execution_frame.cc:870 VerifyOutputSizes] Expected shape from model of {} does not match actual shape of {2} for output output[m
[0;93m2026-05-02 20:48:24.804288 [W:onnxruntime:, execution_frame.cc:870 VerifyOutputSizes] Expected shape from model of {} does not match actual shape of {2} for output output[m
[0;93m2026-05-02 20:48:24.841772 [W:onnxruntime:, execution_frame.cc:870 VerifyOutputSizes] Expected shape from model of {} does not match actual shape of {2} for output output[m
[0;93m2026-05-02 20:48:24.867518 [W:onnxruntime:, execution_frame.cc:870 VerifyOutputSizes] Expected shape from model of {} does not match actual shape of {2} for output output[m
[0;93m2026-05-02 20:48:24.909139 [W:onnxruntime:, execution_frame.cc:870 VerifyOutputSizes] Expected shape from model of {} does not match actual shape of {2} for output output[m
[0;93m2026-05-02 20:48:24.951144 [W:onnxruntime:, execution_frame.cc:870 VerifyOutputSizes] Expected shape from model of {} does not match actual shape of {2} for output output[m
[0;93m2026-05-02 20:48:24.989551 [W:onnxruntime:, execution_frame.cc:870 VerifyOutputSizes] Expected shape from model of {} does not match actual shape of {2} for output output[m
[0;93m2026-05-02 20:48:25.013850 [W:onnxruntime:, execution_frame.cc:870 VerifyOutputSizes] Expected shape from model of {} does not match actual shape of {2} for output output[m
[0;93m2026-05-02 20:48:25.057066 [W:onnxruntime:, execution_frame.cc:870 VerifyOutputSizes] Expected shape from model of {} does not match actual shape of {2} for output output[m
[0;93m2026-05-02 20:48:25.098634 [W:onnxruntime:, execution_frame.cc:870 VerifyOutputSizes] Expected shape from model of {} does not match actual shape of {2} for output output[m
[0;93m2026-05-02 20:48:25.121919 [W:onnxruntime:, execution_frame.cc:870 VerifyOutputSizes] Expected shape from model of {} does not match actual shape of {2} for output output[m
  100/800
[0;93m2026-05-02 20:48:25.164398 [W:onnxruntime:, execution_frame.cc:870 VerifyOutputSizes] Expected shape from model of {} does not match actual shape of {2} for output output[m
[0;93m2026-05-02 20:48:25.190003 [W:onnxruntime:, execution_frame.cc:870 VerifyOutputSizes] Expected shape from model of {} does not match actual shape of {2} for output output[m
[0;93m2026-05-02 20:48:25.232032 [W:onnxruntime:, execution_frame.cc:870 VerifyOutputSizes] Expected shape from model of {} does not match actual shape of {2} for output output[m
[0;93m2026-05-02 20:48:25.257435 [W:onnxruntime:, execution_frame.cc:870 VerifyOutputSizes] Expected shape from model of {} does not match actual shape of {2} for output output[m
[0;93m2026-05-02 20:48:25.297033 [W:onnxruntime:, execution_frame.cc:870 VerifyOutputSizes] Expected shape from model of {} does not match actual shape of {2} for output output[m
[0;93m2026-05-02 20:48:25.336499 [W:onnxruntime:, execution_frame.cc:870 VerifyOutputSizes] Expected shape from model of {} does not match actual shape of {2} for output output[m
[0;93m2026-05-02 20:48:25.377412 [W:onnxruntime:, execution_frame.cc:870 VerifyOutputSizes] Expected shape from model of {} does not match actual shape of {2} for output output[m
[0;93m2026-05-02 20:48:25.415418 [W:onnxruntime:, execution_frame.cc:870 VerifyOutputSizes] Expected shape from model of {} does not match actual shape of {2} for output output[m
[0;93m2026-05-02 20:48:25.456023 [W:onnxruntime:, execution_frame.cc:870 VerifyOutputSizes] Expected shape from model of {} does not match actual shape of {2} for output output[m
[0;93m2026-05-02 20:48:25.496294 [W:onnxruntime:, execution_frame.cc:870 VerifyOutputSizes] Expected shape from model of {} does not match actual shape of {2} for output output[m
[0;93m2026-05-02 20:48:25.538595 [W:onnxruntime:, execution_frame.cc:870 VerifyOutputSizes] Expected shape from model of {} does not match actual shape of {2} for output output[m
[0;93m2026-05-02 20:48:25.578893 [W:onnxruntime:, execution_frame.cc:870 VerifyOutputSizes] Expected shape from model of {} does not match actual shape of {2} for output output[m
[0;93m2026-05-02 20:48:25.604882 [W:onnxruntime:, execution_frame.cc:870 VerifyOutputSizes] Expected shape from model of {} does not match actual shape of {2} for output output[m
[0;93m2026-05-02 20:48:25.629238 [W:onnxruntime:, execution_frame.cc:870 VerifyOutputSizes] Expected shape from model of {} does not match actual shape of {2} for output output[m
[0;93m2026-05-02 20:48:25.669650 [W:onnxruntime:, execution_frame.cc:870 VerifyOutputSizes] Expected shape from model of {} does not match actual shape of {2} for output output[m
[0;93m2026-05-02 20:48:25.693583 [W:onnxruntime:, execution_frame.cc:870 VerifyOutputSizes] Expected shape from model of {} does not match actual shape of {2} for output output[m
[0;93m2026-05-02 20:48:25.738647 [W:onnxruntime:, execution_frame.cc:870 VerifyOutputSizes] Expected shape from model of {} does not match actual shape of {2} for output output[m
[0;93m2026-05-02 20:48:25.777802 [W:onnxruntime:, execution_frame.cc:870 VerifyOutputSizes] Expected shape from model of {} does not match actual shape of {2} for output output[m
[0;93m2026-05-02 20:48:25.815595 [W:onnxruntime:, execution_frame.cc:870 VerifyOutputSizes] Expected shape from model of {} does not match actual shape of {2} for output output[m
[0;93m2026-05-02 20:48:25.838414 [W:onnxruntime:, execution_frame.cc:870 VerifyOutputSizes] Expected shape from model of {} does not match actual shape of {2} for output output[m
[0;93m2026-05-02 20:48:25.860958 [W:onnxruntime:, execution_frame.cc:870 VerifyOutputSizes] Expected shape from model of {} does not match actual shape of {2} for output output[m
[0;93m2026-05-02 20:48:25.899162 [W:onnxruntime:, execution_frame.cc:870 VerifyOutputSizes] Expected shape from model of {} does not match actual shape of {2} for output output[m
[0;93m2026-05-02 20:48:25.936923 [W:onnxruntime:, execution_frame.cc:870 VerifyOutputSizes] Expected shape from model of {} does not match actual shape of {2} for output output[m
[0;93m2026-05-02 20:48:25.975663 [W:onnxruntime:, execution_frame.cc:870 VerifyOutputSizes] Expected shape from model of {} does not match actual shape of {2} for output output[m
[0;93m2026-05-02 20:48:26.015121 [W:onnxruntime:, execution_frame.cc:870 VerifyOutputSizes] Expected shape from model of {} does not match actual shape of {2} for output output[m
[0;93m2026-05-02 20:48:26.051928 [W:onnxruntime:, execution_frame.cc:870 VerifyOutputSizes] Expected shape from model of {} does not match actual shape of {2} for output output[m
[0;93m2026-05-02 20:48:26.089194 [W:onnxruntime:, execution_frame.cc:870 VerifyOutputSizes] Expected shape from model of {} does not match actual shape of {2} for output output[m
[0;93m2026-05-02 20:48:26.125895 [W:onnxruntime:, execution_frame.cc:870 VerifyOutputSizes] Expected shape from model of {} does not match actual shape of {2} for output output[m
[0;93m2026-05-02 20:48:26.164567 [W:onnxruntime:, execution_frame.cc:870 VerifyOutputSizes] Expected shape from model of {} does not match actual shape of {2} for output output[m
[0;93m2026-05-02 20:48:26.201182 [W:onnxruntime:, execution_frame.cc:870 VerifyOutputSizes] Expected shape from model of {} does not match actual shape of {2} for output output[m
[0;93m2026-05-02 20:48:26.224610 [W:onnxruntime:, execution_frame.cc:870 VerifyOutputSizes] Expected shape from model of {} does not match actual shape of {2} for output output[m
[0;93m2026-05-02 20:48:26.262811 [W:onnxruntime:, execution_frame.cc:870 VerifyOutputSizes] Expected shape from model of {} does not match actual shape of {2} for output output[m
[0;93m2026-05-02 20:48:26.301246 [W:onnxruntime:, execution_frame.cc:870 VerifyOutputSizes] Expected shape from model of {} does not match actual shape of {2} for output output[m
[0;93m2026-05-02 20:48:26.342908 [W:onnxruntime:, execution_frame.cc:870 VerifyOutputSizes] Expected shape from model of {} does not match actual shape of {2} for output output[m
[0;93m2026-05-02 20:48:26.370682 [W:onnxruntime:, execution_frame.cc:870 VerifyOutputSizes] Expected shape from model of {} does not match actual shape of {2} for output output[m
[0;93m2026-05-02 20:48:26.409331 [W:onnxruntime:, execution_frame.cc:870 VerifyOutputSizes] Expected shape from model of {} does not match actual shape of {2} for output output[m
[0;93m2026-05-02 20:48:26.451959 [W:onnxruntime:, execution_frame.cc:870 VerifyOutputSizes] Expected shape from model of {} does not match actual shape of {2} for output output[m
[0;93m2026-05-02 20:48:26.488976 [W:onnxruntime:, execution_frame.cc:870 VerifyOutputSizes] Expected shape from model of {} does not match actual shape of {2} for output output[m
[0;93m2026-05-02 20:48:26.513578 [W:onnxruntime:, execution_frame.cc:870 VerifyOutputSizes] Expected shape from model of {} does not match actual shape of {2} for output output[m
[0;93m2026-05-02 20:48:26.551145 [W:onnxruntime:, execution_frame.cc:870 VerifyOutputSizes] Expected shape from model of {} does not match actual shape of {2} for output output[m
[0;93m2026-05-02 20:48:26.589529 [W:onnxruntime:, execution_frame.cc:870 VerifyOutputSizes] Expected shape from model of {} does not match actual shape of {2} for output output[m
[0;93m2026-05-02 20:48:26.629619 [W:onnxruntime:, execution_frame.cc:870 VerifyOutputSizes] Expected shape from model of {} does not match actual shape of {2} for output output[m
[0;93m2026-05-02 20:48:26.670552 [W:onnxruntime:, execution_frame.cc:870 VerifyOutputSizes] Expected shape from model of {} does not match actual shape of {2} for output output[m
[0;93m2026-05-02 20:48:26.708826 [W:onnxruntime:, execution_frame.cc:870 VerifyOutputSizes] Expected shape from model of {} does not match actual shape of {2} for output output[m
[0;93m2026-05-02 20:48:26.734859 [W:onnxruntime:, execution_frame.cc:870 VerifyOutputSizes] Expected shape from model of {} does not match actual shape of {2} for output output[m
[0;93m2026-05-02 20:48:26.774354 [W:onnxruntime:, execution_frame.cc:870 VerifyOutputSizes] Expected shape from model of {} does not match actual shape of {2} for output output[m
[0;93m2026-05-02 20:48:26.812458 [W:onnxruntime:, execution_frame.cc:870 VerifyOutputSizes] Expected shape from model of {} does not match actual shape of {2} for output output[m
[0;93m2026-05-02 20:48:26.836941 [W:onnxruntime:, execution_frame.cc:870 VerifyOutputSizes] Expected shape from model of {} does not match actual shape of {2} for output output[m
[0;93m2026-05-02 20:48:26.875436 [W:onnxruntime:, execution_frame.cc:870 VerifyOutputSizes] Expected shape from model of {} does not match actual shape of {2} for output output[m
[0;93m2026-05-02 20:48:26.917642 [W:onnxruntime:, execution_frame.cc:870 VerifyOutputSizes] Expected shape from model of {} does not match actual shape of {2} for output output[m
  150/800
[0;93m2026-05-02 20:48:26.958343 [W:onnxruntime:, execution_frame.cc:870 VerifyOutputSizes] Expected shape from model of {} does not match actual shape of {2} for output output[m
[0;93m2026-05-02 20:48:26.998021 [W:onnxruntime:, execution_frame.cc:870 VerifyOutputSizes] Expected shape from model of {} does not match actual shape of {2} for output output[m
[0;93m2026-05-02 20:48:27.025422 [W:onnxruntime:, execution_frame.cc:870 VerifyOutputSizes] Expected shape from model of {} does not match actual shape of {2} for output output[m
[0;93m2026-05-02 20:48:27.065830 [W:onnxruntime:, execution_frame.cc:870 VerifyOutputSizes] Expected shape from model of {} does not match actual shape of {2} for output output[m
[0;93m2026-05-02 20:48:27.108655 [W:onnxruntime:, execution_frame.cc:870 VerifyOutputSizes] Expected shape from model of {} does not match actual shape of {2} for output output[m
[0;93m2026-05-02 20:48:27.148560 [W:onnxruntime:, execution_frame.cc:870 VerifyOutputSizes] Expected shape from model of {} does not match actual shape of {2} for output output[m
[0;93m2026-05-02 20:48:27.187472 [W:onnxruntime:, execution_frame.cc:870 VerifyOutputSizes] Expected shape from model of {} does not match actual shape of {2} for output output[m
[0;93m2026-05-02 20:48:27.230149 [W:onnxruntime:, execution_frame.cc:870 VerifyOutputSizes] Expected shape from model of {} does not match actual shape of {2} for output output[m
[0;93m2026-05-02 20:48:27.254924 [W:onnxruntime:, execution_frame.cc:870 VerifyOutputSizes] Expected shape from model of {} does not match actual shape of {2} for output output[m
[0;93m2026-05-02 20:48:27.295026 [W:onnxruntime:, execution_frame.cc:870 VerifyOutputSizes] Expected shape from model of {} does not match actual shape of {2} for output output[m
[0;93m2026-05-02 20:48:27.319936 [W:onnxruntime:, execution_frame.cc:870 VerifyOutputSizes] Expected shape from model of {} does not match actual shape of {2} for output output[m
[0;93m2026-05-02 20:48:27.359733 [W:onnxruntime:, execution_frame.cc:870 VerifyOutputSizes] Expected shape from model of {} does not match actual shape of {2} for output output[m
[0;93m2026-05-02 20:48:27.401862 [W:onnxruntime:, execution_frame.cc:870 VerifyOutputSizes] Expected shape from model of {} does not match actual shape of {2} for output output[m
[0;93m2026-05-02 20:48:27.441580 [W:onnxruntime:, execution_frame.cc:870 VerifyOutputSizes] Expected shape from model of {} does not match actual shape of {2} for output output[m
[0;93m2026-05-02 20:48:27.481807 [W:onnxruntime:, execution_frame.cc:870 VerifyOutputSizes] Expected shape from model of {} does not match actual shape of {2} for output output[m
[0;93m2026-05-02 20:48:27.506615 [W:onnxruntime:, execution_frame.cc:870 VerifyOutputSizes] Expected shape from model of {} does not match actual shape of {2} for output output[m
[0;93m2026-05-02 20:48:27.548311 [W:onnxruntime:, execution_frame.cc:870 VerifyOutputSizes] Expected shape from model of {} does not match actual shape of {2} for output output[m
[0;93m2026-05-02 20:48:27.591063 [W:onnxruntime:, execution_frame.cc:870 VerifyOutputSizes] Expected shape from model of {} does not match actual shape of {2} for output output[m
[0;93m2026-05-02 20:48:27.629927 [W:onnxruntime:, execution_frame.cc:870 VerifyOutputSizes] Expected shape from model of {} does not match actual shape of {2} for output output[m
[0;93m2026-05-02 20:48:27.654565 [W:onnxruntime:, execution_frame.cc:870 VerifyOutputSizes] Expected shape from model of {} does not match actual shape of {2} for output output[m
[0;93m2026-05-02 20:48:27.680103 [W:onnxruntime:, execution_frame.cc:870 VerifyOutputSizes] Expected shape from model of {} does not match actual shape of {2} for output output[m
[0;93m2026-05-02 20:48:27.724935 [W:onnxruntime:, execution_frame.cc:870 VerifyOutputSizes] Expected shape from model of {} does not match actual shape of {2} for output output[m
[0;93m2026-05-02 20:48:27.763913 [W:onnxruntime:, execution_frame.cc:870 VerifyOutputSizes] Expected shape from model of {} does not match actual shape of {2} for output output[m
[0;93m2026-05-02 20:48:27.789179 [W:onnxruntime:, execution_frame.cc:870 VerifyOutputSizes] Expected shape from model of {} does not match actual shape of {2} for output output[m
[0;93m2026-05-02 20:48:27.831635 [W:onnxruntime:, execution_frame.cc:870 VerifyOutputSizes] Expected shape from model of {} does not match actual shape of {2} for output output[m
[0;93m2026-05-02 20:48:27.873255 [W:onnxruntime:, execution_frame.cc:870 VerifyOutputSizes] Expected shape from model of {} does not match actual shape of {2} for output output[m
[0;93m2026-05-02 20:48:27.912634 [W:onnxruntime:, execution_frame.cc:870 VerifyOutputSizes] Expected shape from model of {} does not match actual shape of {2} for output output[m
[0;93m2026-05-02 20:48:27.956516 [W:onnxruntime:, execution_frame.cc:870 VerifyOutputSizes] Expected shape from model of {} does not match actual shape of {2} for output output[m
[0;93m2026-05-02 20:48:27.993470 [W:onnxruntime:, execution_frame.cc:870 VerifyOutputSizes] Expected shape from model of {} does not match actual shape of {2} for output output[m
[0;93m2026-05-02 20:48:28.018339 [W:onnxruntime:, execution_frame.cc:870 VerifyOutputSizes] Expected shape from model of {} does not match actual shape of {2} for output output[m
[0;93m2026-05-02 20:48:28.059785 [W:onnxruntime:, execution_frame.cc:870 VerifyOutputSizes] Expected shape from model of {} does not match actual shape of {2} for output output[m
[0;93m2026-05-02 20:48:28.099398 [W:onnxruntime:, execution_frame.cc:870 VerifyOutputSizes] Expected shape from model of {} does not match actual shape of {2} for output output[m
[0;93m2026-05-02 20:48:28.141532 [W:onnxruntime:, execution_frame.cc:870 VerifyOutputSizes] Expected shape from model of {} does not match actual shape of {2} for output output[m
[0;93m2026-05-02 20:48:28.179298 [W:onnxruntime:, execution_frame.cc:870 VerifyOutputSizes] Expected shape from model of {} does not match actual shape of {2} for output output[m
[0;93m2026-05-02 20:48:28.202147 [W:onnxruntime:, execution_frame.cc:870 VerifyOutputSizes] Expected shape from model of {} does not match actual shape of {2} for output output[m
[0;93m2026-05-02 20:48:28.223906 [W:onnxruntime:, execution_frame.cc:870 VerifyOutputSizes] Expected shape from model of {} does not match actual shape of {2} for output output[m
[0;93m2026-05-02 20:48:28.260787 [W:onnxruntime:, execution_frame.cc:870 VerifyOutputSizes] Expected shape from model of {} does not match actual shape of {2} for output output[m
[0;93m2026-05-02 20:48:28.301738 [W:onnxruntime:, execution_frame.cc:870 VerifyOutputSizes] Expected shape from model of {} does not match actual shape of {2} for output output[m
[0;93m2026-05-02 20:48:28.340861 [W:onnxruntime:, execution_frame.cc:870 VerifyOutputSizes] Expected shape from model of {} does not match actual shape of {2} for output output[m
[0;93m2026-05-02 20:48:28.377846 [W:onnxruntime:, execution_frame.cc:870 VerifyOutputSizes] Expected shape from model of {} does not match actual shape of {2} for output output[m
[0;93m2026-05-02 20:48:28.418291 [W:onnxruntime:, execution_frame.cc:870 VerifyOutputSizes] Expected shape from model of {} does not match actual shape of {2} for output output[m
[0;93m2026-05-02 20:48:28.444865 [W:onnxruntime:, execution_frame.cc:870 VerifyOutputSizes] Expected shape from model of {} does not match actual shape of {2} for output output[m
[0;93m2026-05-02 20:48:28.478414 [W:onnxruntime:, execution_frame.cc:870 VerifyOutputSizes] Expected shape from model of {} does not match actual shape of {2} for output output[m
[0;93m2026-05-02 20:48:28.518457 [W:onnxruntime:, execution_frame.cc:870 VerifyOutputSizes] Expected shape from model of {} does not match actual shape of {2} for output output[m
[0;93m2026-05-02 20:48:28.553027 [W:onnxruntime:, execution_frame.cc:870 VerifyOutputSizes] Expected shape from model of {} does not match actual shape of {2} for output output[m
[0;93m2026-05-02 20:48:28.575357 [W:onnxruntime:, execution_frame.cc:870 VerifyOutputSizes] Expected shape from model of {} does not match actual shape of {2} for output output[m
[0;93m2026-05-02 20:48:28.613784 [W:onnxruntime:, execution_frame.cc:870 VerifyOutputSizes] Expected shape from model of {} does not match actual shape of {2} for output output[m
[0;93m2026-05-02 20:48:28.650507 [W:onnxruntime:, execution_frame.cc:870 VerifyOutputSizes] Expected shape from model of {} does not match actual shape of {2} for output output[m
[0;93m2026-05-02 20:48:28.688190 [W:onnxruntime:, execution_frame.cc:870 VerifyOutputSizes] Expected shape from model of {} does not match actual shape of {2} for output output[m
[0;93m2026-05-02 20:48:28.713377 [W:onnxruntime:, execution_frame.cc:870 VerifyOutputSizes] Expected shape from model of {} does not match actual shape of {2} for output output[m
  200/800
[0;93m2026-05-02 20:48:28.757181 [W:onnxruntime:, execution_frame.cc:870 VerifyOutputSizes] Expected shape from model of {} does not match actual shape of {2} for output output[m
[0;93m2026-05-02 20:48:28.794555 [W:onnxruntime:, execution_frame.cc:870 VerifyOutputSizes] Expected shape from model of {} does not match actual shape of {2} for output output[m
[0;93m2026-05-02 20:48:28.819036 [W:onnxruntime:, execution_frame.cc:870 VerifyOutputSizes] Expected shape from model of {} does not match actual shape of {2} for output output[m
[0;93m2026-05-02 20:48:28.859605 [W:onnxruntime:, execution_frame.cc:870 VerifyOutputSizes] Expected shape from model of {} does not match actual shape of {2} for output output[m
[0;93m2026-05-02 20:48:28.899512 [W:onnxruntime:, execution_frame.cc:870 VerifyOutputSizes] Expected shape from model of {} does not match actual shape of {2} for output output[m
[0;93m2026-05-02 20:48:28.943797 [W:onnxruntime:, execution_frame.cc:870 VerifyOutputSizes] Expected shape from model of {} does not match actual shape of {2} for output output[m
[0;93m2026-05-02 20:48:28.981980 [W:onnxruntime:, execution_frame.cc:870 VerifyOutputSizes] Expected shape from model of {} does not match actual shape of {2} for output output[m
[0;93m2026-05-02 20:48:29.021151 [W:onnxruntime:, execution_frame.cc:870 VerifyOutputSizes] Expected shape from model of {} does not match actual shape of {2} for output output[m
[0;93m2026-05-02 20:48:29.060296 [W:onnxruntime:, execution_frame.cc:870 VerifyOutputSizes] Expected shape from model of {} does not match actual shape of {2} for output output[m
[0;93m2026-05-02 20:48:29.085871 [W:onnxruntime:, execution_frame.cc:870 VerifyOutputSizes] Expected shape from model of {} does not match actual shape of {2} for output output[m
[0;93m2026-05-02 20:48:29.110794 [W:onnxruntime:, execution_frame.cc:870 VerifyOutputSizes] Expected shape from model of {} does not match actual shape of {2} for output output[m
[0;93m2026-05-02 20:48:29.134872 [W:onnxruntime:, execution_frame.cc:870 VerifyOutputSizes] Expected shape from model of {} does not match actual shape of {2} for output output[m
[0;93m2026-05-02 20:48:29.175688 [W:onnxruntime:, execution_frame.cc:870 VerifyOutputSizes] Expected shape from model of {} does not match actual shape of {2} for output output[m
[0;93m2026-05-02 20:48:29.215134 [W:onnxruntime:, execution_frame.cc:870 VerifyOutputSizes] Expected shape from model of {} does not match actual shape of {2} for output output[m
[0;93m2026-05-02 20:48:29.240259 [W:onnxruntime:, execution_frame.cc:870 VerifyOutputSizes] Expected shape from model of {} does not match actual shape of {2} for output output[m
[0;93m2026-05-02 20:48:29.281479 [W:onnxruntime:, execution_frame.cc:870 VerifyOutputSizes] Expected shape from model of {} does not match actual shape of {2} for output output[m
[0;93m2026-05-02 20:48:29.322164 [W:onnxruntime:, execution_frame.cc:870 VerifyOutputSizes] Expected shape from model of {} does not match actual shape of {2} for output output[m
[0;93m2026-05-02 20:48:29.360410 [W:onnxruntime:, execution_frame.cc:870 VerifyOutputSizes] Expected shape from model of {} does not match actual shape of {2} for output output[m
[0;93m2026-05-02 20:48:29.399041 [W:onnxruntime:, execution_frame.cc:870 VerifyOutputSizes] Expected shape from model of {} does not match actual shape of {2} for output output[m
[0;93m2026-05-02 20:48:29.423108 [W:onnxruntime:, execution_frame.cc:870 VerifyOutputSizes] Expected shape from model of {} does not match actual shape of {2} for output output[m
[0;93m2026-05-02 20:48:29.463584 [W:onnxruntime:, execution_frame.cc:870 VerifyOutputSizes] Expected shape from model of {} does not match actual shape of {2} for output output[m
[0;93m2026-05-02 20:48:29.490680 [W:onnxruntime:, execution_frame.cc:870 VerifyOutputSizes] Expected shape from model of {} does not match actual shape of {2} for output output[m
[0;93m2026-05-02 20:48:29.531352 [W:onnxruntime:, execution_frame.cc:870 VerifyOutputSizes] Expected shape from model of {} does not match actual shape of {2} for output output[m
[0;93m2026-05-02 20:48:29.569826 [W:onnxruntime:, execution_frame.cc:870 VerifyOutputSizes] Expected shape from model of {} does not match actual shape of {2} for output output[m
[0;93m2026-05-02 20:48:29.609706 [W:onnxruntime:, execution_frame.cc:870 VerifyOutputSizes] Expected shape from model of {} does not match actual shape of {2} for output output[m
[0;93m2026-05-02 20:48:29.646752 [W:onnxruntime:, execution_frame.cc:870 VerifyOutputSizes] Expected shape from model of {} does not match actual shape of {2} for output output[m
[0;93m2026-05-02 20:48:29.672140 [W:onnxruntime:, execution_frame.cc:870 VerifyOutputSizes] Expected shape from model of {} does not match actual shape of {2} for output output[m
[0;93m2026-05-02 20:48:29.711704 [W:onnxruntime:, execution_frame.cc:870 VerifyOutputSizes] Expected shape from model of {} does not match actual shape of {2} for output output[m
[0;93m2026-05-02 20:48:29.752577 [W:onnxruntime:, execution_frame.cc:870 VerifyOutputSizes] Expected shape from model of {} does not match actual shape of {2} for output output[m
[0;93m2026-05-02 20:48:29.795067 [W:onnxruntime:, execution_frame.cc:870 VerifyOutputSizes] Expected shape from model of {} does not match actual shape of {2} for output output[m
[0;93m2026-05-02 20:48:29.834707 [W:onnxruntime:, execution_frame.cc:870 VerifyOutputSizes] Expected shape from model of {} does not match actual shape of {2} for output output[m
[0;93m2026-05-02 20:48:29.859382 [W:onnxruntime:, execution_frame.cc:870 VerifyOutputSizes] Expected shape from model of {} does not match actual shape of {2} for output output[m
[0;93m2026-05-02 20:48:29.899745 [W:onnxruntime:, execution_frame.cc:870 VerifyOutputSizes] Expected shape from model of {} does not match actual shape of {2} for output output[m
[0;93m2026-05-02 20:48:29.943780 [W:onnxruntime:, execution_frame.cc:870 VerifyOutputSizes] Expected shape from model of {} does not match actual shape of {2} for output output[m
[0;93m2026-05-02 20:48:29.985250 [W:onnxruntime:, execution_frame.cc:870 VerifyOutputSizes] Expected shape from model of {} does not match actual shape of {2} for output output[m
[0;93m2026-05-02 20:48:30.024201 [W:onnxruntime:, execution_frame.cc:870 VerifyOutputSizes] Expected shape from model of {} does not match actual shape of {2} for output output[m
[0;93m2026-05-02 20:48:30.066698 [W:onnxruntime:, execution_frame.cc:870 VerifyOutputSizes] Expected shape from model of {} does not match actual shape of {2} for output output[m
[0;93m2026-05-02 20:48:30.106766 [W:onnxruntime:, execution_frame.cc:870 VerifyOutputSizes] Expected shape from model of {} does not match actual shape of {2} for output output[m
[0;93m2026-05-02 20:48:30.147655 [W:onnxruntime:, execution_frame.cc:870 VerifyOutputSizes] Expected shape from model of {} does not match actual shape of {2} for output output[m
[0;93m2026-05-02 20:48:30.177189 [W:onnxruntime:, execution_frame.cc:870 VerifyOutputSizes] Expected shape from model of {} does not match actual shape of {2} for output output[m
[0;93m2026-05-02 20:48:30.216210 [W:onnxruntime:, execution_frame.cc:870 VerifyOutputSizes] Expected shape from model of {} does not match actual shape of {2} for output output[m
[0;93m2026-05-02 20:48:30.255847 [W:onnxruntime:, execution_frame.cc:870 VerifyOutputSizes] Expected shape from model of {} does not match actual shape of {2} for output output[m
[0;93m2026-05-02 20:48:30.280555 [W:onnxruntime:, execution_frame.cc:870 VerifyOutputSizes] Expected shape from model of {} does not match actual shape of {2} for output output[m
[0;93m2026-05-02 20:48:30.324351 [W:onnxruntime:, execution_frame.cc:870 VerifyOutputSizes] Expected shape from model of {} does not match actual shape of {2} for output output[m
[0;93m2026-05-02 20:48:30.363810 [W:onnxruntime:, execution_frame.cc:870 VerifyOutputSizes] Expected shape from model of {} does not match actual shape of {2} for output output[m
[0;93m2026-05-02 20:48:30.389315 [W:onnxruntime:, execution_frame.cc:870 VerifyOutputSizes] Expected shape from model of {} does not match actual shape of {2} for output output[m
[0;93m2026-05-02 20:48:30.427077 [W:onnxruntime:, execution_frame.cc:870 VerifyOutputSizes] Expected shape from model of {} does not match actual shape of {2} for output output[m
[0;93m2026-05-02 20:48:30.450253 [W:onnxruntime:, execution_frame.cc:870 VerifyOutputSizes] Expected shape from model of {} does not match actual shape of {2} for output output[m
[0;93m2026-05-02 20:48:30.494272 [W:onnxruntime:, execution_frame.cc:870 VerifyOutputSizes] Expected shape from model of {} does not match actual shape of {2} for output output[m
[0;93m2026-05-02 20:48:30.536115 [W:onnxruntime:, execution_frame.cc:870 VerifyOutputSizes] Expected shape from model of {} does not match actual shape of {2} for output output[m
  250/800
[0;93m2026-05-02 20:48:30.572826 [W:onnxruntime:, execution_frame.cc:870 VerifyOutputSizes] Expected shape from model of {} does not match actual shape of {2} for output output[m
[0;93m2026-05-02 20:48:30.595881 [W:onnxruntime:, execution_frame.cc:870 VerifyOutputSizes] Expected shape from model of {} does not match actual shape of {2} for output output[m
[0;93m2026-05-02 20:48:30.619718 [W:onnxruntime:, execution_frame.cc:870 VerifyOutputSizes] Expected shape from model of {} does not match actual shape of {2} for output output[m
[0;93m2026-05-02 20:48:30.660298 [W:onnxruntime:, execution_frame.cc:870 VerifyOutputSizes] Expected shape from model of {} does not match actual shape of {2} for output output[m
[0;93m2026-05-02 20:48:30.693612 [W:onnxruntime:, execution_frame.cc:870 VerifyOutputSizes] Expected shape from model of {} does not match actual shape of {2} for output output[m
[0;93m2026-05-02 20:48:30.716200 [W:onnxruntime:, execution_frame.cc:870 VerifyOutputSizes] Expected shape from model of {} does not match actual shape of {2} for output output[m
[0;93m2026-05-02 20:48:30.752259 [W:onnxruntime:, execution_frame.cc:870 VerifyOutputSizes] Expected shape from model of {} does not match actual shape of {2} for output output[m
[0;93m2026-05-02 20:48:30.792421 [W:onnxruntime:, execution_frame.cc:870 VerifyOutputSizes] Expected shape from model of {} does not match actual shape of {2} for output output[m
[0;93m2026-05-02 20:48:30.829570 [W:onnxruntime:, execution_frame.cc:870 VerifyOutputSizes] Expected shape from model of {} does not match actual shape of {2} for output output[m
[0;93m2026-05-02 20:48:30.864903 [W:onnxruntime:, execution_frame.cc:870 VerifyOutputSizes] Expected shape from model of {} does not match actual shape of {2} for output output[m
[0;93m2026-05-02 20:48:30.887594 [W:onnxruntime:, execution_frame.cc:870 VerifyOutputSizes] Expected shape from model of {} does not match actual shape of {2} for output output[m
[0;93m2026-05-02 20:48:30.909580 [W:onnxruntime:, execution_frame.cc:870 VerifyOutputSizes] Expected shape from model of {} does not match actual shape of {2} for output output[m
[0;93m2026-05-02 20:48:30.948534 [W:onnxruntime:, execution_frame.cc:870 VerifyOutputSizes] Expected shape from model of {} does not match actual shape of {2} for output output[m
[0;93m2026-05-02 20:48:30.988137 [W:onnxruntime:, execution_frame.cc:870 VerifyOutputSizes] Expected shape from model of {} does not match actual shape of {2} for output output[m
[0;93m2026-05-02 20:48:31.025228 [W:onnxruntime:, execution_frame.cc:870 VerifyOutputSizes] Expected shape from model of {} does not match actual shape of {2} for output output[m
[0;93m2026-05-02 20:48:31.046865 [W:onnxruntime:, execution_frame.cc:870 VerifyOutputSizes] Expected shape from model of {} does not match actual shape of {2} for output output[m
[0;93m2026-05-02 20:48:31.083704 [W:onnxruntime:, execution_frame.cc:870 VerifyOutputSizes] Expected shape from model of {} does not match actual shape of {2} for output output[m
[0;93m2026-05-02 20:48:31.123336 [W:onnxruntime:, execution_frame.cc:870 VerifyOutputSizes] Expected shape from model of {} does not match actual shape of {2} for output output[m
[0;93m2026-05-02 20:48:31.160068 [W:onnxruntime:, execution_frame.cc:870 VerifyOutputSizes] Expected shape from model of {} does not match actual shape of {2} for output output[m
[0;93m2026-05-02 20:48:31.183239 [W:onnxruntime:, execution_frame.cc:870 VerifyOutputSizes] Expected shape from model of {} does not match actual shape of {2} for output output[m
[0;93m2026-05-02 20:48:31.223946 [W:onnxruntime:, execution_frame.cc:870 VerifyOutputSizes] Expected shape from model of {} does not match actual shape of {2} for output output[m
[0;93m2026-05-02 20:48:31.264846 [W:onnxruntime:, execution_frame.cc:870 VerifyOutputSizes] Expected shape from model of {} does not match actual shape of {2} for output output[m
[0;93m2026-05-02 20:48:31.288213 [W:onnxruntime:, execution_frame.cc:870 VerifyOutputSizes] Expected shape from model of {} does not match actual shape of {2} for output output[m
[0;93m2026-05-02 20:48:31.330055 [W:onnxruntime:, execution_frame.cc:870 VerifyOutputSizes] Expected shape from model of {} does not match actual shape of {2} for output output[m
[0;93m2026-05-02 20:48:31.369077 [W:onnxruntime:, execution_frame.cc:870 VerifyOutputSizes] Expected shape from model of {} does not match actual shape of {2} for output output[m
[0;93m2026-05-02 20:48:31.408836 [W:onnxruntime:, execution_frame.cc:870 VerifyOutputSizes] Expected shape from model of {} does not match actual shape of {2} for output output[m
[0;93m2026-05-02 20:48:31.447639 [W:onnxruntime:, execution_frame.cc:870 VerifyOutputSizes] Expected shape from model of {} does not match actual shape of {2} for output output[m
[0;93m2026-05-02 20:48:31.468809 [W:onnxruntime:, execution_frame.cc:870 VerifyOutputSizes] Expected shape from model of {} does not match actual shape of {2} for output output[m
[0;93m2026-05-02 20:48:31.491111 [W:onnxruntime:, execution_frame.cc:870 VerifyOutputSizes] Expected shape from model of {} does not match actual shape of {2} for output output[m
[0;93m2026-05-02 20:48:31.529300 [W:onnxruntime:, execution_frame.cc:870 VerifyOutputSizes] Expected shape from model of {} does not match actual shape of {2} for output output[m
[0;93m2026-05-02 20:48:31.553864 [W:onnxruntime:, execution_frame.cc:870 VerifyOutputSizes] Expected shape from model of {} does not match actual shape of {2} for output output[m
[0;93m2026-05-02 20:48:31.575897 [W:onnxruntime:, execution_frame.cc:870 VerifyOutputSizes] Expected shape from model of {} does not match actual shape of {2} for output output[m
[0;93m2026-05-02 20:48:31.615476 [W:onnxruntime:, execution_frame.cc:870 VerifyOutputSizes] Expected shape from model of {} does not match actual shape of {2} for output output[m
[0;93m2026-05-02 20:48:31.651878 [W:onnxruntime:, execution_frame.cc:870 VerifyOutputSizes] Expected shape from model of {} does not match actual shape of {2} for output output[m
[0;93m2026-05-02 20:48:31.676195 [W:onnxruntime:, execution_frame.cc:870 VerifyOutputSizes] Expected shape from model of {} does not match actual shape of {2} for output output[m
[0;93m2026-05-02 20:48:31.717063 [W:onnxruntime:, execution_frame.cc:870 VerifyOutputSizes] Expected shape from model of {} does not match actual shape of {2} for output output[m
[0;93m2026-05-02 20:48:31.760391 [W:onnxruntime:, execution_frame.cc:870 VerifyOutputSizes] Expected shape from model of {} does not match actual shape of {2} for output output[m
[0;93m2026-05-02 20:48:31.785728 [W:onnxruntime:, execution_frame.cc:870 VerifyOutputSizes] Expected shape from model of {} does not match actual shape of {2} for output output[m
[0;93m2026-05-02 20:48:31.824269 [W:onnxruntime:, execution_frame.cc:870 VerifyOutputSizes] Expected shape from model of {} does not match actual shape of {2} for output output[m
[0;93m2026-05-02 20:48:31.865806 [W:onnxruntime:, execution_frame.cc:870 VerifyOutputSizes] Expected shape from model of {} does not match actual shape of {2} for output output[m
[0;93m2026-05-02 20:48:31.904024 [W:onnxruntime:, execution_frame.cc:870 VerifyOutputSizes] Expected shape from model of {} does not match actual shape of {2} for output output[m
[0;93m2026-05-02 20:48:31.942574 [W:onnxruntime:, execution_frame.cc:870 VerifyOutputSizes] Expected shape from model of {} does not match actual shape of {2} for output output[m
[0;93m2026-05-02 20:48:31.981891 [W:onnxruntime:, execution_frame.cc:870 VerifyOutputSizes] Expected shape from model of {} does not match actual shape of {2} for output output[m
[0;93m2026-05-02 20:48:32.025815 [W:onnxruntime:, execution_frame.cc:870 VerifyOutputSizes] Expected shape from model of {} does not match actual shape of {2} for output output[m
[0;93m2026-05-02 20:48:32.065376 [W:onnxruntime:, execution_frame.cc:870 VerifyOutputSizes] Expected shape from model of {} does not match actual shape of {2} for output output[m
[0;93m2026-05-02 20:48:32.090570 [W:onnxruntime:, execution_frame.cc:870 VerifyOutputSizes] Expected shape from model of {} does not match actual shape of {2} for output output[m
[0;93m2026-05-02 20:48:32.131161 [W:onnxruntime:, execution_frame.cc:870 VerifyOutputSizes] Expected shape from model of {} does not match actual shape of {2} for output output[m
[0;93m2026-05-02 20:48:32.170104 [W:onnxruntime:, execution_frame.cc:870 VerifyOutputSizes] Expected shape from model of {} does not match actual shape of {2} for output output[m
[0;93m2026-05-02 20:48:32.208590 [W:onnxruntime:, execution_frame.cc:870 VerifyOutputSizes] Expected shape from model of {} does not match actual shape of {2} for output output[m
[0;93m2026-05-02 20:48:32.247390 [W:onnxruntime:, execution_frame.cc:870 VerifyOutputSizes] Expected shape from model of {} does not match actual shape of {2} for output output[m
  300/800
[0;93m2026-05-02 20:48:32.288760 [W:onnxruntime:, execution_frame.cc:870 VerifyOutputSizes] Expected shape from model of {} does not match actual shape of {2} for output output[m
[0;93m2026-05-02 20:48:32.313644 [W:onnxruntime:, execution_frame.cc:870 VerifyOutputSizes] Expected shape from model of {} does not match actual shape of {2} for output output[m
[0;93m2026-05-02 20:48:32.355023 [W:onnxruntime:, execution_frame.cc:870 VerifyOutputSizes] Expected shape from model of {} does not match actual shape of {2} for output output[m
[0;93m2026-05-02 20:48:32.395996 [W:onnxruntime:, execution_frame.cc:870 VerifyOutputSizes] Expected shape from model of {} does not match actual shape of {2} for output output[m
[0;93m2026-05-02 20:48:32.435219 [W:onnxruntime:, execution_frame.cc:870 VerifyOutputSizes] Expected shape from model of {} does not match actual shape of {2} for output output[m
[0;93m2026-05-02 20:48:32.457898 [W:onnxruntime:, execution_frame.cc:870 VerifyOutputSizes] Expected shape from model of {} does not match actual shape of {2} for output output[m
[0;93m2026-05-02 20:48:32.499561 [W:onnxruntime:, execution_frame.cc:870 VerifyOutputSizes] Expected shape from model of {} does not match actual shape of {2} for output output[m
[0;93m2026-05-02 20:48:32.540991 [W:onnxruntime:, execution_frame.cc:870 VerifyOutputSizes] Expected shape from model of {} does not match actual shape of {2} for output output[m
[0;93m2026-05-02 20:48:32.583394 [W:onnxruntime:, execution_frame.cc:870 VerifyOutputSizes] Expected shape from model of {} does not match actual shape of {2} for output output[m
[0;93m2026-05-02 20:48:32.625804 [W:onnxruntime:, execution_frame.cc:870 VerifyOutputSizes] Expected shape from model of {} does not match actual shape of {2} for output output[m
[0;93m2026-05-02 20:48:32.651665 [W:onnxruntime:, execution_frame.cc:870 VerifyOutputSizes] Expected shape from model of {} does not match actual shape of {2} for output output[m
[0;93m2026-05-02 20:48:32.693124 [W:onnxruntime:, execution_frame.cc:870 VerifyOutputSizes] Expected shape from model of {} does not match actual shape of {2} for output output[m
[0;93m2026-05-02 20:48:32.735418 [W:onnxruntime:, execution_frame.cc:870 VerifyOutputSizes] Expected shape from model of {} does not match actual shape of {2} for output output[m
[0;93m2026-05-02 20:48:32.779317 [W:onnxruntime:, execution_frame.cc:870 VerifyOutputSizes] Expected shape from model of {} does not match actual shape of {2} for output output[m
[0;93m2026-05-02 20:48:32.820861 [W:onnxruntime:, execution_frame.cc:870 VerifyOutputSizes] Expected shape from model of {} does not match actual shape of {2} for output output[m
[0;93m2026-05-02 20:48:32.864001 [W:onnxruntime:, execution_frame.cc:870 VerifyOutputSizes] Expected shape from model of {} does not match actual shape of {2} for output output[m
[0;93m2026-05-02 20:48:32.906983 [W:onnxruntime:, execution_frame.cc:870 VerifyOutputSizes] Expected shape from model of {} does not match actual shape of {2} for output output[m
[0;93m2026-05-02 20:48:32.953600 [W:onnxruntime:, execution_frame.cc:870 VerifyOutputSizes] Expected shape from model of {} does not match actual shape of {2} for output output[m
[0;93m2026-05-02 20:48:32.997223 [W:onnxruntime:, execution_frame.cc:870 VerifyOutputSizes] Expected shape from model of {} does not match actual shape of {2} for output output[m
[0;93m2026-05-02 20:48:33.040119 [W:onnxruntime:, execution_frame.cc:870 VerifyOutputSizes] Expected shape from model of {} does not match actual shape of {2} for output output[m
[0;93m2026-05-02 20:48:33.081114 [W:onnxruntime:, execution_frame.cc:870 VerifyOutputSizes] Expected shape from model of {} does not match actual shape of {2} for output output[m
[0;93m2026-05-02 20:48:33.124299 [W:onnxruntime:, execution_frame.cc:870 VerifyOutputSizes] Expected shape from model of {} does not match actual shape of {2} for output output[m
[0;93m2026-05-02 20:48:33.163868 [W:onnxruntime:, execution_frame.cc:870 VerifyOutputSizes] Expected shape from model of {} does not match actual shape of {2} for output output[m
[0;93m2026-05-02 20:48:33.200692 [W:onnxruntime:, execution_frame.cc:870 VerifyOutputSizes] Expected shape from model of {} does not match actual shape of {2} for output output[m
[0;93m2026-05-02 20:48:33.224095 [W:onnxruntime:, execution_frame.cc:870 VerifyOutputSizes] Expected shape from model of {} does not match actual shape of {2} for output output[m
[0;93m2026-05-02 20:48:33.262807 [W:onnxruntime:, execution_frame.cc:870 VerifyOutputSizes] Expected shape from model of {} does not match actual shape of {2} for output output[m
[0;93m2026-05-02 20:48:33.299343 [W:onnxruntime:, execution_frame.cc:870 VerifyOutputSizes] Expected shape from model of {} does not match actual shape of {2} for output output[m
[0;93m2026-05-02 20:48:33.337531 [W:onnxruntime:, execution_frame.cc:870 VerifyOutputSizes] Expected shape from model of {} does not match actual shape of {2} for output output[m
[0;93m2026-05-02 20:48:33.360798 [W:onnxruntime:, execution_frame.cc:870 VerifyOutputSizes] Expected shape from model of {} does not match actual shape of {2} for output output[m
[0;93m2026-05-02 20:48:33.400018 [W:onnxruntime:, execution_frame.cc:870 VerifyOutputSizes] Expected shape from model of {} does not match actual shape of {2} for output output[m
[0;93m2026-05-02 20:48:33.440113 [W:onnxruntime:, execution_frame.cc:870 VerifyOutputSizes] Expected shape from model of {} does not match actual shape of {2} for output output[m
[0;93m2026-05-02 20:48:33.477204 [W:onnxruntime:, execution_frame.cc:870 VerifyOutputSizes] Expected shape from model of {} does not match actual shape of {2} for output output[m
[0;93m2026-05-02 20:48:33.512979 [W:onnxruntime:, execution_frame.cc:870 VerifyOutputSizes] Expected shape from model of {} does not match actual shape of {2} for output output[m
[0;93m2026-05-02 20:48:33.552938 [W:onnxruntime:, execution_frame.cc:870 VerifyOutputSizes] Expected shape from model of {} does not match actual shape of {2} for output output[m
[0;93m2026-05-02 20:48:33.576172 [W:onnxruntime:, execution_frame.cc:870 VerifyOutputSizes] Expected shape from model of {} does not match actual shape of {2} for output output[m
[0;93m2026-05-02 20:48:33.614632 [W:onnxruntime:, execution_frame.cc:870 VerifyOutputSizes] Expected shape from model of {} does not match actual shape of {2} for output output[m
[0;93m2026-05-02 20:48:33.654743 [W:onnxruntime:, execution_frame.cc:870 VerifyOutputSizes] Expected shape from model of {} does not match actual shape of {2} for output output[m
[0;93m2026-05-02 20:48:33.697187 [W:onnxruntime:, execution_frame.cc:870 VerifyOutputSizes] Expected shape from model of {} does not match actual shape of {2} for output output[m
[0;93m2026-05-02 20:48:33.739104 [W:onnxruntime:, execution_frame.cc:870 VerifyOutputSizes] Expected shape from model of {} does not match actual shape of {2} for output output[m
[0;93m2026-05-02 20:48:33.777123 [W:onnxruntime:, execution_frame.cc:870 VerifyOutputSizes] Expected shape from model of {} does not match actual shape of {2} for output output[m
[0;93m2026-05-02 20:48:33.819539 [W:onnxruntime:, execution_frame.cc:870 VerifyOutputSizes] Expected shape from model of {} does not match actual shape of {2} for output output[m
[0;93m2026-05-02 20:48:33.860950 [W:onnxruntime:, execution_frame.cc:870 VerifyOutputSizes] Expected shape from model of {} does not match actual shape of {2} for output output[m
[0;93m2026-05-02 20:48:33.901911 [W:onnxruntime:, execution_frame.cc:870 VerifyOutputSizes] Expected shape from model of {} does not match actual shape of {2} for output output[m
[0;93m2026-05-02 20:48:33.943671 [W:onnxruntime:, execution_frame.cc:870 VerifyOutputSizes] Expected shape from model of {} does not match actual shape of {2} for output output[m
[0;93m2026-05-02 20:48:33.968460 [W:onnxruntime:, execution_frame.cc:870 VerifyOutputSizes] Expected shape from model of {} does not match actual shape of {2} for output output[m
[0;93m2026-05-02 20:48:34.008489 [W:onnxruntime:, execution_frame.cc:870 VerifyOutputSizes] Expected shape from model of {} does not match actual shape of {2} for output output[m
[0;93m2026-05-02 20:48:34.050662 [W:onnxruntime:, execution_frame.cc:870 VerifyOutputSizes] Expected shape from model of {} does not match actual shape of {2} for output output[m
[0;93m2026-05-02 20:48:34.074851 [W:onnxruntime:, execution_frame.cc:870 VerifyOutputSizes] Expected shape from model of {} does not match actual shape of {2} for output output[m
[0;93m2026-05-02 20:48:34.119110 [W:onnxruntime:, execution_frame.cc:870 VerifyOutputSizes] Expected shape from model of {} does not match actual shape of {2} for output output[m
[0;93m2026-05-02 20:48:34.160803 [W:onnxruntime:, execution_frame.cc:870 VerifyOutputSizes] Expected shape from model of {} does not match actual shape of {2} for output output[m
  350/800
[0;93m2026-05-02 20:48:34.202528 [W:onnxruntime:, execution_frame.cc:870 VerifyOutputSizes] Expected shape from model of {} does not match actual shape of {2} for output output[m
[0;93m2026-05-02 20:48:34.244762 [W:onnxruntime:, execution_frame.cc:870 VerifyOutputSizes] Expected shape from model of {} does not match actual shape of {2} for output output[m
[0;93m2026-05-02 20:48:34.267548 [W:onnxruntime:, execution_frame.cc:870 VerifyOutputSizes] Expected shape from model of {} does not match actual shape of {2} for output output[m
[0;93m2026-05-02 20:48:34.307992 [W:onnxruntime:, execution_frame.cc:870 VerifyOutputSizes] Expected shape from model of {} does not match actual shape of {2} for output output[m
[0;93m2026-05-02 20:48:34.333171 [W:onnxruntime:, execution_frame.cc:870 VerifyOutputSizes] Expected shape from model of {} does not match actual shape of {2} for output output[m
[0;93m2026-05-02 20:48:34.374428 [W:onnxruntime:, execution_frame.cc:870 VerifyOutputSizes] Expected shape from model of {} does not match actual shape of {2} for output output[m
[0;93m2026-05-02 20:48:34.415196 [W:onnxruntime:, execution_frame.cc:870 VerifyOutputSizes] Expected shape from model of {} does not match actual shape of {2} for output output[m
[0;93m2026-05-02 20:48:34.457982 [W:onnxruntime:, execution_frame.cc:870 VerifyOutputSizes] Expected shape from model of {} does not match actual shape of {2} for output output[m
[0;93m2026-05-02 20:48:34.500343 [W:onnxruntime:, execution_frame.cc:870 VerifyOutputSizes] Expected shape from model of {} does not match actual shape of {2} for output output[m
[0;93m2026-05-02 20:48:34.524538 [W:onnxruntime:, execution_frame.cc:870 VerifyOutputSizes] Expected shape from model of {} does not match actual shape of {2} for output output[m
[0;93m2026-05-02 20:48:34.567616 [W:onnxruntime:, execution_frame.cc:870 VerifyOutputSizes] Expected shape from model of {} does not match actual shape of {2} for output output[m
[0;93m2026-05-02 20:48:34.609559 [W:onnxruntime:, execution_frame.cc:870 VerifyOutputSizes] Expected shape from model of {} does not match actual shape of {2} for output output[m
[0;93m2026-05-02 20:48:34.651642 [W:onnxruntime:, execution_frame.cc:870 VerifyOutputSizes] Expected shape from model of {} does not match actual shape of {2} for output output[m
[0;93m2026-05-02 20:48:34.690223 [W:onnxruntime:, execution_frame.cc:870 VerifyOutputSizes] Expected shape from model of {} does not match actual shape of {2} for output output[m
[0;93m2026-05-02 20:48:34.715466 [W:onnxruntime:, execution_frame.cc:870 VerifyOutputSizes] Expected shape from model of {} does not match actual shape of {2} for output output[m
[0;93m2026-05-02 20:48:34.759539 [W:onnxruntime:, execution_frame.cc:870 VerifyOutputSizes] Expected shape from model of {} does not match actual shape of {2} for output output[m
[0;93m2026-05-02 20:48:34.802310 [W:onnxruntime:, execution_frame.cc:870 VerifyOutputSizes] Expected shape from model of {} does not match actual shape of {2} for output output[m
[0;93m2026-05-02 20:48:34.843153 [W:onnxruntime:, execution_frame.cc:870 VerifyOutputSizes] Expected shape from model of {} does not match actual shape of {2} for output output[m
[0;93m2026-05-02 20:48:34.886565 [W:onnxruntime:, execution_frame.cc:870 VerifyOutputSizes] Expected shape from model of {} does not match actual shape of {2} for output output[m
[0;93m2026-05-02 20:48:34.930418 [W:onnxruntime:, execution_frame.cc:870 VerifyOutputSizes] Expected shape from model of {} does not match actual shape of {2} for output output[m
[0;93m2026-05-02 20:48:34.975229 [W:onnxruntime:, execution_frame.cc:870 VerifyOutputSizes] Expected shape from model of {} does not match actual shape of {2} for output output[m
[0;93m2026-05-02 20:48:35.015040 [W:onnxruntime:, execution_frame.cc:870 VerifyOutputSizes] Expected shape from model of {} does not match actual shape of {2} for output output[m
[0;93m2026-05-02 20:48:35.053274 [W:onnxruntime:, execution_frame.cc:870 VerifyOutputSizes] Expected shape from model of {} does not match actual shape of {2} for output output[m
[0;93m2026-05-02 20:48:35.078514 [W:onnxruntime:, execution_frame.cc:870 VerifyOutputSizes] Expected shape from model of {} does not match actual shape of {2} for output output[m
[0;93m2026-05-02 20:48:35.118335 [W:onnxruntime:, execution_frame.cc:870 VerifyOutputSizes] Expected shape from model of {} does not match actual shape of {2} for output output[m
[0;93m2026-05-02 20:48:35.165101 [W:onnxruntime:, execution_frame.cc:870 VerifyOutputSizes] Expected shape from model of {} does not match actual shape of {2} for output output[m
[0;93m2026-05-02 20:48:35.207422 [W:onnxruntime:, execution_frame.cc:870 VerifyOutputSizes] Expected shape from model of {} does not match actual shape of {2} for output output[m
[0;93m2026-05-02 20:48:35.246572 [W:onnxruntime:, execution_frame.cc:870 VerifyOutputSizes] Expected shape from model of {} does not match actual shape of {2} for output output[m
[0;93m2026-05-02 20:48:35.286763 [W:onnxruntime:, execution_frame.cc:870 VerifyOutputSizes] Expected shape from model of {} does not match actual shape of {2} for output output[m
[0;93m2026-05-02 20:48:35.312745 [W:onnxruntime:, execution_frame.cc:870 VerifyOutputSizes] Expected shape from model of {} does not match actual shape of {2} for output output[m
[0;93m2026-05-02 20:48:35.353790 [W:onnxruntime:, execution_frame.cc:870 VerifyOutputSizes] Expected shape from model of {} does not match actual shape of {2} for output output[m
[0;93m2026-05-02 20:48:35.394861 [W:onnxruntime:, execution_frame.cc:870 VerifyOutputSizes] Expected shape from model of {} does not match actual shape of {2} for output output[m
[0;93m2026-05-02 20:48:35.420499 [W:onnxruntime:, execution_frame.cc:870 VerifyOutputSizes] Expected shape from model of {} does not match actual shape of {2} for output output[m
[0;93m2026-05-02 20:48:35.461515 [W:onnxruntime:, execution_frame.cc:870 VerifyOutputSizes] Expected shape from model of {} does not match actual shape of {2} for output output[m
[0;93m2026-05-02 20:48:35.501025 [W:onnxruntime:, execution_frame.cc:870 VerifyOutputSizes] Expected shape from model of {} does not match actual shape of {2} for output output[m
[0;93m2026-05-02 20:48:35.527000 [W:onnxruntime:, execution_frame.cc:870 VerifyOutputSizes] Expected shape from model of {} does not match actual shape of {2} for output output[m
[0;93m2026-05-02 20:48:35.567168 [W:onnxruntime:, execution_frame.cc:870 VerifyOutputSizes] Expected shape from model of {} does not match actual shape of {2} for output output[m
[0;93m2026-05-02 20:48:35.609529 [W:onnxruntime:, execution_frame.cc:870 VerifyOutputSizes] Expected shape from model of {} does not match actual shape of {2} for output output[m
[0;93m2026-05-02 20:48:35.652452 [W:onnxruntime:, execution_frame.cc:870 VerifyOutputSizes] Expected shape from model of {} does not match actual shape of {2} for output output[m
[0;93m2026-05-02 20:48:35.691709 [W:onnxruntime:, execution_frame.cc:870 VerifyOutputSizes] Expected shape from model of {} does not match actual shape of {2} for output output[m
[0;93m2026-05-02 20:48:35.729608 [W:onnxruntime:, execution_frame.cc:870 VerifyOutputSizes] Expected shape from model of {} does not match actual shape of {2} for output output[m
[0;93m2026-05-02 20:48:35.770117 [W:onnxruntime:, execution_frame.cc:870 VerifyOutputSizes] Expected shape from model of {} does not match actual shape of {2} for output output[m
[0;93m2026-05-02 20:48:35.809832 [W:onnxruntime:, execution_frame.cc:870 VerifyOutputSizes] Expected shape from model of {} does not match actual shape of {2} for output output[m
[0;93m2026-05-02 20:48:35.845877 [W:onnxruntime:, execution_frame.cc:870 VerifyOutputSizes] Expected shape from model of {} does not match actual shape of {2} for output output[m
[0;93m2026-05-02 20:48:35.885652 [W:onnxruntime:, execution_frame.cc:870 VerifyOutputSizes] Expected shape from model of {} does not match actual shape of {2} for output output[m
[0;93m2026-05-02 20:48:35.925479 [W:onnxruntime:, execution_frame.cc:870 VerifyOutputSizes] Expected shape from model of {} does not match actual shape of {2} for output output[m
[0;93m2026-05-02 20:48:35.961084 [W:onnxruntime:, execution_frame.cc:870 VerifyOutputSizes] Expected shape from model of {} does not match actual shape of {2} for output output[m
[0;93m2026-05-02 20:48:36.001094 [W:onnxruntime:, execution_frame.cc:870 VerifyOutputSizes] Expected shape from model of {} does not match actual shape of {2} for output output[m
[0;93m2026-05-02 20:48:36.039619 [W:onnxruntime:, execution_frame.cc:870 VerifyOutputSizes] Expected shape from model of {} does not match actual shape of {2} for output output[m
[0;93m2026-05-02 20:48:36.077496 [W:onnxruntime:, execution_frame.cc:870 VerifyOutputSizes] Expected shape from model of {} does not match actual shape of {2} for output output[m
  400/800
[0;93m2026-05-02 20:48:36.100577 [W:onnxruntime:, execution_frame.cc:870 VerifyOutputSizes] Expected shape from model of {} does not match actual shape of {2} for output output[m
[0;93m2026-05-02 20:48:36.136542 [W:onnxruntime:, execution_frame.cc:870 VerifyOutputSizes] Expected shape from model of {} does not match actual shape of {2} for output output[m
[0;93m2026-05-02 20:48:36.176472 [W:onnxruntime:, execution_frame.cc:870 VerifyOutputSizes] Expected shape from model of {} does not match actual shape of {2} for output output[m
[0;93m2026-05-02 20:48:36.212486 [W:onnxruntime:, execution_frame.cc:870 VerifyOutputSizes] Expected shape from model of {} does not match actual shape of {2} for output output[m
[0;93m2026-05-02 20:48:36.255213 [W:onnxruntime:, execution_frame.cc:870 VerifyOutputSizes] Expected shape from model of {} does not match actual shape of {2} for output output[m
[0;93m2026-05-02 20:48:36.292645 [W:onnxruntime:, execution_frame.cc:870 VerifyOutputSizes] Expected shape from model of {} does not match actual shape of {2} for output output[m
[0;93m2026-05-02 20:48:36.329135 [W:onnxruntime:, execution_frame.cc:870 VerifyOutputSizes] Expected shape from model of {} does not match actual shape of {2} for output output[m
[0;93m2026-05-02 20:48:36.369517 [W:onnxruntime:, execution_frame.cc:870 VerifyOutputSizes] Expected shape from model of {} does not match actual shape of {2} for output output[m
[0;93m2026-05-02 20:48:36.408311 [W:onnxruntime:, execution_frame.cc:870 VerifyOutputSizes] Expected shape from model of {} does not match actual shape of {2} for output output[m
[0;93m2026-05-02 20:48:36.447433 [W:onnxruntime:, execution_frame.cc:870 VerifyOutputSizes] Expected shape from model of {} does not match actual shape of {2} for output output[m
[0;93m2026-05-02 20:48:36.472224 [W:onnxruntime:, execution_frame.cc:870 VerifyOutputSizes] Expected shape from model of {} does not match actual shape of {2} for output output[m
[0;93m2026-05-02 20:48:36.511664 [W:onnxruntime:, execution_frame.cc:870 VerifyOutputSizes] Expected shape from model of {} does not match actual shape of {2} for output output[m
[0;93m2026-05-02 20:48:36.554267 [W:onnxruntime:, execution_frame.cc:870 VerifyOutputSizes] Expected shape from model of {} does not match actual shape of {2} for output output[m
[0;93m2026-05-02 20:48:36.594652 [W:onnxruntime:, execution_frame.cc:870 VerifyOutputSizes] Expected shape from model of {} does not match actual shape of {2} for output output[m
[0;93m2026-05-02 20:48:36.618269 [W:onnxruntime:, execution_frame.cc:870 VerifyOutputSizes] Expected shape from model of {} does not match actual shape of {2} for output output[m
[0;93m2026-05-02 20:48:36.657894 [W:onnxruntime:, execution_frame.cc:870 VerifyOutputSizes] Expected shape from model of {} does not match actual shape of {2} for output output[m
[0;93m2026-05-02 20:48:36.697958 [W:onnxruntime:, execution_frame.cc:870 VerifyOutputSizes] Expected shape from model of {} does not match actual shape of {2} for output output[m
[0;93m2026-05-02 20:48:36.736594 [W:onnxruntime:, execution_frame.cc:870 VerifyOutputSizes] Expected shape from model of {} does not match actual shape of {2} for output output[m
[0;93m2026-05-02 20:48:36.779694 [W:onnxruntime:, execution_frame.cc:870 VerifyOutputSizes] Expected shape from model of {} does not match actual shape of {2} for output output[m
[0;93m2026-05-02 20:48:36.822737 [W:onnxruntime:, execution_frame.cc:870 VerifyOutputSizes] Expected shape from model of {} does not match actual shape of {2} for output output[m
[0;93m2026-05-02 20:48:36.862473 [W:onnxruntime:, execution_frame.cc:870 VerifyOutputSizes] Expected shape from model of {} does not match actual shape of {2} for output output[m
[0;93m2026-05-02 20:48:36.887019 [W:onnxruntime:, execution_frame.cc:870 VerifyOutputSizes] Expected shape from model of {} does not match actual shape of {2} for output output[m
[0;93m2026-05-02 20:48:36.911769 [W:onnxruntime:, execution_frame.cc:870 VerifyOutputSizes] Expected shape from model of {} does not match actual shape of {2} for output output[m
[0;93m2026-05-02 20:48:36.937829 [W:onnxruntime:, execution_frame.cc:870 VerifyOutputSizes] Expected shape from model of {} does not match actual shape of {2} for output output[m
[0;93m2026-05-02 20:48:36.977047 [W:onnxruntime:, execution_frame.cc:870 VerifyOutputSizes] Expected shape from model of {} does not match actual shape of {2} for output output[m
[0;93m2026-05-02 20:48:37.001787 [W:onnxruntime:, execution_frame.cc:870 VerifyOutputSizes] Expected shape from model of {} does not match actual shape of {2} for output output[m
[0;93m2026-05-02 20:48:37.043327 [W:onnxruntime:, execution_frame.cc:870 VerifyOutputSizes] Expected shape from model of {} does not match actual shape of {2} for output output[m
[0;93m2026-05-02 20:48:37.083913 [W:onnxruntime:, execution_frame.cc:870 VerifyOutputSizes] Expected shape from model of {} does not match actual shape of {2} for output output[m
[0;93m2026-05-02 20:48:37.120473 [W:onnxruntime:, execution_frame.cc:870 VerifyOutputSizes] Expected shape from model of {} does not match actual shape of {2} for output output[m
[0;93m2026-05-02 20:48:37.160357 [W:onnxruntime:, execution_frame.cc:870 VerifyOutputSizes] Expected shape from model of {} does not match actual shape of {2} for output output[m
[0;93m2026-05-02 20:48:37.200188 [W:onnxruntime:, execution_frame.cc:870 VerifyOutputSizes] Expected shape from model of {} does not match actual shape of {2} for output output[m
[0;93m2026-05-02 20:48:37.240865 [W:onnxruntime:, execution_frame.cc:870 VerifyOutputSizes] Expected shape from model of {} does not match actual shape of {2} for output output[m
[0;93m2026-05-02 20:48:37.283590 [W:onnxruntime:, execution_frame.cc:870 VerifyOutputSizes] Expected shape from model of {} does not match actual shape of {2} for output output[m
[0;93m2026-05-02 20:48:37.324786 [W:onnxruntime:, execution_frame.cc:870 VerifyOutputSizes] Expected shape from model of {} does not match actual shape of {2} for output output[m
[0;93m2026-05-02 20:48:37.364670 [W:onnxruntime:, execution_frame.cc:870 VerifyOutputSizes] Expected shape from model of {} does not match actual shape of {2} for output output[m
[0;93m2026-05-02 20:48:37.387444 [W:onnxruntime:, execution_frame.cc:870 VerifyOutputSizes] Expected shape from model of {} does not match actual shape of {2} for output output[m
[0;93m2026-05-02 20:48:37.429848 [W:onnxruntime:, execution_frame.cc:870 VerifyOutputSizes] Expected shape from model of {} does not match actual shape of {2} for output output[m
[0;93m2026-05-02 20:48:37.472473 [W:onnxruntime:, execution_frame.cc:870 VerifyOutputSizes] Expected shape from model of {} does not match actual shape of {2} for output output[m
[0;93m2026-05-02 20:48:37.513397 [W:onnxruntime:, execution_frame.cc:870 VerifyOutputSizes] Expected shape from model of {} does not match actual shape of {2} for output output[m
[0;93m2026-05-02 20:48:37.553166 [W:onnxruntime:, execution_frame.cc:870 VerifyOutputSizes] Expected shape from model of {} does not match actual shape of {2} for output output[m
[0;93m2026-05-02 20:48:37.596977 [W:onnxruntime:, execution_frame.cc:870 VerifyOutputSizes] Expected shape from model of {} does not match actual shape of {2} for output output[m
[0;93m2026-05-02 20:48:37.623040 [W:onnxruntime:, execution_frame.cc:870 VerifyOutputSizes] Expected shape from model of {} does not match actual shape of {2} for output output[m
[0;93m2026-05-02 20:48:37.664601 [W:onnxruntime:, execution_frame.cc:870 VerifyOutputSizes] Expected shape from model of {} does not match actual shape of {2} for output output[m
[0;93m2026-05-02 20:48:37.688485 [W:onnxruntime:, execution_frame.cc:870 VerifyOutputSizes] Expected shape from model of {} does not match actual shape of {2} for output output[m
[0;93m2026-05-02 20:48:37.732064 [W:onnxruntime:, execution_frame.cc:870 VerifyOutputSizes] Expected shape from model of {} does not match actual shape of {2} for output output[m
[0;93m2026-05-02 20:48:37.772048 [W:onnxruntime:, execution_frame.cc:870 VerifyOutputSizes] Expected shape from model of {} does not match actual shape of {2} for output output[m
[0;93m2026-05-02 20:48:37.812815 [W:onnxruntime:, execution_frame.cc:870 VerifyOutputSizes] Expected shape from model of {} does not match actual shape of {2} for output output[m
[0;93m2026-05-02 20:48:37.857039 [W:onnxruntime:, execution_frame.cc:870 VerifyOutputSizes] Expected shape from model of {} does not match actual shape of {2} for output output[m
[0;93m2026-05-02 20:48:37.896824 [W:onnxruntime:, execution_frame.cc:870 VerifyOutputSizes] Expected shape from model of {} does not match actual shape of {2} for output output[m
[0;93m2026-05-02 20:48:37.935506 [W:onnxruntime:, execution_frame.cc:870 VerifyOutputSizes] Expected shape from model of {} does not match actual shape of {2} for output output[m
  450/800
[0;93m2026-05-02 20:48:37.959200 [W:onnxruntime:, execution_frame.cc:870 VerifyOutputSizes] Expected shape from model of {} does not match actual shape of {2} for output output[m
[0;93m2026-05-02 20:48:37.984390 [W:onnxruntime:, execution_frame.cc:870 VerifyOutputSizes] Expected shape from model of {} does not match actual shape of {2} for output output[m
[0;93m2026-05-02 20:48:38.026358 [W:onnxruntime:, execution_frame.cc:870 VerifyOutputSizes] Expected shape from model of {} does not match actual shape of {2} for output output[m
[0;93m2026-05-02 20:48:38.069594 [W:onnxruntime:, execution_frame.cc:870 VerifyOutputSizes] Expected shape from model of {} does not match actual shape of {2} for output output[m
[0;93m2026-05-02 20:48:38.112595 [W:onnxruntime:, execution_frame.cc:870 VerifyOutputSizes] Expected shape from model of {} does not match actual shape of {2} for output output[m
[0;93m2026-05-02 20:48:38.137062 [W:onnxruntime:, execution_frame.cc:870 VerifyOutputSizes] Expected shape from model of {} does not match actual shape of {2} for output output[m
[0;93m2026-05-02 20:48:38.177186 [W:onnxruntime:, execution_frame.cc:870 VerifyOutputSizes] Expected shape from model of {} does not match actual shape of {2} for output output[m
[0;93m2026-05-02 20:48:38.216949 [W:onnxruntime:, execution_frame.cc:870 VerifyOutputSizes] Expected shape from model of {} does not match actual shape of {2} for output output[m
[0;93m2026-05-02 20:48:38.254824 [W:onnxruntime:, execution_frame.cc:870 VerifyOutputSizes] Expected shape from model of {} does not match actual shape of {2} for output output[m
[0;93m2026-05-02 20:48:38.277403 [W:onnxruntime:, execution_frame.cc:870 VerifyOutputSizes] Expected shape from model of {} does not match actual shape of {2} for output output[m
[0;93m2026-05-02 20:48:38.300857 [W:onnxruntime:, execution_frame.cc:870 VerifyOutputSizes] Expected shape from model of {} does not match actual shape of {2} for output output[m
[0;93m2026-05-02 20:48:38.339784 [W:onnxruntime:, execution_frame.cc:870 VerifyOutputSizes] Expected shape from model of {} does not match actual shape of {2} for output output[m
[0;93m2026-05-02 20:48:38.380820 [W:onnxruntime:, execution_frame.cc:870 VerifyOutputSizes] Expected shape from model of {} does not match actual shape of {2} for output output[m
[0;93m2026-05-02 20:48:38.417338 [W:onnxruntime:, execution_frame.cc:870 VerifyOutputSizes] Expected shape from model of {} does not match actual shape of {2} for output output[m
[0;93m2026-05-02 20:48:38.440816 [W:onnxruntime:, execution_frame.cc:870 VerifyOutputSizes] Expected shape from model of {} does not match actual shape of {2} for output output[m
[0;93m2026-05-02 20:48:38.478462 [W:onnxruntime:, execution_frame.cc:870 VerifyOutputSizes] Expected shape from model of {} does not match actual shape of {2} for output output[m
[0;93m2026-05-02 20:48:38.519247 [W:onnxruntime:, execution_frame.cc:870 VerifyOutputSizes] Expected shape from model of {} does not match actual shape of {2} for output output[m
[0;93m2026-05-02 20:48:38.558542 [W:onnxruntime:, execution_frame.cc:870 VerifyOutputSizes] Expected shape from model of {} does not match actual shape of {2} for output output[m
[0;93m2026-05-02 20:48:38.594838 [W:onnxruntime:, execution_frame.cc:870 VerifyOutputSizes] Expected shape from model of {} does not match actual shape of {2} for output output[m
[0;93m2026-05-02 20:48:38.630639 [W:onnxruntime:, execution_frame.cc:870 VerifyOutputSizes] Expected shape from model of {} does not match actual shape of {2} for output output[m
[0;93m2026-05-02 20:48:38.654492 [W:onnxruntime:, execution_frame.cc:870 VerifyOutputSizes] Expected shape from model of {} does not match actual shape of {2} for output output[m
[0;93m2026-05-02 20:48:38.693204 [W:onnxruntime:, execution_frame.cc:870 VerifyOutputSizes] Expected shape from model of {} does not match actual shape of {2} for output output[m
[0;93m2026-05-02 20:48:38.735781 [W:onnxruntime:, execution_frame.cc:870 VerifyOutputSizes] Expected shape from model of {} does not match actual shape of {2} for output output[m
[0;93m2026-05-02 20:48:38.774870 [W:onnxruntime:, execution_frame.cc:870 VerifyOutputSizes] Expected shape from model of {} does not match actual shape of {2} for output output[m
[0;93m2026-05-02 20:48:38.811998 [W:onnxruntime:, execution_frame.cc:870 VerifyOutputSizes] Expected shape from model of {} does not match actual shape of {2} for output output[m
[0;93m2026-05-02 20:48:38.853973 [W:onnxruntime:, execution_frame.cc:870 VerifyOutputSizes] Expected shape from model of {} does not match actual shape of {2} for output output[m
[0;93m2026-05-02 20:48:38.898770 [W:onnxruntime:, execution_frame.cc:870 VerifyOutputSizes] Expected shape from model of {} does not match actual shape of {2} for output output[m
[0;93m2026-05-02 20:48:38.938021 [W:onnxruntime:, execution_frame.cc:870 VerifyOutputSizes] Expected shape from model of {} does not match actual shape of {2} for output output[m
[0;93m2026-05-02 20:48:38.976895 [W:onnxruntime:, execution_frame.cc:870 VerifyOutputSizes] Expected shape from model of {} does not match actual shape of {2} for output output[m
[0;93m2026-05-02 20:48:39.015073 [W:onnxruntime:, execution_frame.cc:870 VerifyOutputSizes] Expected shape from model of {} does not match actual shape of {2} for output output[m
[0;93m2026-05-02 20:48:39.054361 [W:onnxruntime:, execution_frame.cc:870 VerifyOutputSizes] Expected shape from model of {} does not match actual shape of {2} for output output[m
[0;93m2026-05-02 20:48:39.094129 [W:onnxruntime:, execution_frame.cc:870 VerifyOutputSizes] Expected shape from model of {} does not match actual shape of {2} for output output[m
[0;93m2026-05-02 20:48:39.119261 [W:onnxruntime:, execution_frame.cc:870 VerifyOutputSizes] Expected shape from model of {} does not match actual shape of {2} for output output[m
[0;93m2026-05-02 20:48:39.157431 [W:onnxruntime:, execution_frame.cc:870 VerifyOutputSizes] Expected shape from model of {} does not match actual shape of {2} for output output[m
[0;93m2026-05-02 20:48:39.197711 [W:onnxruntime:, execution_frame.cc:870 VerifyOutputSizes] Expected shape from model of {} does not match actual shape of {2} for output output[m
[0;93m2026-05-02 20:48:39.241137 [W:onnxruntime:, execution_frame.cc:870 VerifyOutputSizes] Expected shape from model of {} does not match actual shape of {2} for output output[m
[0;93m2026-05-02 20:48:39.280329 [W:onnxruntime:, execution_frame.cc:870 VerifyOutputSizes] Expected shape from model of {} does not match actual shape of {2} for output output[m
[0;93m2026-05-02 20:48:39.322216 [W:onnxruntime:, execution_frame.cc:870 VerifyOutputSizes] Expected shape from model of {} does not match actual shape of {2} for output output[m
[0;93m2026-05-02 20:48:39.364911 [W:onnxruntime:, execution_frame.cc:870 VerifyOutputSizes] Expected shape from model of {} does not match actual shape of {2} for output output[m
[0;93m2026-05-02 20:48:39.403556 [W:onnxruntime:, execution_frame.cc:870 VerifyOutputSizes] Expected shape from model of {} does not match actual shape of {2} for output output[m
[0;93m2026-05-02 20:48:39.431387 [W:onnxruntime:, execution_frame.cc:870 VerifyOutputSizes] Expected shape from model of {} does not match actual shape of {2} for output output[m
[0;93m2026-05-02 20:48:39.454776 [W:onnxruntime:, execution_frame.cc:870 VerifyOutputSizes] Expected shape from model of {} does not match actual shape of {2} for output output[m
[0;93m2026-05-02 20:48:39.491975 [W:onnxruntime:, execution_frame.cc:870 VerifyOutputSizes] Expected shape from model of {} does not match actual shape of {2} for output output[m
[0;93m2026-05-02 20:48:39.535780 [W:onnxruntime:, execution_frame.cc:870 VerifyOutputSizes] Expected shape from model of {} does not match actual shape of {2} for output output[m
[0;93m2026-05-02 20:48:39.577227 [W:onnxruntime:, execution_frame.cc:870 VerifyOutputSizes] Expected shape from model of {} does not match actual shape of {2} for output output[m
[0;93m2026-05-02 20:48:39.616548 [W:onnxruntime:, execution_frame.cc:870 VerifyOutputSizes] Expected shape from model of {} does not match actual shape of {2} for output output[m
[0;93m2026-05-02 20:48:39.656137 [W:onnxruntime:, execution_frame.cc:870 VerifyOutputSizes] Expected shape from model of {} does not match actual shape of {2} for output output[m
[0;93m2026-05-02 20:48:39.697039 [W:onnxruntime:, execution_frame.cc:870 VerifyOutputSizes] Expected shape from model of {} does not match actual shape of {2} for output output[m
[0;93m2026-05-02 20:48:39.738100 [W:onnxruntime:, execution_frame.cc:870 VerifyOutputSizes] Expected shape from model of {} does not match actual shape of {2} for output output[m
[0;93m2026-05-02 20:48:39.777745 [W:onnxruntime:, execution_frame.cc:870 VerifyOutputSizes] Expected shape from model of {} does not match actual shape of {2} for output output[m
  500/800
[0;93m2026-05-02 20:48:39.817732 [W:onnxruntime:, execution_frame.cc:870 VerifyOutputSizes] Expected shape from model of {} does not match actual shape of {2} for output output[m
[0;93m2026-05-02 20:48:39.842359 [W:onnxruntime:, execution_frame.cc:870 VerifyOutputSizes] Expected shape from model of {} does not match actual shape of {2} for output output[m
[0;93m2026-05-02 20:48:39.882493 [W:onnxruntime:, execution_frame.cc:870 VerifyOutputSizes] Expected shape from model of {} does not match actual shape of {2} for output output[m
[0;93m2026-05-02 20:48:39.921794 [W:onnxruntime:, execution_frame.cc:870 VerifyOutputSizes] Expected shape from model of {} does not match actual shape of {2} for output output[m
[0;93m2026-05-02 20:48:39.962421 [W:onnxruntime:, execution_frame.cc:870 VerifyOutputSizes] Expected shape from model of {} does not match actual shape of {2} for output output[m
[0;93m2026-05-02 20:48:40.002239 [W:onnxruntime:, execution_frame.cc:870 VerifyOutputSizes] Expected shape from model of {} does not match actual shape of {2} for output output[m
[0;93m2026-05-02 20:48:40.041064 [W:onnxruntime:, execution_frame.cc:870 VerifyOutputSizes] Expected shape from model of {} does not match actual shape of {2} for output output[m
[0;93m2026-05-02 20:48:40.067003 [W:onnxruntime:, execution_frame.cc:870 VerifyOutputSizes] Expected shape from model of {} does not match actual shape of {2} for output output[m
[0;93m2026-05-02 20:48:40.109275 [W:onnxruntime:, execution_frame.cc:870 VerifyOutputSizes] Expected shape from model of {} does not match actual shape of {2} for output output[m
[0;93m2026-05-02 20:48:40.150356 [W:onnxruntime:, execution_frame.cc:870 VerifyOutputSizes] Expected shape from model of {} does not match actual shape of {2} for output output[m
[0;93m2026-05-02 20:48:40.174812 [W:onnxruntime:, execution_frame.cc:870 VerifyOutputSizes] Expected shape from model of {} does not match actual shape of {2} for output output[m
[0;93m2026-05-02 20:48:40.197833 [W:onnxruntime:, execution_frame.cc:870 VerifyOutputSizes] Expected shape from model of {} does not match actual shape of {2} for output output[m
[0;93m2026-05-02 20:48:40.223050 [W:onnxruntime:, execution_frame.cc:870 VerifyOutputSizes] Expected shape from model of {} does not match actual shape of {2} for output output[m
[0;93m2026-05-02 20:48:40.248211 [W:onnxruntime:, execution_frame.cc:870 VerifyOutputSizes] Expected shape from model of {} does not match actual shape of {2} for output output[m
[0;93m2026-05-02 20:48:40.288523 [W:onnxruntime:, execution_frame.cc:870 VerifyOutputSizes] Expected shape from model of {} does not match actual shape of {2} for output output[m
[0;93m2026-05-02 20:48:40.330027 [W:onnxruntime:, execution_frame.cc:870 VerifyOutputSizes] Expected shape from model of {} does not match actual shape of {2} for output output[m
[0;93m2026-05-02 20:48:40.369420 [W:onnxruntime:, execution_frame.cc:870 VerifyOutputSizes] Expected shape from model of {} does not match actual shape of {2} for output output[m
[0;93m2026-05-02 20:48:40.407372 [W:onnxruntime:, execution_frame.cc:870 VerifyOutputSizes] Expected shape from model of {} does not match actual shape of {2} for output output[m
[0;93m2026-05-02 20:48:40.444395 [W:onnxruntime:, execution_frame.cc:870 VerifyOutputSizes] Expected shape from model of {} does not match actual shape of {2} for output output[m
[0;93m2026-05-02 20:48:40.486621 [W:onnxruntime:, execution_frame.cc:870 VerifyOutputSizes] Expected shape from model of {} does not match actual shape of {2} for output output[m
[0;93m2026-05-02 20:48:40.526549 [W:onnxruntime:, execution_frame.cc:870 VerifyOutputSizes] Expected shape from model of {} does not match actual shape of {2} for output output[m
[0;93m2026-05-02 20:48:40.551947 [W:onnxruntime:, execution_frame.cc:870 VerifyOutputSizes] Expected shape from model of {} does not match actual shape of {2} for output output[m
[0;93m2026-05-02 20:48:40.594234 [W:onnxruntime:, execution_frame.cc:870 VerifyOutputSizes] Expected shape from model of {} does not match actual shape of {2} for output output[m
[0;93m2026-05-02 20:48:40.634158 [W:onnxruntime:, execution_frame.cc:870 VerifyOutputSizes] Expected shape from model of {} does not match actual shape of {2} for output output[m
[0;93m2026-05-02 20:48:40.672579 [W:onnxruntime:, execution_frame.cc:870 VerifyOutputSizes] Expected shape from model of {} does not match actual shape of {2} for output output[m
[0;93m2026-05-02 20:48:40.697788 [W:onnxruntime:, execution_frame.cc:870 VerifyOutputSizes] Expected shape from model of {} does not match actual shape of {2} for output output[m
[0;93m2026-05-02 20:48:40.737665 [W:onnxruntime:, execution_frame.cc:870 VerifyOutputSizes] Expected shape from model of {} does not match actual shape of {2} for output output[m
[0;93m2026-05-02 20:48:40.782112 [W:onnxruntime:, execution_frame.cc:870 VerifyOutputSizes] Expected shape from model of {} does not match actual shape of {2} for output output[m
[0;93m2026-05-02 20:48:40.819361 [W:onnxruntime:, execution_frame.cc:870 VerifyOutputSizes] Expected shape from model of {} does not match actual shape of {2} for output output[m
[0;93m2026-05-02 20:48:40.842004 [W:onnxruntime:, execution_frame.cc:870 VerifyOutputSizes] Expected shape from model of {} does not match actual shape of {2} for output output[m
[0;93m2026-05-02 20:48:40.882678 [W:onnxruntime:, execution_frame.cc:870 VerifyOutputSizes] Expected shape from model of {} does not match actual shape of {2} for output output[m
[0;93m2026-05-02 20:48:40.919954 [W:onnxruntime:, execution_frame.cc:870 VerifyOutputSizes] Expected shape from model of {} does not match actual shape of {2} for output output[m
[0;93m2026-05-02 20:48:40.943373 [W:onnxruntime:, execution_frame.cc:870 VerifyOutputSizes] Expected shape from model of {} does not match actual shape of {2} for output output[m
[0;93m2026-05-02 20:48:40.982155 [W:onnxruntime:, execution_frame.cc:870 VerifyOutputSizes] Expected shape from model of {} does not match actual shape of {2} for output output[m
[0;93m2026-05-02 20:48:41.021830 [W:onnxruntime:, execution_frame.cc:870 VerifyOutputSizes] Expected shape from model of {} does not match actual shape of {2} for output output[m
[0;93m2026-05-02 20:48:41.057837 [W:onnxruntime:, execution_frame.cc:870 VerifyOutputSizes] Expected shape from model of {} does not match actual shape of {2} for output output[m
[0;93m2026-05-02 20:48:41.099927 [W:onnxruntime:, execution_frame.cc:870 VerifyOutputSizes] Expected shape from model of {} does not match actual shape of {2} for output output[m
[0;93m2026-05-02 20:48:41.139576 [W:onnxruntime:, execution_frame.cc:870 VerifyOutputSizes] Expected shape from model of {} does not match actual shape of {2} for output output[m
[0;93m2026-05-02 20:48:41.176403 [W:onnxruntime:, execution_frame.cc:870 VerifyOutputSizes] Expected shape from model of {} does not match actual shape of {2} for output output[m
[0;93m2026-05-02 20:48:41.200073 [W:onnxruntime:, execution_frame.cc:870 VerifyOutputSizes] Expected shape from model of {} does not match actual shape of {2} for output output[m
[0;93m2026-05-02 20:48:41.236527 [W:onnxruntime:, execution_frame.cc:870 VerifyOutputSizes] Expected shape from model of {} does not match actual shape of {2} for output output[m
[0;93m2026-05-02 20:48:41.275810 [W:onnxruntime:, execution_frame.cc:870 VerifyOutputSizes] Expected shape from model of {} does not match actual shape of {2} for output output[m
[0;93m2026-05-02 20:48:41.310292 [W:onnxruntime:, execution_frame.cc:870 VerifyOutputSizes] Expected shape from model of {} does not match actual shape of {2} for output output[m
[0;93m2026-05-02 20:48:41.348158 [W:onnxruntime:, execution_frame.cc:870 VerifyOutputSizes] Expected shape from model of {} does not match actual shape of {2} for output output[m
[0;93m2026-05-02 20:48:41.371516 [W:onnxruntime:, execution_frame.cc:870 VerifyOutputSizes] Expected shape from model of {} does not match actual shape of {2} for output output[m
[0;93m2026-05-02 20:48:41.411118 [W:onnxruntime:, execution_frame.cc:870 VerifyOutputSizes] Expected shape from model of {} does not match actual shape of {2} for output output[m
[0;93m2026-05-02 20:48:41.451559 [W:onnxruntime:, execution_frame.cc:870 VerifyOutputSizes] Expected shape from model of {} does not match actual shape of {2} for output output[m
[0;93m2026-05-02 20:48:41.491875 [W:onnxruntime:, execution_frame.cc:870 VerifyOutputSizes] Expected shape from model of {} does not match actual shape of {2} for output output[m
[0;93m2026-05-02 20:48:41.530951 [W:onnxruntime:, execution_frame.cc:870 VerifyOutputSizes] Expected shape from model of {} does not match actual shape of {2} for output output[m
[0;93m2026-05-02 20:48:41.571560 [W:onnxruntime:, execution_frame.cc:870 VerifyOutputSizes] Expected shape from model of {} does not match actual shape of {2} for output output[m
  550/800
[0;93m2026-05-02 20:48:41.610847 [W:onnxruntime:, execution_frame.cc:870 VerifyOutputSizes] Expected shape from model of {} does not match actual shape of {2} for output output[m
[0;93m2026-05-02 20:48:41.650047 [W:onnxruntime:, execution_frame.cc:870 VerifyOutputSizes] Expected shape from model of {} does not match actual shape of {2} for output output[m
[0;93m2026-05-02 20:48:41.685746 [W:onnxruntime:, execution_frame.cc:870 VerifyOutputSizes] Expected shape from model of {} does not match actual shape of {2} for output output[m
[0;93m2026-05-02 20:48:41.708127 [W:onnxruntime:, execution_frame.cc:870 VerifyOutputSizes] Expected shape from model of {} does not match actual shape of {2} for output output[m
[0;93m2026-05-02 20:48:41.748072 [W:onnxruntime:, execution_frame.cc:870 VerifyOutputSizes] Expected shape from model of {} does not match actual shape of {2} for output output[m
[0;93m2026-05-02 20:48:41.790578 [W:onnxruntime:, execution_frame.cc:870 VerifyOutputSizes] Expected shape from model of {} does not match actual shape of {2} for output output[m
[0;93m2026-05-02 20:48:41.829667 [W:onnxruntime:, execution_frame.cc:870 VerifyOutputSizes] Expected shape from model of {} does not match actual shape of {2} for output output[m
[0;93m2026-05-02 20:48:41.869215 [W:onnxruntime:, execution_frame.cc:870 VerifyOutputSizes] Expected shape from model of {} does not match actual shape of {2} for output output[m
[0;93m2026-05-02 20:48:41.893954 [W:onnxruntime:, execution_frame.cc:870 VerifyOutputSizes] Expected shape from model of {} does not match actual shape of {2} for output output[m
[0;93m2026-05-02 20:48:41.936318 [W:onnxruntime:, execution_frame.cc:870 VerifyOutputSizes] Expected shape from model of {} does not match actual shape of {2} for output output[m
[0;93m2026-05-02 20:48:41.974965 [W:onnxruntime:, execution_frame.cc:870 VerifyOutputSizes] Expected shape from model of {} does not match actual shape of {2} for output output[m
[0;93m2026-05-02 20:48:41.998151 [W:onnxruntime:, execution_frame.cc:870 VerifyOutputSizes] Expected shape from model of {} does not match actual shape of {2} for output output[m
[0;93m2026-05-02 20:48:42.022446 [W:onnxruntime:, execution_frame.cc:870 VerifyOutputSizes] Expected shape from model of {} does not match actual shape of {2} for output output[m
[0;93m2026-05-02 20:48:42.066233 [W:onnxruntime:, execution_frame.cc:870 VerifyOutputSizes] Expected shape from model of {} does not match actual shape of {2} for output output[m
[0;93m2026-05-02 20:48:42.106696 [W:onnxruntime:, execution_frame.cc:870 VerifyOutputSizes] Expected shape from model of {} does not match actual shape of {2} for output output[m
[0;93m2026-05-02 20:48:42.144318 [W:onnxruntime:, execution_frame.cc:870 VerifyOutputSizes] Expected shape from model of {} does not match actual shape of {2} for output output[m
[0;93m2026-05-02 20:48:42.173814 [W:onnxruntime:, execution_frame.cc:870 VerifyOutputSizes] Expected shape from model of {} does not match actual shape of {2} for output output[m
[0;93m2026-05-02 20:48:42.215151 [W:onnxruntime:, execution_frame.cc:870 VerifyOutputSizes] Expected shape from model of {} does not match actual shape of {2} for output output[m
[0;93m2026-05-02 20:48:42.254461 [W:onnxruntime:, execution_frame.cc:870 VerifyOutputSizes] Expected shape from model of {} does not match actual shape of {2} for output output[m
[0;93m2026-05-02 20:48:42.296250 [W:onnxruntime:, execution_frame.cc:870 VerifyOutputSizes] Expected shape from model of {} does not match actual shape of {2} for output output[m
[0;93m2026-05-02 20:48:42.339872 [W:onnxruntime:, execution_frame.cc:870 VerifyOutputSizes] Expected shape from model of {} does not match actual shape of {2} for output output[m
[0;93m2026-05-02 20:48:42.380102 [W:onnxruntime:, execution_frame.cc:870 VerifyOutputSizes] Expected shape from model of {} does not match actual shape of {2} for output output[m
[0;93m2026-05-02 20:48:42.419265 [W:onnxruntime:, execution_frame.cc:870 VerifyOutputSizes] Expected shape from model of {} does not match actual shape of {2} for output output[m
[0;93m2026-05-02 20:48:42.459864 [W:onnxruntime:, execution_frame.cc:870 VerifyOutputSizes] Expected shape from model of {} does not match actual shape of {2} for output output[m
[0;93m2026-05-02 20:48:42.483815 [W:onnxruntime:, execution_frame.cc:870 VerifyOutputSizes] Expected shape from model of {} does not match actual shape of {2} for output output[m
[0;93m2026-05-02 20:48:42.521732 [W:onnxruntime:, execution_frame.cc:870 VerifyOutputSizes] Expected shape from model of {} does not match actual shape of {2} for output output[m
[0;93m2026-05-02 20:48:42.561898 [W:onnxruntime:, execution_frame.cc:870 VerifyOutputSizes] Expected shape from model of {} does not match actual shape of {2} for output output[m
[0;93m2026-05-02 20:48:42.584811 [W:onnxruntime:, execution_frame.cc:870 VerifyOutputSizes] Expected shape from model of {} does not match actual shape of {2} for output output[m
[0;93m2026-05-02 20:48:42.627423 [W:onnxruntime:, execution_frame.cc:870 VerifyOutputSizes] Expected shape from model of {} does not match actual shape of {2} for output output[m
[0;93m2026-05-02 20:48:42.668143 [W:onnxruntime:, execution_frame.cc:870 VerifyOutputSizes] Expected shape from model of {} does not match actual shape of {2} for output output[m
[0;93m2026-05-02 20:48:42.707154 [W:onnxruntime:, execution_frame.cc:870 VerifyOutputSizes] Expected shape from model of {} does not match actual shape of {2} for output output[m
[0;93m2026-05-02 20:48:42.731723 [W:onnxruntime:, execution_frame.cc:870 VerifyOutputSizes] Expected shape from model of {} does not match actual shape of {2} for output output[m
[0;93m2026-05-02 20:48:42.772570 [W:onnxruntime:, execution_frame.cc:870 VerifyOutputSizes] Expected shape from model of {} does not match actual shape of {2} for output output[m
[0;93m2026-05-02 20:48:42.813691 [W:onnxruntime:, execution_frame.cc:870 VerifyOutputSizes] Expected shape from model of {} does not match actual shape of {2} for output output[m
[0;93m2026-05-02 20:48:42.852211 [W:onnxruntime:, execution_frame.cc:870 VerifyOutputSizes] Expected shape from model of {} does not match actual shape of {2} for output output[m
[0;93m2026-05-02 20:48:42.890367 [W:onnxruntime:, execution_frame.cc:870 VerifyOutputSizes] Expected shape from model of {} does not match actual shape of {2} for output output[m
[0;93m2026-05-02 20:48:42.914771 [W:onnxruntime:, execution_frame.cc:870 VerifyOutputSizes] Expected shape from model of {} does not match actual shape of {2} for output output[m
[0;93m2026-05-02 20:48:42.955434 [W:onnxruntime:, execution_frame.cc:870 VerifyOutputSizes] Expected shape from model of {} does not match actual shape of {2} for output output[m
[0;93m2026-05-02 20:48:42.996053 [W:onnxruntime:, execution_frame.cc:870 VerifyOutputSizes] Expected shape from model of {} does not match actual shape of {2} for output output[m
[0;93m2026-05-02 20:48:43.038078 [W:onnxruntime:, execution_frame.cc:870 VerifyOutputSizes] Expected shape from model of {} does not match actual shape of {2} for output output[m
[0;93m2026-05-02 20:48:43.080569 [W:onnxruntime:, execution_frame.cc:870 VerifyOutputSizes] Expected shape from model of {} does not match actual shape of {2} for output output[m
[0;93m2026-05-02 20:48:43.123547 [W:onnxruntime:, execution_frame.cc:870 VerifyOutputSizes] Expected shape from model of {} does not match actual shape of {2} for output output[m
[0;93m2026-05-02 20:48:43.147959 [W:onnxruntime:, execution_frame.cc:870 VerifyOutputSizes] Expected shape from model of {} does not match actual shape of {2} for output output[m
[0;93m2026-05-02 20:48:43.172885 [W:onnxruntime:, execution_frame.cc:870 VerifyOutputSizes] Expected shape from model of {} does not match actual shape of {2} for output output[m
[0;93m2026-05-02 20:48:43.216090 [W:onnxruntime:, execution_frame.cc:870 VerifyOutputSizes] Expected shape from model of {} does not match actual shape of {2} for output output[m
[0;93m2026-05-02 20:48:43.255281 [W:onnxruntime:, execution_frame.cc:870 VerifyOutputSizes] Expected shape from model of {} does not match actual shape of {2} for output output[m
[0;93m2026-05-02 20:48:43.279782 [W:onnxruntime:, execution_frame.cc:870 VerifyOutputSizes] Expected shape from model of {} does not match actual shape of {2} for output output[m
[0;93m2026-05-02 20:48:43.323428 [W:onnxruntime:, execution_frame.cc:870 VerifyOutputSizes] Expected shape from model of {} does not match actual shape of {2} for output output[m
[0;93m2026-05-02 20:48:43.362724 [W:onnxruntime:, execution_frame.cc:870 VerifyOutputSizes] Expected shape from model of {} does not match actual shape of {2} for output output[m
[0;93m2026-05-02 20:48:43.399587 [W:onnxruntime:, execution_frame.cc:870 VerifyOutputSizes] Expected shape from model of {} does not match actual shape of {2} for output output[m
  600/800
[0;93m2026-05-02 20:48:43.435965 [W:onnxruntime:, execution_frame.cc:870 VerifyOutputSizes] Expected shape from model of {} does not match actual shape of {2} for output output[m
[0;93m2026-05-02 20:48:43.474318 [W:onnxruntime:, execution_frame.cc:870 VerifyOutputSizes] Expected shape from model of {} does not match actual shape of {2} for output output[m
[0;93m2026-05-02 20:48:43.513267 [W:onnxruntime:, execution_frame.cc:870 VerifyOutputSizes] Expected shape from model of {} does not match actual shape of {2} for output output[m
[0;93m2026-05-02 20:48:43.549745 [W:onnxruntime:, execution_frame.cc:870 VerifyOutputSizes] Expected shape from model of {} does not match actual shape of {2} for output output[m
[0;93m2026-05-02 20:48:43.588973 [W:onnxruntime:, execution_frame.cc:870 VerifyOutputSizes] Expected shape from model of {} does not match actual shape of {2} for output output[m
[0;93m2026-05-02 20:48:43.628583 [W:onnxruntime:, execution_frame.cc:870 VerifyOutputSizes] Expected shape from model of {} does not match actual shape of {2} for output output[m
[0;93m2026-05-02 20:48:43.665456 [W:onnxruntime:, execution_frame.cc:870 VerifyOutputSizes] Expected shape from model of {} does not match actual shape of {2} for output output[m
[0;93m2026-05-02 20:48:43.702470 [W:onnxruntime:, execution_frame.cc:870 VerifyOutputSizes] Expected shape from model of {} does not match actual shape of {2} for output output[m
[0;93m2026-05-02 20:48:43.740526 [W:onnxruntime:, execution_frame.cc:870 VerifyOutputSizes] Expected shape from model of {} does not match actual shape of {2} for output output[m
[0;93m2026-05-02 20:48:43.777876 [W:onnxruntime:, execution_frame.cc:870 VerifyOutputSizes] Expected shape from model of {} does not match actual shape of {2} for output output[m
[0;93m2026-05-02 20:48:43.815871 [W:onnxruntime:, execution_frame.cc:870 VerifyOutputSizes] Expected shape from model of {} does not match actual shape of {2} for output output[m
[0;93m2026-05-02 20:48:43.852684 [W:onnxruntime:, execution_frame.cc:870 VerifyOutputSizes] Expected shape from model of {} does not match actual shape of {2} for output output[m
[0;93m2026-05-02 20:48:43.876508 [W:onnxruntime:, execution_frame.cc:870 VerifyOutputSizes] Expected shape from model of {} does not match actual shape of {2} for output output[m
[0;93m2026-05-02 20:48:43.914164 [W:onnxruntime:, execution_frame.cc:870 VerifyOutputSizes] Expected shape from model of {} does not match actual shape of {2} for output output[m
[0;93m2026-05-02 20:48:43.939144 [W:onnxruntime:, execution_frame.cc:870 VerifyOutputSizes] Expected shape from model of {} does not match actual shape of {2} for output output[m
[0;93m2026-05-02 20:48:43.980564 [W:onnxruntime:, execution_frame.cc:870 VerifyOutputSizes] Expected shape from model of {} does not match actual shape of {2} for output output[m
[0;93m2026-05-02 20:48:44.022099 [W:onnxruntime:, execution_frame.cc:870 VerifyOutputSizes] Expected shape from model of {} does not match actual shape of {2} for output output[m
[0;93m2026-05-02 20:48:44.060099 [W:onnxruntime:, execution_frame.cc:870 VerifyOutputSizes] Expected shape from model of {} does not match actual shape of {2} for output output[m
[0;93m2026-05-02 20:48:44.099104 [W:onnxruntime:, execution_frame.cc:870 VerifyOutputSizes] Expected shape from model of {} does not match actual shape of {2} for output output[m
[0;93m2026-05-02 20:48:44.136785 [W:onnxruntime:, execution_frame.cc:870 VerifyOutputSizes] Expected shape from model of {} does not match actual shape of {2} for output output[m
[0;93m2026-05-02 20:48:44.162011 [W:onnxruntime:, execution_frame.cc:870 VerifyOutputSizes] Expected shape from model of {} does not match actual shape of {2} for output output[m
[0;93m2026-05-02 20:48:44.205501 [W:onnxruntime:, execution_frame.cc:870 VerifyOutputSizes] Expected shape from model of {} does not match actual shape of {2} for output output[m
[0;93m2026-05-02 20:48:44.246893 [W:onnxruntime:, execution_frame.cc:870 VerifyOutputSizes] Expected shape from model of {} does not match actual shape of {2} for output output[m
[0;93m2026-05-02 20:48:44.288514 [W:onnxruntime:, execution_frame.cc:870 VerifyOutputSizes] Expected shape from model of {} does not match actual shape of {2} for output output[m
[0;93m2026-05-02 20:48:44.329086 [W:onnxruntime:, execution_frame.cc:870 VerifyOutputSizes] Expected shape from model of {} does not match actual shape of {2} for output output[m
[0;93m2026-05-02 20:48:44.370328 [W:onnxruntime:, execution_frame.cc:870 VerifyOutputSizes] Expected shape from model of {} does not match actual shape of {2} for output output[m
[0;93m2026-05-02 20:48:44.408937 [W:onnxruntime:, execution_frame.cc:870 VerifyOutputSizes] Expected shape from model of {} does not match actual shape of {2} for output output[m
[0;93m2026-05-02 20:48:44.433482 [W:onnxruntime:, execution_frame.cc:870 VerifyOutputSizes] Expected shape from model of {} does not match actual shape of {2} for output output[m
[0;93m2026-05-02 20:48:44.471441 [W:onnxruntime:, execution_frame.cc:870 VerifyOutputSizes] Expected shape from model of {} does not match actual shape of {2} for output output[m
[0;93m2026-05-02 20:48:44.511441 [W:onnxruntime:, execution_frame.cc:870 VerifyOutputSizes] Expected shape from model of {} does not match actual shape of {2} for output output[m
[0;93m2026-05-02 20:48:44.557646 [W:onnxruntime:, execution_frame.cc:870 VerifyOutputSizes] Expected shape from model of {} does not match actual shape of {2} for output output[m
[0;93m2026-05-02 20:48:44.598536 [W:onnxruntime:, execution_frame.cc:870 VerifyOutputSizes] Expected shape from model of {} does not match actual shape of {2} for output output[m
[0;93m2026-05-02 20:48:44.638272 [W:onnxruntime:, execution_frame.cc:870 VerifyOutputSizes] Expected shape from model of {} does not match actual shape of {2} for output output[m
[0;93m2026-05-02 20:48:44.664071 [W:onnxruntime:, execution_frame.cc:870 VerifyOutputSizes] Expected shape from model of {} does not match actual shape of {2} for output output[m
[0;93m2026-05-02 20:48:44.687036 [W:onnxruntime:, execution_frame.cc:870 VerifyOutputSizes] Expected shape from model of {} does not match actual shape of {2} for output output[m
[0;93m2026-05-02 20:48:44.726653 [W:onnxruntime:, execution_frame.cc:870 VerifyOutputSizes] Expected shape from model of {} does not match actual shape of {2} for output output[m
[0;93m2026-05-02 20:48:44.770912 [W:onnxruntime:, execution_frame.cc:870 VerifyOutputSizes] Expected shape from model of {} does not match actual shape of {2} for output output[m
[0;93m2026-05-02 20:48:44.810512 [W:onnxruntime:, execution_frame.cc:870 VerifyOutputSizes] Expected shape from model of {} does not match actual shape of {2} for output output[m
[0;93m2026-05-02 20:48:44.835854 [W:onnxruntime:, execution_frame.cc:870 VerifyOutputSizes] Expected shape from model of {} does not match actual shape of {2} for output output[m
[0;93m2026-05-02 20:48:44.872253 [W:onnxruntime:, execution_frame.cc:870 VerifyOutputSizes] Expected shape from model of {} does not match actual shape of {2} for output output[m
[0;93m2026-05-02 20:48:44.913459 [W:onnxruntime:, execution_frame.cc:870 VerifyOutputSizes] Expected shape from model of {} does not match actual shape of {2} for output output[m
[0;93m2026-05-02 20:48:44.953682 [W:onnxruntime:, execution_frame.cc:870 VerifyOutputSizes] Expected shape from model of {} does not match actual shape of {2} for output output[m
[0;93m2026-05-02 20:48:44.993966 [W:onnxruntime:, execution_frame.cc:870 VerifyOutputSizes] Expected shape from model of {} does not match actual shape of {2} for output output[m
[0;93m2026-05-02 20:48:45.032035 [W:onnxruntime:, execution_frame.cc:870 VerifyOutputSizes] Expected shape from model of {} does not match actual shape of {2} for output output[m
[0;93m2026-05-02 20:48:45.057509 [W:onnxruntime:, execution_frame.cc:870 VerifyOutputSizes] Expected shape from model of {} does not match actual shape of {2} for output output[m
[0;93m2026-05-02 20:48:45.083083 [W:onnxruntime:, execution_frame.cc:870 VerifyOutputSizes] Expected shape from model of {} does not match actual shape of {2} for output output[m
[0;93m2026-05-02 20:48:45.122385 [W:onnxruntime:, execution_frame.cc:870 VerifyOutputSizes] Expected shape from model of {} does not match actual shape of {2} for output output[m
[0;93m2026-05-02 20:48:45.147320 [W:onnxruntime:, execution_frame.cc:870 VerifyOutputSizes] Expected shape from model of {} does not match actual shape of {2} for output output[m
[0;93m2026-05-02 20:48:45.190239 [W:onnxruntime:, execution_frame.cc:870 VerifyOutputSizes] Expected shape from model of {} does not match actual shape of {2} for output output[m
[0;93m2026-05-02 20:48:45.231710 [W:onnxruntime:, execution_frame.cc:870 VerifyOutputSizes] Expected shape from model of {} does not match actual shape of {2} for output output[m
  650/800
[0;93m2026-05-02 20:48:45.272017 [W:onnxruntime:, execution_frame.cc:870 VerifyOutputSizes] Expected shape from model of {} does not match actual shape of {2} for output output[m
[0;93m2026-05-02 20:48:45.310196 [W:onnxruntime:, execution_frame.cc:870 VerifyOutputSizes] Expected shape from model of {} does not match actual shape of {2} for output output[m
[0;93m2026-05-02 20:48:45.346881 [W:onnxruntime:, execution_frame.cc:870 VerifyOutputSizes] Expected shape from model of {} does not match actual shape of {2} for output output[m
[0;93m2026-05-02 20:48:45.391108 [W:onnxruntime:, execution_frame.cc:870 VerifyOutputSizes] Expected shape from model of {} does not match actual shape of {2} for output output[m
[0;93m2026-05-02 20:48:45.432094 [W:onnxruntime:, execution_frame.cc:870 VerifyOutputSizes] Expected shape from model of {} does not match actual shape of {2} for output output[m
[0;93m2026-05-02 20:48:45.473696 [W:onnxruntime:, execution_frame.cc:870 VerifyOutputSizes] Expected shape from model of {} does not match actual shape of {2} for output output[m
[0;93m2026-05-02 20:48:45.499646 [W:onnxruntime:, execution_frame.cc:870 VerifyOutputSizes] Expected shape from model of {} does not match actual shape of {2} for output output[m
[0;93m2026-05-02 20:48:45.538212 [W:onnxruntime:, execution_frame.cc:870 VerifyOutputSizes] Expected shape from model of {} does not match actual shape of {2} for output output[m
[0;93m2026-05-02 20:48:45.580420 [W:onnxruntime:, execution_frame.cc:870 VerifyOutputSizes] Expected shape from model of {} does not match actual shape of {2} for output output[m
[0;93m2026-05-02 20:48:45.621446 [W:onnxruntime:, execution_frame.cc:870 VerifyOutputSizes] Expected shape from model of {} does not match actual shape of {2} for output output[m
[0;93m2026-05-02 20:48:45.646491 [W:onnxruntime:, execution_frame.cc:870 VerifyOutputSizes] Expected shape from model of {} does not match actual shape of {2} for output output[m
[0;93m2026-05-02 20:48:45.684873 [W:onnxruntime:, execution_frame.cc:870 VerifyOutputSizes] Expected shape from model of {} does not match actual shape of {2} for output output[m
[0;93m2026-05-02 20:48:45.726390 [W:onnxruntime:, execution_frame.cc:870 VerifyOutputSizes] Expected shape from model of {} does not match actual shape of {2} for output output[m
[0;93m2026-05-02 20:48:45.770712 [W:onnxruntime:, execution_frame.cc:870 VerifyOutputSizes] Expected shape from model of {} does not match actual shape of {2} for output output[m
[0;93m2026-05-02 20:48:45.811077 [W:onnxruntime:, execution_frame.cc:870 VerifyOutputSizes] Expected shape from model of {} does not match actual shape of {2} for output output[m
[0;93m2026-05-02 20:48:45.837073 [W:onnxruntime:, execution_frame.cc:870 VerifyOutputSizes] Expected shape from model of {} does not match actual shape of {2} for output output[m
[0;93m2026-05-02 20:48:45.874478 [W:onnxruntime:, execution_frame.cc:870 VerifyOutputSizes] Expected shape from model of {} does not match actual shape of {2} for output output[m
[0;93m2026-05-02 20:48:45.911502 [W:onnxruntime:, execution_frame.cc:870 VerifyOutputSizes] Expected shape from model of {} does not match actual shape of {2} for output output[m
[0;93m2026-05-02 20:48:45.951625 [W:onnxruntime:, execution_frame.cc:870 VerifyOutputSizes] Expected shape from model of {} does not match actual shape of {2} for output output[m
[0;93m2026-05-02 20:48:45.987928 [W:onnxruntime:, execution_frame.cc:870 VerifyOutputSizes] Expected shape from model of {} does not match actual shape of {2} for output output[m
[0;93m2026-05-02 20:48:46.011210 [W:onnxruntime:, execution_frame.cc:870 VerifyOutputSizes] Expected shape from model of {} does not match actual shape of {2} for output output[m
[0;93m2026-05-02 20:48:46.033689 [W:onnxruntime:, execution_frame.cc:870 VerifyOutputSizes] Expected shape from model of {} does not match actual shape of {2} for output output[m
[0;93m2026-05-02 20:48:46.070349 [W:onnxruntime:, execution_frame.cc:870 VerifyOutputSizes] Expected shape from model of {} does not match actual shape of {2} for output output[m
[0;93m2026-05-02 20:48:46.093676 [W:onnxruntime:, execution_frame.cc:870 VerifyOutputSizes] Expected shape from model of {} does not match actual shape of {2} for output output[m
[0;93m2026-05-02 20:48:46.116314 [W:onnxruntime:, execution_frame.cc:870 VerifyOutputSizes] Expected shape from model of {} does not match actual shape of {2} for output output[m
[0;93m2026-05-02 20:48:46.155036 [W:onnxruntime:, execution_frame.cc:870 VerifyOutputSizes] Expected shape from model of {} does not match actual shape of {2} for output output[m
[0;93m2026-05-02 20:48:46.194284 [W:onnxruntime:, execution_frame.cc:870 VerifyOutputSizes] Expected shape from model of {} does not match actual shape of {2} for output output[m
[0;93m2026-05-02 20:48:46.231394 [W:onnxruntime:, execution_frame.cc:870 VerifyOutputSizes] Expected shape from model of {} does not match actual shape of {2} for output output[m
[0;93m2026-05-02 20:48:46.255512 [W:onnxruntime:, execution_frame.cc:870 VerifyOutputSizes] Expected shape from model of {} does not match actual shape of {2} for output output[m
[0;93m2026-05-02 20:48:46.291920 [W:onnxruntime:, execution_frame.cc:870 VerifyOutputSizes] Expected shape from model of {} does not match actual shape of {2} for output output[m
[0;93m2026-05-02 20:48:46.329885 [W:onnxruntime:, execution_frame.cc:870 VerifyOutputSizes] Expected shape from model of {} does not match actual shape of {2} for output output[m
[0;93m2026-05-02 20:48:46.368081 [W:onnxruntime:, execution_frame.cc:870 VerifyOutputSizes] Expected shape from model of {} does not match actual shape of {2} for output output[m
[0;93m2026-05-02 20:48:46.410186 [W:onnxruntime:, execution_frame.cc:870 VerifyOutputSizes] Expected shape from model of {} does not match actual shape of {2} for output output[m
[0;93m2026-05-02 20:48:46.451485 [W:onnxruntime:, execution_frame.cc:870 VerifyOutputSizes] Expected shape from model of {} does not match actual shape of {2} for output output[m
[0;93m2026-05-02 20:48:46.476440 [W:onnxruntime:, execution_frame.cc:870 VerifyOutputSizes] Expected shape from model of {} does not match actual shape of {2} for output output[m
[0;93m2026-05-02 20:48:46.519171 [W:onnxruntime:, execution_frame.cc:870 VerifyOutputSizes] Expected shape from model of {} does not match actual shape of {2} for output output[m
[0;93m2026-05-02 20:48:46.559933 [W:onnxruntime:, execution_frame.cc:870 VerifyOutputSizes] Expected shape from model of {} does not match actual shape of {2} for output output[m
[0;93m2026-05-02 20:48:46.598868 [W:onnxruntime:, execution_frame.cc:870 VerifyOutputSizes] Expected shape from model of {} does not match actual shape of {2} for output output[m
[0;93m2026-05-02 20:48:46.636591 [W:onnxruntime:, execution_frame.cc:870 VerifyOutputSizes] Expected shape from model of {} does not match actual shape of {2} for output output[m
[0;93m2026-05-02 20:48:46.676809 [W:onnxruntime:, execution_frame.cc:870 VerifyOutputSizes] Expected shape from model of {} does not match actual shape of {2} for output output[m
[0;93m2026-05-02 20:48:46.717545 [W:onnxruntime:, execution_frame.cc:870 VerifyOutputSizes] Expected shape from model of {} does not match actual shape of {2} for output output[m
[0;93m2026-05-02 20:48:46.757395 [W:onnxruntime:, execution_frame.cc:870 VerifyOutputSizes] Expected shape from model of {} does not match actual shape of {2} for output output[m
[0;93m2026-05-02 20:48:46.800907 [W:onnxruntime:, execution_frame.cc:870 VerifyOutputSizes] Expected shape from model of {} does not match actual shape of {2} for output output[m
[0;93m2026-05-02 20:48:46.825716 [W:onnxruntime:, execution_frame.cc:870 VerifyOutputSizes] Expected shape from model of {} does not match actual shape of {2} for output output[m
[0;93m2026-05-02 20:48:46.864795 [W:onnxruntime:, execution_frame.cc:870 VerifyOutputSizes] Expected shape from model of {} does not match actual shape of {2} for output output[m
[0;93m2026-05-02 20:48:46.889905 [W:onnxruntime:, execution_frame.cc:870 VerifyOutputSizes] Expected shape from model of {} does not match actual shape of {2} for output output[m
[0;93m2026-05-02 20:48:46.931658 [W:onnxruntime:, execution_frame.cc:870 VerifyOutputSizes] Expected shape from model of {} does not match actual shape of {2} for output output[m
[0;93m2026-05-02 20:48:46.955143 [W:onnxruntime:, execution_frame.cc:870 VerifyOutputSizes] Expected shape from model of {} does not match actual shape of {2} for output output[m
[0;93m2026-05-02 20:48:46.993009 [W:onnxruntime:, execution_frame.cc:870 VerifyOutputSizes] Expected shape from model of {} does not match actual shape of {2} for output output[m
[0;93m2026-05-02 20:48:47.019279 [W:onnxruntime:, execution_frame.cc:870 VerifyOutputSizes] Expected shape from model of {} does not match actual shape of {2} for output output[m
  700/800
[0;93m2026-05-02 20:48:47.058525 [W:onnxruntime:, execution_frame.cc:870 VerifyOutputSizes] Expected shape from model of {} does not match actual shape of {2} for output output[m
[0;93m2026-05-02 20:48:47.100338 [W:onnxruntime:, execution_frame.cc:870 VerifyOutputSizes] Expected shape from model of {} does not match actual shape of {2} for output output[m
[0;93m2026-05-02 20:48:47.138747 [W:onnxruntime:, execution_frame.cc:870 VerifyOutputSizes] Expected shape from model of {} does not match actual shape of {2} for output output[m
[0;93m2026-05-02 20:48:47.178537 [W:onnxruntime:, execution_frame.cc:870 VerifyOutputSizes] Expected shape from model of {} does not match actual shape of {2} for output output[m
[0;93m2026-05-02 20:48:47.219279 [W:onnxruntime:, execution_frame.cc:870 VerifyOutputSizes] Expected shape from model of {} does not match actual shape of {2} for output output[m
[0;93m2026-05-02 20:48:47.261904 [W:onnxruntime:, execution_frame.cc:870 VerifyOutputSizes] Expected shape from model of {} does not match actual shape of {2} for output output[m
[0;93m2026-05-02 20:48:47.303068 [W:onnxruntime:, execution_frame.cc:870 VerifyOutputSizes] Expected shape from model of {} does not match actual shape of {2} for output output[m
[0;93m2026-05-02 20:48:47.345306 [W:onnxruntime:, execution_frame.cc:870 VerifyOutputSizes] Expected shape from model of {} does not match actual shape of {2} for output output[m
[0;93m2026-05-02 20:48:47.387587 [W:onnxruntime:, execution_frame.cc:870 VerifyOutputSizes] Expected shape from model of {} does not match actual shape of {2} for output output[m
[0;93m2026-05-02 20:48:47.428809 [W:onnxruntime:, execution_frame.cc:870 VerifyOutputSizes] Expected shape from model of {} does not match actual shape of {2} for output output[m
[0;93m2026-05-02 20:48:47.454116 [W:onnxruntime:, execution_frame.cc:870 VerifyOutputSizes] Expected shape from model of {} does not match actual shape of {2} for output output[m
[0;93m2026-05-02 20:48:47.497588 [W:onnxruntime:, execution_frame.cc:870 VerifyOutputSizes] Expected shape from model of {} does not match actual shape of {2} for output output[m
[0;93m2026-05-02 20:48:47.539345 [W:onnxruntime:, execution_frame.cc:870 VerifyOutputSizes] Expected shape from model of {} does not match actual shape of {2} for output output[m
[0;93m2026-05-02 20:48:47.577713 [W:onnxruntime:, execution_frame.cc:870 VerifyOutputSizes] Expected shape from model of {} does not match actual shape of {2} for output output[m
[0;93m2026-05-02 20:48:47.616395 [W:onnxruntime:, execution_frame.cc:870 VerifyOutputSizes] Expected shape from model of {} does not match actual shape of {2} for output output[m
[0;93m2026-05-02 20:48:47.640860 [W:onnxruntime:, execution_frame.cc:870 VerifyOutputSizes] Expected shape from model of {} does not match actual shape of {2} for output output[m
[0;93m2026-05-02 20:48:47.681631 [W:onnxruntime:, execution_frame.cc:870 VerifyOutputSizes] Expected shape from model of {} does not match actual shape of {2} for output output[m
[0;93m2026-05-02 20:48:47.718984 [W:onnxruntime:, execution_frame.cc:870 VerifyOutputSizes] Expected shape from model of {} does not match actual shape of {2} for output output[m
[0;93m2026-05-02 20:48:47.743806 [W:onnxruntime:, execution_frame.cc:870 VerifyOutputSizes] Expected shape from model of {} does not match actual shape of {2} for output output[m
[0;93m2026-05-02 20:48:47.784100 [W:onnxruntime:, execution_frame.cc:870 VerifyOutputSizes] Expected shape from model of {} does not match actual shape of {2} for output output[m
[0;93m2026-05-02 20:48:47.823453 [W:onnxruntime:, execution_frame.cc:870 VerifyOutputSizes] Expected shape from model of {} does not match actual shape of {2} for output output[m
[0;93m2026-05-02 20:48:47.865792 [W:onnxruntime:, execution_frame.cc:870 VerifyOutputSizes] Expected shape from model of {} does not match actual shape of {2} for output output[m
[0;93m2026-05-02 20:48:47.900370 [W:onnxruntime:, execution_frame.cc:870 VerifyOutputSizes] Expected shape from model of {} does not match actual shape of {2} for output output[m
[0;93m2026-05-02 20:48:47.939702 [W:onnxruntime:, execution_frame.cc:870 VerifyOutputSizes] Expected shape from model of {} does not match actual shape of {2} for output output[m
[0;93m2026-05-02 20:48:47.965461 [W:onnxruntime:, execution_frame.cc:870 VerifyOutputSizes] Expected shape from model of {} does not match actual shape of {2} for output output[m
[0;93m2026-05-02 20:48:48.009132 [W:onnxruntime:, execution_frame.cc:870 VerifyOutputSizes] Expected shape from model of {} does not match actual shape of {2} for output output[m
[0;93m2026-05-02 20:48:48.033499 [W:onnxruntime:, execution_frame.cc:870 VerifyOutputSizes] Expected shape from model of {} does not match actual shape of {2} for output output[m
[0;93m2026-05-02 20:48:48.075174 [W:onnxruntime:, execution_frame.cc:870 VerifyOutputSizes] Expected shape from model of {} does not match actual shape of {2} for output output[m
[0;93m2026-05-02 20:48:48.116411 [W:onnxruntime:, execution_frame.cc:870 VerifyOutputSizes] Expected shape from model of {} does not match actual shape of {2} for output output[m
[0;93m2026-05-02 20:48:48.158078 [W:onnxruntime:, execution_frame.cc:870 VerifyOutputSizes] Expected shape from model of {} does not match actual shape of {2} for output output[m
[0;93m2026-05-02 20:48:48.182701 [W:onnxruntime:, execution_frame.cc:870 VerifyOutputSizes] Expected shape from model of {} does not match actual shape of {2} for output output[m
[0;93m2026-05-02 20:48:48.224461 [W:onnxruntime:, execution_frame.cc:870 VerifyOutputSizes] Expected shape from model of {} does not match actual shape of {2} for output output[m
[0;93m2026-05-02 20:48:48.264743 [W:onnxruntime:, execution_frame.cc:870 VerifyOutputSizes] Expected shape from model of {} does not match actual shape of {2} for output output[m
[0;93m2026-05-02 20:48:48.301716 [W:onnxruntime:, execution_frame.cc:870 VerifyOutputSizes] Expected shape from model of {} does not match actual shape of {2} for output output[m
[0;93m2026-05-02 20:48:48.344528 [W:onnxruntime:, execution_frame.cc:870 VerifyOutputSizes] Expected shape from model of {} does not match actual shape of {2} for output output[m
[0;93m2026-05-02 20:48:48.386661 [W:onnxruntime:, execution_frame.cc:870 VerifyOutputSizes] Expected shape from model of {} does not match actual shape of {2} for output output[m
[0;93m2026-05-02 20:48:48.431320 [W:onnxruntime:, execution_frame.cc:870 VerifyOutputSizes] Expected shape from model of {} does not match actual shape of {2} for output output[m
[0;93m2026-05-02 20:48:48.476189 [W:onnxruntime:, execution_frame.cc:870 VerifyOutputSizes] Expected shape from model of {} does not match actual shape of {2} for output output[m
[0;93m2026-05-02 20:48:48.501538 [W:onnxruntime:, execution_frame.cc:870 VerifyOutputSizes] Expected shape from model of {} does not match actual shape of {2} for output output[m
[0;93m2026-05-02 20:48:48.543511 [W:onnxruntime:, execution_frame.cc:870 VerifyOutputSizes] Expected shape from model of {} does not match actual shape of {2} for output output[m
[0;93m2026-05-02 20:48:48.584999 [W:onnxruntime:, execution_frame.cc:870 VerifyOutputSizes] Expected shape from model of {} does not match actual shape of {2} for output output[m
[0;93m2026-05-02 20:48:48.620638 [W:onnxruntime:, execution_frame.cc:870 VerifyOutputSizes] Expected shape from model of {} does not match actual shape of {2} for output output[m
[0;93m2026-05-02 20:48:48.659570 [W:onnxruntime:, execution_frame.cc:870 VerifyOutputSizes] Expected shape from model of {} does not match actual shape of {2} for output output[m
[0;93m2026-05-02 20:48:48.697439 [W:onnxruntime:, execution_frame.cc:870 VerifyOutputSizes] Expected shape from model of {} does not match actual shape of {2} for output output[m
[0;93m2026-05-02 20:48:48.736810 [W:onnxruntime:, execution_frame.cc:870 VerifyOutputSizes] Expected shape from model of {} does not match actual shape of {2} for output output[m
[0;93m2026-05-02 20:48:48.776034 [W:onnxruntime:, execution_frame.cc:870 VerifyOutputSizes] Expected shape from model of {} does not match actual shape of {2} for output output[m
[0;93m2026-05-02 20:48:48.812414 [W:onnxruntime:, execution_frame.cc:870 VerifyOutputSizes] Expected shape from model of {} does not match actual shape of {2} for output output[m
[0;93m2026-05-02 20:48:48.835502 [W:onnxruntime:, execution_frame.cc:870 VerifyOutputSizes] Expected shape from model of {} does not match actual shape of {2} for output output[m
[0;93m2026-05-02 20:48:48.874336 [W:onnxruntime:, execution_frame.cc:870 VerifyOutputSizes] Expected shape from model of {} does not match actual shape of {2} for output output[m
[0;93m2026-05-02 20:48:48.913586 [W:onnxruntime:, execution_frame.cc:870 VerifyOutputSizes] Expected shape from model of {} does not match actual shape of {2} for output output[m
  750/800
[0;93m2026-05-02 20:48:48.947946 [W:onnxruntime:, execution_frame.cc:870 VerifyOutputSizes] Expected shape from model of {} does not match actual shape of {2} for output output[m
[0;93m2026-05-02 20:48:48.970965 [W:onnxruntime:, execution_frame.cc:870 VerifyOutputSizes] Expected shape from model of {} does not match actual shape of {2} for output output[m
[0;93m2026-05-02 20:48:49.009718 [W:onnxruntime:, execution_frame.cc:870 VerifyOutputSizes] Expected shape from model of {} does not match actual shape of {2} for output output[m
[0;93m2026-05-02 20:48:49.049792 [W:onnxruntime:, execution_frame.cc:870 VerifyOutputSizes] Expected shape from model of {} does not match actual shape of {2} for output output[m
[0;93m2026-05-02 20:48:49.089043 [W:onnxruntime:, execution_frame.cc:870 VerifyOutputSizes] Expected shape from model of {} does not match actual shape of {2} for output output[m
[0;93m2026-05-02 20:48:49.132355 [W:onnxruntime:, execution_frame.cc:870 VerifyOutputSizes] Expected shape from model of {} does not match actual shape of {2} for output output[m
[0;93m2026-05-02 20:48:49.155379 [W:onnxruntime:, execution_frame.cc:870 VerifyOutputSizes] Expected shape from model of {} does not match actual shape of {2} for output output[m
[0;93m2026-05-02 20:48:49.195447 [W:onnxruntime:, execution_frame.cc:870 VerifyOutputSizes] Expected shape from model of {} does not match actual shape of {2} for output output[m
[0;93m2026-05-02 20:48:49.237292 [W:onnxruntime:, execution_frame.cc:870 VerifyOutputSizes] Expected shape from model of {} does not match actual shape of {2} for output output[m
[0;93m2026-05-02 20:48:49.279390 [W:onnxruntime:, execution_frame.cc:870 VerifyOutputSizes] Expected shape from model of {} does not match actual shape of {2} for output output[m
[0;93m2026-05-02 20:48:49.320362 [W:onnxruntime:, execution_frame.cc:870 VerifyOutputSizes] Expected shape from model of {} does not match actual shape of {2} for output output[m
[0;93m2026-05-02 20:48:49.357961 [W:onnxruntime:, execution_frame.cc:870 VerifyOutputSizes] Expected shape from model of {} does not match actual shape of {2} for output output[m
[0;93m2026-05-02 20:48:49.398864 [W:onnxruntime:, execution_frame.cc:870 VerifyOutputSizes] Expected shape from model of {} does not match actual shape of {2} for output output[m
[0;93m2026-05-02 20:48:49.441955 [W:onnxruntime:, execution_frame.cc:870 VerifyOutputSizes] Expected shape from model of {} does not match actual shape of {2} for output output[m
[0;93m2026-05-02 20:48:49.482018 [W:onnxruntime:, execution_frame.cc:870 VerifyOutputSizes] Expected shape from model of {} does not match actual shape of {2} for output output[m
[0;93m2026-05-02 20:48:49.519923 [W:onnxruntime:, execution_frame.cc:870 VerifyOutputSizes] Expected shape from model of {} does not match actual shape of {2} for output output[m
[0;93m2026-05-02 20:48:49.546077 [W:onnxruntime:, execution_frame.cc:870 VerifyOutputSizes] Expected shape from model of {} does not match actual shape of {2} for output output[m
[0;93m2026-05-02 20:48:49.583910 [W:onnxruntime:, execution_frame.cc:870 VerifyOutputSizes] Expected shape from model of {} does not match actual shape of {2} for output output[m
[0;93m2026-05-02 20:48:49.608552 [W:onnxruntime:, execution_frame.cc:870 VerifyOutputSizes] Expected shape from model of {} does not match actual shape of {2} for output output[m
[0;93m2026-05-02 20:48:49.652699 [W:onnxruntime:, execution_frame.cc:870 VerifyOutputSizes] Expected shape from model of {} does not match actual shape of {2} for output output[m
[0;93m2026-05-02 20:48:49.693021 [W:onnxruntime:, execution_frame.cc:870 VerifyOutputSizes] Expected shape from model of {} does not match actual shape of {2} for output output[m
[0;93m2026-05-02 20:48:49.733182 [W:onnxruntime:, execution_frame.cc:870 VerifyOutputSizes] Expected shape from model of {} does not match actual shape of {2} for output output[m
[0;93m2026-05-02 20:48:49.773614 [W:onnxruntime:, execution_frame.cc:870 VerifyOutputSizes] Expected shape from model of {} does not match actual shape of {2} for output output[m
[0;93m2026-05-02 20:48:49.814186 [W:onnxruntime:, execution_frame.cc:870 VerifyOutputSizes] Expected shape from model of {} does not match actual shape of {2} for output output[m
[0;93m2026-05-02 20:48:49.853124 [W:onnxruntime:, execution_frame.cc:870 VerifyOutputSizes] Expected shape from model of {} does not match actual shape of {2} for output output[m
[0;93m2026-05-02 20:48:49.891215 [W:onnxruntime:, execution_frame.cc:870 VerifyOutputSizes] Expected shape from model of {} does not match actual shape of {2} for output output[m
[0;93m2026-05-02 20:48:49.933517 [W:onnxruntime:, execution_frame.cc:870 VerifyOutputSizes] Expected shape from model of {} does not match actual shape of {2} for output output[m
[0;93m2026-05-02 20:48:49.959889 [W:onnxruntime:, execution_frame.cc:870 VerifyOutputSizes] Expected shape from model of {} does not match actual shape of {2} for output output[m
[0;93m2026-05-02 20:48:49.987086 [W:onnxruntime:, execution_frame.cc:870 VerifyOutputSizes] Expected shape from model of {} does not match actual shape of {2} for output output[m
[0;93m2026-05-02 20:48:50.029887 [W:onnxruntime:, execution_frame.cc:870 VerifyOutputSizes] Expected shape from model of {} does not match actual shape of {2} for output output[m
[0;93m2026-05-02 20:48:50.069905 [W:onnxruntime:, execution_frame.cc:870 VerifyOutputSizes] Expected shape from model of {} does not match actual shape of {2} for output output[m
[0;93m2026-05-02 20:48:50.111198 [W:onnxruntime:, execution_frame.cc:870 VerifyOutputSizes] Expected shape from model of {} does not match actual shape of {2} for output output[m
[0;93m2026-05-02 20:48:50.154182 [W:onnxruntime:, execution_frame.cc:870 VerifyOutputSizes] Expected shape from model of {} does not match actual shape of {2} for output output[m
[0;93m2026-05-02 20:48:50.193775 [W:onnxruntime:, execution_frame.cc:870 VerifyOutputSizes] Expected shape from model of {} does not match actual shape of {2} for output output[m
[0;93m2026-05-02 20:48:50.235910 [W:onnxruntime:, execution_frame.cc:870 VerifyOutputSizes] Expected shape from model of {} does not match actual shape of {2} for output output[m
[0;93m2026-05-02 20:48:50.260469 [W:onnxruntime:, execution_frame.cc:870 VerifyOutputSizes] Expected shape from model of {} does not match actual shape of {2} for output output[m
[0;93m2026-05-02 20:48:50.286470 [W:onnxruntime:, execution_frame.cc:870 VerifyOutputSizes] Expected shape from model of {} does not match actual shape of {2} for output output[m
[0;93m2026-05-02 20:48:50.326411 [W:onnxruntime:, execution_frame.cc:870 VerifyOutputSizes] Expected shape from model of {} does not match actual shape of {2} for output output[m
[0;93m2026-05-02 20:48:50.368178 [W:onnxruntime:, execution_frame.cc:870 VerifyOutputSizes] Expected shape from model of {} does not match actual shape of {2} for output output[m
[0;93m2026-05-02 20:48:50.409560 [W:onnxruntime:, execution_frame.cc:870 VerifyOutputSizes] Expected shape from model of {} does not match actual shape of {2} for output output[m
[0;93m2026-05-02 20:48:50.435900 [W:onnxruntime:, execution_frame.cc:870 VerifyOutputSizes] Expected shape from model of {} does not match actual shape of {2} for output output[m
[0;93m2026-05-02 20:48:50.479120 [W:onnxruntime:, execution_frame.cc:870 VerifyOutputSizes] Expected shape from model of {} does not match actual shape of {2} for output output[m
[0;93m2026-05-02 20:48:50.521057 [W:onnxruntime:, execution_frame.cc:870 VerifyOutputSizes] Expected shape from model of {} does not match actual shape of {2} for output output[m
[0;93m2026-05-02 20:48:50.561342 [W:onnxruntime:, execution_frame.cc:870 VerifyOutputSizes] Expected shape from model of {} does not match actual shape of {2} for output output[m
[0;93m2026-05-02 20:48:50.585027 [W:onnxruntime:, execution_frame.cc:870 VerifyOutputSizes] Expected shape from model of {} does not match actual shape of {2} for output output[m
[0;93m2026-05-02 20:48:50.623937 [W:onnxruntime:, execution_frame.cc:870 VerifyOutputSizes] Expected shape from model of {} does not match actual shape of {2} for output output[m
[0;93m2026-05-02 20:48:50.652756 [W:onnxruntime:, execution_frame.cc:870 VerifyOutputSizes] Expected shape from model of {} does not match actual shape of {2} for output output[m
[0;93m2026-05-02 20:48:50.694823 [W:onnxruntime:, execution_frame.cc:870 VerifyOutputSizes] Expected shape from model of {} does not match actual shape of {2} for output output[m
[0;93m2026-05-02 20:48:50.738219 [W:onnxruntime:, execution_frame.cc:870 VerifyOutputSizes] Expected shape from model of {} does not match actual shape of {2} for output output[m
[0;93m2026-05-02 20:48:50.779011 [W:onnxruntime:, execution_frame.cc:870 VerifyOutputSizes] Expected shape from model of {} does not match actual shape of {2} for output output[m
  800/800
Wrote experiments/cng_noise_floor/scores.json + result.md
